Distance_km,Vehicle_Type,Passengers,Nominal_L_per_100km,Duration_min,Fuel_Consumed_L
13.8,Sedan,1,4.71,25.23,0.76
16.39,Bus,22,14.62,33.42,3.57
28.71,Van,9,11.7,57.49,3.94
23.66,SUV,6,7.24,26.61,1.71
33.78,Sedan,4,7.84,60.05,3.39
37.33,Sedan,4,6.41,52.52,3.02
18.44,Sedan,4,6.6,29.09,1.43
21.33,Bus,41,17.16,59.52,6.27
65.83,SUV,2,10.16,118.28,7.3
24.52,Van,7,12.41,49.88,3.41
4.17,Sedan,3,6.9,6.78,0.29
22.09,Bus,38,19.69,52.33,5.97
8.16,Van,10,10.62,22.23,1.05
19.05,Sedan,2,7.15,41.17,1.62
69.49,Sedan,2,6.09,125.21,4.31
15.36,Sedan,2,6.5,32.33,0.79
37.97,Sedan,3,6.17,62.47,3.02
21.92,SUV,6,8.31,44.8,2.04
51.77,SUV,5,7.97,60.7,5.36
31.03,Sedan,4,7.06,48.18,2.49
41.04,SUV,7,10.97,82.38,4.59
27.5,Sedan,2,7.91,28.65,2.24
15.21,Sedan,1,4.99,18.65,0.87
48.14,Sedan,3,8.05,66.04,4.5
25.55,SUV,4,8.52,50.02,2.16
15.92,Van,1,12.08,34.89,1.95
12.94,Sedan,2,5.41,33.96,0.65
26.14,SUV,5,9.21,47.05,2.93
43.17,SUV,5,9.47,70.02,4.1
29.02,Sedan,3,4.72,54.67,1.5
16.79,SUV,5,9.91,30.4,2.04
28.32,Sedan,1,8.12,46.13,2.37
35.65,Sedan,4,6.29,46.64,2.12
5.99,Bus,39,22.08,14.73,1.76
8.23,Bus,9,17.43,14.42,1.62
33.6,Van,2,12.53,53.25,4.04
7.96,Sedan,3,4.0,18.25,0.28
19.02,Sedan,4,9.4,37.12,2.05
23.41,Van,6,13.69,35.29,3.0
10.33,SUV,1,8.57,24.0,0.96
19.55,Sedan,1,4.13,33.38,1.0
23.64,SUV,2,9.43,49.7,2.3
44.36,Sedan,4,4.77,85.69,2.65
41.56,Bus,6,19.33,105.06,7.54
26.06,Sedan,1,6.99,30.67,1.51
14.17,Van,11,9.31,30.41,1.78
42.1,Sedan,4,7.85,77.17,3.69
42.99,SUV,5,10.21,73.43,5.49
12.74,SUV,5,10.46,20.8,1.68
24.61,Sedan,2,6.51,48.33,1.79
15.94,Bus,17,13.75,40.72,2.76
26.65,Van,10,12.76,41.26,4.49
12.06,Bus,13,17.19,35.15,2.8
35.4,Bus,36,13.83,95.95,6.96
26.76,SUV,3,11.03,54.35,3.3
12.08,Bus,40,24.3,17.88,4.82
33.52,Sedan,4,6.45,49.65,2.67
14.09,Sedan,3,9.09,23.64,1.47
4.92,Sedan,1,6.61,11.0,0.24
10.18,Sedan,4,6.04,24.16,0.63
37.82,Sedan,2,5.74,69.52,2.66
55.44,Sedan,4,8.46,71.87,4.47
56.26,Van,6,9.6,110.18,6.12
14.71,Sedan,4,7.38,24.11,1.27
19.01,Sedan,1,5.83,25.56,1.19
16.16,SUV,6,8.31,24.42,1.56
21.45,Sedan,4,7.74,25.35,1.62
7.72,Van,10,10.32,12.35,1.02
15.0,Sedan,3,6.01,24.5,0.71
24.66,Bus,40,21.4,59.04,8.49
37.94,Van,2,13.88,66.35,5.28
26.06,Sedan,2,7.27,41.68,2.26
18.43,Sedan,1,5.71,34.14,1.15
10.39,Van,11,10.08,15.38,1.41
39.33,Van,10,11.14,56.0,5.82
6.88,Van,9,11.58,11.02,0.9
8.12,Van,6,9.22,14.1,0.84
31.36,Sedan,3,7.37,51.83,2.51
34.1,Sedan,3,6.6,35.72,2.6
2.43,Sedan,3,4.44,7.21,0.2
18.54,Bus,7,15.21,48.67,2.82
4.19,SUV,5,8.24,5.62,0.42
19.31,Sedan,3,6.41,29.92,1.0
16.65,Sedan,2,8.77,25.14,1.55
48.48,Sedan,2,6.79,90.58,4.07
28.54,Sedan,2,5.49,37.59,1.48
29.13,Van,2,11.4,54.92,3.66
43.74,SUV,7,8.47,58.96,4.66
44.73,Bus,21,18.97,101.6,12.58
23.73,SUV,7,9.87,31.81,2.64
13.8,Sedan,2,7.95,27.88,1.04
36.67,Van,13,10.96,55.25,5.46
35.56,Van,13,13.95,48.97,6.62
31.17,SUV,5,10.36,36.61,3.46
23.66,Van,13,9.73,43.85,2.61
19.19,SUV,4,12.31,27.15,2.14
44.81,SUV,7,9.49,75.49,4.41
16.62,SUV,5,7.75,22.48,1.55
13.34,Sedan,4,8.48,22.2,1.06
18.37,Sedan,4,8.99,38.99,1.71
11.86,Sedan,4,6.46,23.28,0.86
35.66,SUV,3,8.24,70.19,3.15
23.68,Sedan,1,6.29,45.58,1.46
4.45,SUV,3,10.07,12.67,0.51
28.61,Bus,39,21.83,75.57,8.91
18.8,Sedan,4,7.18,29.49,1.66
21.87,SUV,2,9.15,46.4,2.52
25.59,Van,8,13.7,48.74,4.37
15.26,Sedan,3,6.12,27.21,0.85
13.24,Sedan,1,7.74,27.39,1.13
31.24,Sedan,1,6.15,48.43,2.0
8.92,Sedan,3,7.02,16.75,0.63
10.87,Bus,43,17.66,28.5,2.76
12.65,Van,12,10.9,21.8,1.37
38.98,SUV,3,8.43,57.95,3.25
45.9,Bus,12,22.03,125.48,11.65
12.56,Van,10,9.68,23.29,1.19
11.03,Sedan,2,5.61,22.83,0.66
23.5,Bus,12,24.36,52.76,6.28
18.78,SUV,6,10.47,32.65,2.4
36.06,Van,2,6.71,58.07,2.36
29.7,Bus,16,16.3,59.83,6.79
58.2,Sedan,2,4.33,87.34,2.64
11.41,Sedan,3,5.36,26.09,0.64
35.73,Sedan,2,4.0,56.12,1.41
16.65,SUV,2,8.79,28.67,1.84
10.53,Van,3,8.94,22.38,0.87
16.45,Bus,9,18.18,38.6,3.83
17.67,Sedan,4,4.55,36.32,0.9
43.39,SUV,1,9.12,56.26,4.73
6.5,SUV,1,8.38,13.98,0.43
12.84,Sedan,2,8.3,24.65,1.18
22.78,Sedan,3,8.19,43.78,1.98
10.02,Sedan,1,7.44,29.62,0.64
54.79,Bus,5,17.02,103.66,10.31
59.96,Sedan,2,8.88,119.44,5.94
21.6,SUV,1,6.67,36.56,1.7
31.3,Van,3,8.47,40.34,2.52
49.5,Sedan,3,6.4,76.07,3.21
19.65,Bus,13,24.76,38.64,6.5
30.15,Bus,9,17.39,71.65,5.57
9.1,Sedan,1,6.28,19.02,0.71
4.6,SUV,3,6.84,11.86,0.28
38.35,Sedan,3,7.64,62.38,2.72
20.48,Sedan,2,7.64,33.13,1.41
58.9,Sedan,2,7.45,111.81,5.06
14.32,SUV,4,8.06,29.18,1.44
8.52,SUV,1,7.94,25.96,0.7
36.05,Sedan,4,4.95,69.68,1.93
56.06,Sedan,3,6.6,71.23,4.56
9.17,Bus,20,14.76,27.35,1.93
11.31,Sedan,1,5.09,17.5,0.67
48.34,Sedan,2,5.99,85.1,3.14
69.98,SUV,1,8.27,132.52,7.01
30.31,Bus,28,16.39,84.0,7.26
13.43,Sedan,4,7.06,21.72,1.13
45.76,Van,3,11.14,61.29,4.9
17.9,Van,2,10.48,35.84,2.16
13.74,Sedan,1,6.72,16.55,0.88
15.21,Van,9,9.22,32.4,1.73
33.19,Sedan,3,6.63,64.42,2.27
22.39,SUV,2,9.23,40.01,2.2
29.23,SUV,3,6.75,51.41,1.89
36.68,SUV,7,10.49,54.39,4.81
18.56,Sedan,2,5.44,30.77,1.13
39.6,Van,3,11.16,67.54,4.64
21.85,Sedan,1,7.9,34.79,1.57
15.37,Sedan,4,7.61,25.9,1.11
7.08,Sedan,1,6.54,14.41,0.58
18.02,SUV,4,8.46,44.17,1.81
51.4,Van,8,12.71,121.43,7.61
35.52,Sedan,1,7.31,47.77,3.13
29.11,SUV,3,8.07,59.3,2.76
9.8,Sedan,2,5.55,16.7,0.52
15.02,SUV,4,5.89,22.46,0.85
32.51,Sedan,2,6.68,48.22,2.21
37.65,Van,6,10.85,74.61,4.1
36.03,Sedan,4,7.86,47.15,3.09
25.61,Bus,42,19.08,60.78,8.34
12.39,Sedan,3,8.1,28.12,1.31
37.7,Sedan,2,5.66,43.99,1.93
14.94,Sedan,1,7.87,21.64,1.25
38.02,Bus,29,16.41,80.45,8.84
18.05,Bus,34,20.33,49.93,5.27
57.11,Sedan,2,4.75,89.47,2.74
16.77,Van,1,11.42,32.54,2.05
16.55,Van,13,7.43,26.31,1.51
20.62,SUV,7,8.6,23.96,2.1
12.52,SUV,6,9.66,22.39,1.25
10.92,Sedan,2,5.87,21.38,0.66
12.21,Sedan,2,5.24,25.77,0.67
47.27,Bus,17,20.54,67.64,13.83
11.45,Bus,32,17.69,25.78,3.24
16.65,SUV,4,8.27,21.71,1.44
73.8,Sedan,3,6.55,105.67,5.13
38.74,Sedan,3,9.66,52.12,4.59
38.32,Van,9,13.08,55.29,5.88
67.2,Bus,20,21.49,116.74,20.07
20.23,Bus,21,19.31,54.86,5.64
4.89,Van,7,11.3,14.35,0.72
36.15,SUV,5,5.41,69.69,2.0
18.79,Sedan,1,5.69,36.24,1.41
74.19,Sedan,2,5.92,98.11,5.3
4.34,Bus,35,12.38,18.34,0.64
10.93,SUV,2,7.26,14.75,1.0
14.54,Sedan,3,4.12,32.49,0.42
20.5,Sedan,2,6.45,32.94,1.34
7.91,Van,11,12.47,17.73,1.31
27.36,Sedan,3,7.83,43.45,2.51
13.98,Sedan,4,7.0,19.75,1.01
40.33,SUV,3,7.55,79.43,3.46
49.26,Van,9,7.52,95.18,4.73
17.34,Van,4,7.84,40.29,1.47
30.27,Sedan,2,4.98,48.62,1.84
21.73,Van,13,9.4,49.02,2.56
20.66,Sedan,1,6.31,44.33,1.1
7.42,Sedan,3,5.28,26.63,0.4
19.91,Van,3,11.61,37.94,2.43
37.85,SUV,1,8.65,71.83,3.94
27.82,Van,9,11.02,55.35,3.11
11.14,Van,13,13.05,32.54,1.61
7.47,SUV,3,7.23,26.89,0.51
19.43,Sedan,3,7.0,35.74,1.51
12.72,Sedan,3,6.48,20.87,0.9
13.81,Sedan,2,6.1,24.48,1.01
12.88,Sedan,1,7.56,17.43,0.9
21.93,Bus,34,20.64,40.41,5.71
31.62,Sedan,1,5.36,49.16,1.7
12.37,Bus,29,17.45,33.77,2.76
11.98,SUV,1,9.42,21.97,1.22
8.51,Van,8,10.51,8.48,1.13
24.35,SUV,6,9.88,35.33,3.07
37.28,SUV,6,9.42,50.85,3.99
20.11,SUV,1,11.75,31.83,2.49
31.72,Sedan,3,4.66,56.26,1.72
43.73,Van,13,10.78,88.94,5.38
25.4,Sedan,1,5.41,23.05,1.35
11.35,Sedan,4,7.22,23.41,1.02
10.43,SUV,4,6.57,20.14,0.9
11.86,Sedan,3,6.92,20.23,0.99
61.32,Bus,36,16.11,144.42,15.65
71.94,Bus,21,15.8,178.2,16.4
16.87,Bus,28,13.66,38.42,2.77
42.4,Sedan,4,5.94,64.51,2.98
47.13,Sedan,2,7.8,59.95,4.6
7.56,Bus,13,17.92,21.58,1.76
59.22,SUV,7,9.94,79.71,7.08
18.31,Bus,28,22.99,41.26,6.77
17.69,Bus,15,18.79,42.71,3.84
8.78,Bus,35,16.32,19.93,2.24
61.57,Sedan,4,7.06,96.82,4.54
22.76,Sedan,2,5.85,43.43,1.38
57.87,Bus,17,16.49,101.71,12.72
45.35,Sedan,2,4.68,45.21,1.93
17.08,Sedan,3,7.61,25.05,1.57
23.25,SUV,1,8.42,29.58,1.87
13.62,Bus,16,18.55,34.2,2.77
14.83,Van,5,9.14,38.42,1.37
28.84,SUV,2,9.65,41.01,3.44
34.85,Sedan,2,5.59,41.58,1.95
4.74,SUV,4,8.79,10.86,0.43
4.87,Bus,41,20.63,16.53,1.79
15.12,Sedan,1,7.45,32.92,1.06
26.17,SUV,5,8.97,49.55,2.41
47.61,Bus,27,12.7,100.34,7.31
22.53,Van,1,16.39,41.41,3.93
18.24,Van,13,14.14,28.14,2.8
31.37,Van,10,12.3,50.58,4.42
11.21,Sedan,3,5.6,33.71,0.62
22.91,Sedan,2,6.36,39.52,1.67
19.81,Van,12,10.02,26.23,2.51
24.09,Van,1,13.27,52.43,3.69
43.98,Bus,12,18.79,123.01,8.67
5.58,Bus,27,15.65,23.52,1.33
20.57,SUV,4,8.29,27.96,1.75
34.77,SUV,7,10.68,47.9,4.26
30.04,Van,7,13.88,42.82,4.72
6.05,SUV,3,11.29,16.8,0.7
4.85,Van,7,12.36,10.25,0.66
33.2,Van,8,10.55,73.6,3.6
5.81,Bus,18,8.28,23.23,0.49
23.19,Sedan,2,6.86,29.37,1.7
42.21,Sedan,4,6.5,76.19,2.99
7.14,Sedan,4,6.67,18.95,0.45
58.06,SUV,1,9.08,74.27,6.05
32.51,Sedan,4,4.91,52.03,1.54
96.4,SUV,7,9.84,166.71,11.83
15.49,SUV,3,9.95,31.41,1.55
48.95,Sedan,4,7.32,84.01,3.48
16.71,SUV,6,10.42,33.18,1.87
22.25,Sedan,1,7.22,42.99,1.59
13.41,Sedan,4,6.01,25.63,0.75
21.56,Van,13,10.87,52.26,2.46
38.73,Sedan,2,6.61,76.69,2.33
59.29,Sedan,4,6.63,90.15,4.62
11.5,SUV,6,10.5,28.54,1.69
24.54,Van,6,12.16,46.87,3.0
14.67,Sedan,3,8.99,36.62,1.31
25.39,SUV,5,12.31,35.01,2.95
42.31,Sedan,4,6.6,70.44,3.56
15.57,Sedan,3,4.0,30.53,0.77
29.18,SUV,2,10.86,60.03,3.9
10.97,SUV,3,8.19,27.94,1.11
44.48,SUV,7,7.8,90.07,4.35
35.57,Van,6,10.28,50.07,4.72
12.44,Bus,7,16.66,25.36,2.49
12.22,SUV,1,9.92,13.89,1.42
50.67,Sedan,3,4.63,57.47,2.68
69.58,Van,2,9.06,113.01,5.73
12.85,Sedan,4,6.91,15.32,0.97
38.9,SUV,2,9.93,72.74,4.77
17.19,Sedan,2,7.27,29.72,1.6
50.73,Sedan,4,5.56,78.38,3.5
17.81,Bus,43,15.07,36.71,4.83
33.8,Van,9,10.09,54.89,4.11
24.04,Van,6,11.43,33.94,2.83
3.55,SUV,6,11.23,9.5,0.45
11.59,Sedan,1,4.04,18.3,0.58
33.41,Sedan,2,6.24,44.19,2.04
30.9,Sedan,4,4.9,52.97,1.88
26.16,SUV,3,6.52,42.52,1.82
60.56,Van,12,12.74,101.45,10.12
37.25,Van,10,11.98,49.72,4.92
34.4,Sedan,4,7.04,66.04,3.18
3.5,Bus,14,20.76,14.19,0.81
38.42,Van,11,10.14,62.72,4.86
6.35,SUV,4,8.35,10.99,0.61
21.58,SUV,4,12.28,42.99,3.03
6.41,SUV,5,8.63,12.1,0.6
29.65,Sedan,1,7.38,40.91,2.2
43.4,Sedan,2,6.51,73.45,3.51
20.42,Van,3,7.67,39.98,1.82
20.88,Sedan,3,4.05,27.88,0.9
10.78,Sedan,1,5.81,12.27,0.79
42.95,Sedan,1,7.77,80.87,3.71
6.95,Sedan,1,7.45,5.6,0.41
24.04,Bus,35,20.74,49.12,7.8
20.23,Van,3,9.22,31.47,1.81
27.78,SUV,7,11.42,59.59,3.45
36.08,Sedan,2,5.34,47.07,2.12
19.43,SUV,2,9.32,27.93,1.66
38.59,SUV,4,8.98,59.36,4.18
21.14,Sedan,4,6.29,32.53,1.34
27.16,SUV,1,11.01,62.17,3.24
9.38,Sedan,4,5.65,10.91,0.65
16.16,SUV,5,6.98,26.11,1.33
5.78,SUV,4,9.03,16.46,0.58
22.61,Sedan,2,6.02,38.93,1.35
34.82,Sedan,2,10.55,58.49,3.42
18.79,SUV,2,10.01,38.34,2.12
20.31,SUV,6,8.39,37.28,1.66
28.1,Bus,16,14.83,59.68,5.02
30.09,Van,12,7.62,58.24,2.75
5.56,Sedan,1,5.27,8.83,0.25
14.09,Sedan,2,6.64,28.01,1.07
6.37,SUV,2,11.14,12.46,0.64
16.46,Sedan,4,7.85,32.96,1.33
53.95,SUV,3,9.34,81.27,5.66
35.12,Bus,29,17.03,88.87,7.19
21.54,SUV,1,9.4,32.8,1.89
63.14,Sedan,3,5.88,72.62,4.17
26.4,SUV,1,11.58,38.33,3.34
83.94,SUV,1,8.72,101.43,7.18
23.71,SUV,6,8.87,27.7,2.59
14.04,Bus,34,11.35,31.65,2.24
8.8,Sedan,4,6.27,18.9,0.66
32.8,Bus,33,20.51,74.14,9.45
16.34,Bus,11,14.8,40.11,3.39
23.68,Sedan,4,5.6,47.67,1.57
29.55,Sedan,4,7.45,38.72,2.14
11.53,Sedan,3,4.73,22.67,0.42
26.11,Sedan,1,7.77,49.74,2.28
19.01,Sedan,1,5.86,23.54,1.06
6.71,Van,4,10.3,12.51,0.68
30.58,Sedan,1,5.15,47.25,1.32
33.15,Sedan,1,6.95,53.17,2.39
47.84,Van,4,15.43,105.95,7.9
9.03,Sedan,4,7.44,18.36,0.77
70.51,Van,14,9.44,147.47,8.37
12.45,Sedan,2,7.86,18.14,1.25
3.95,Sedan,1,6.12,14.56,0.28
22.17,Van,3,13.47,36.72,3.44
27.79,SUV,2,10.21,53.47,3.4
19.55,Bus,41,9.17,41.75,2.5
8.93,Van,6,9.19,19.41,1.01
15.46,Van,14,12.7,30.61,2.6
26.74,Sedan,1,6.68,53.62,2.07
76.81,Sedan,4,5.27,144.75,4.14
9.29,Van,4,9.86,19.36,1.15
13.95,Van,4,7.57,23.25,1.11
7.46,Bus,5,17.73,20.36,1.52
16.43,SUV,6,12.32,36.45,2.48
20.5,Sedan,3,7.47,46.02,1.64
40.2,Van,4,14.94,82.07,7.43
27.08,Sedan,2,7.56,54.31,2.44
52.42,Bus,5,21.08,129.73,12.13
21.13,Bus,9,23.92,61.4,6.8
2.0,SUV,2,9.57,5.0,0.33
27.9,Van,9,10.66,62.38,3.32
5.16,Van,1,12.86,13.86,0.66
39.42,Sedan,2,8.24,46.01,3.02
21.15,Bus,43,16.56,53.2,5.51
13.5,SUV,2,7.92,30.28,1.1
8.37,Van,10,11.25,21.58,1.03
14.98,Sedan,4,7.5,13.63,0.94
20.48,Bus,29,20.39,58.94,6.69
64.53,Sedan,4,4.79,116.37,3.33
19.31,Sedan,3,8.79,42.02,1.8
25.07,Bus,39,16.08,52.31,5.69
20.08,Sedan,4,6.18,27.57,1.67
25.11,Sedan,1,5.42,46.7,1.56
24.12,Bus,31,26.09,69.06,9.99
21.4,Bus,26,18.73,36.14,5.19
13.16,SUV,3,7.72,25.97,0.87
33.57,SUV,2,10.3,38.46,3.9
9.29,SUV,1,10.15,18.47,1.22
29.74,Sedan,4,6.27,44.14,2.28
33.98,Sedan,3,7.51,64.92,2.91
4.21,Van,7,9.51,9.09,0.47
8.59,Van,6,10.11,20.48,0.84
4.77,Van,14,7.38,6.79,0.29
46.55,Van,12,8.62,78.91,4.21
14.57,Sedan,4,8.67,15.86,1.39
45.01,SUV,1,11.46,89.62,5.53
16.91,Sedan,2,6.58,30.73,1.19
9.91,SUV,6,11.49,21.99,1.35
12.67,SUV,1,8.76,16.53,1.07
23.82,Bus,42,17.27,58.09,6.18
33.75,Sedan,2,6.57,52.13,2.5
21.89,Sedan,2,6.35,33.86,1.68
38.56,Sedan,2,6.24,59.24,2.64
19.01,Van,9,13.06,34.1,2.8
20.53,SUV,5,9.23,39.33,1.84
12.06,Sedan,2,7.35,18.51,0.89
11.1,Sedan,3,7.74,20.1,0.7
35.21,Van,9,11.7,71.38,4.24
9.31,Sedan,3,5.34,20.37,0.5
16.88,Van,10,8.56,23.02,1.62
36.3,Van,14,11.27,50.74,4.4
5.65,Sedan,1,6.29,16.26,0.32
47.3,Sedan,3,6.6,68.73,3.34
10.03,Bus,13,17.95,19.08,2.02
47.42,Sedan,1,9.6,79.18,4.58
9.3,Sedan,2,4.9,24.16,0.43
35.16,Van,7,7.42,72.85,3.03
14.27,Bus,44,19.0,25.34,3.87
66.07,Bus,18,16.87,125.87,14.03
18.15,Van,10,11.57,37.63,2.69
8.34,Sedan,2,7.2,17.32,0.57
29.75,Sedan,1,8.04,52.23,2.18
15.45,Van,10,8.29,43.52,1.48
31.72,SUV,2,8.16,52.9,2.82
46.97,SUV,6,9.64,58.39,4.65
35.77,Bus,26,20.31,95.24,9.18
5.35,Sedan,4,9.13,9.07,0.71
9.15,SUV,6,10.43,20.64,1.12
25.53,Sedan,4,6.43,50.54,1.9
27.31,SUV,6,7.66,40.94,2.39
2.0,Sedan,3,5.82,12.03,0.2
7.66,Sedan,1,5.79,14.1,0.46
9.88,Sedan,2,7.29,22.64,0.93
49.16,SUV,4,9.39,70.4,4.44
13.09,Van,13,8.62,28.15,1.35
33.6,SUV,7,8.35,63.23,3.12
42.86,Bus,15,20.63,77.97,12.27
12.73,Sedan,1,6.92,16.82,0.9
20.03,Sedan,3,7.18,25.46,1.67
33.66,Bus,26,19.15,57.45,9.82
5.3,Sedan,3,8.45,10.12,0.47
17.45,Bus,38,18.71,37.88,4.82
45.62,Sedan,4,6.04,57.95,3.41
26.86,Bus,37,15.25,56.04,6.74
27.06,Sedan,1,6.8,51.56,1.93
38.68,Bus,28,10.68,91.38,6.77
14.1,SUV,4,8.72,32.46,1.14
9.6,Bus,8,17.38,20.5,1.97
25.88,Sedan,1,4.86,23.64,1.39
14.9,SUV,5,7.61,34.93,1.38
14.2,Bus,37,20.43,31.98,3.88
9.35,SUV,7,9.35,13.12,0.96
29.58,SUV,2,9.15,62.69,3.18
18.53,Van,6,11.55,35.74,2.13
9.52,SUV,2,9.14,24.11,0.77
40.17,SUV,6,10.86,80.9,4.03
16.68,SUV,5,9.19,34.24,1.6
30.04,Bus,27,13.63,81.19,6.31
56.51,Sedan,1,8.46,66.72,5.9
39.75,Sedan,1,6.94,68.76,3.42
52.77,Bus,17,16.23,108.65,10.33
39.26,Bus,13,14.24,89.33,7.23
17.51,SUV,6,9.59,31.49,2.14
11.53,SUV,1,8.82,15.05,1.3
16.88,Sedan,3,8.39,17.22,1.36
17.76,Sedan,2,6.08,28.4,1.18
46.77,SUV,7,7.74,72.89,4.76
15.17,Sedan,4,7.57,25.53,1.4
7.73,SUV,7,10.39,16.4,1.08
24.94,Sedan,1,6.7,41.29,1.79
22.17,Bus,20,20.03,48.85,5.5
11.97,Bus,34,17.89,30.0,3.34
16.15,Van,13,11.42,35.66,2.28
53.77,SUV,4,10.75,69.47,6.03
29.5,Sedan,2,7.25,44.99,2.07
17.07,Van,12,10.7,30.87,1.89
11.91,Van,6,13.43,30.99,1.93
71.26,Sedan,2,4.0,97.47,3.12
60.61,Bus,37,24.16,120.37,23.0
37.65,Van,6,7.93,75.93,2.87
18.34,Bus,22,16.12,30.69,4.5
11.49,Van,3,10.93,26.14,1.49
11.82,SUV,6,8.78,20.18,1.06
18.19,SUV,6,10.51,36.0,2.06
15.13,Bus,40,14.83,40.86,3.71
21.17,Bus,26,18.78,59.36,5.16
20.48,Sedan,3,5.81,30.57,1.11
10.18,Sedan,2,6.85,15.24,0.79
10.45,Sedan,2,6.42,26.92,0.65
17.18,Van,6,11.17,39.8,2.32
20.11,Bus,42,16.35,51.03,5.25
51.02,Sedan,4,5.89,85.38,2.97
25.88,SUV,7,9.43,30.9,2.67
25.26,Sedan,4,7.63,45.74,2.38
26.55,Bus,24,16.21,54.71,5.57
43.67,Van,5,9.44,72.59,4.95
146.92,Van,8,12.1,258.21,22.87
14.3,SUV,6,8.95,26.26,1.19
67.94,SUV,4,10.25,113.69,8.1
6.85,Sedan,1,5.41,10.42,0.42
17.31,Sedan,3,4.36,37.18,0.71
9.36,Bus,29,16.4,29.29,2.13
32.97,Van,2,9.62,63.83,3.01
39.06,Bus,25,17.76,110.58,8.84
7.74,Bus,41,16.09,31.52,2.07
42.13,SUV,7,10.11,77.02,5.04
26.97,Van,11,10.48,43.56,2.87
36.19,Bus,35,18.45,95.92,11.68
46.03,Van,6,11.28,90.82,6.8
33.58,Sedan,2,6.73,60.49,2.3
6.57,SUV,7,8.96,17.22,0.81
16.11,Sedan,4,7.11,34.81,1.2
7.35,Bus,24,15.61,23.32,1.61
3.82,SUV,4,11.1,5.0,0.54
8.88,Sedan,1,6.22,19.61,0.52
17.03,Van,4,8.64,25.22,1.65
64.81,SUV,2,9.28,127.47,6.37
20.95,Sedan,1,5.48,39.12,1.39
27.11,Sedan,1,7.3,35.05,1.99
14.64,Van,4,14.98,24.98,2.48
18.48,SUV,2,7.82,30.57,1.81
22.38,Van,11,11.6,29.37,3.24
17.78,SUV,2,6.37,33.17,1.22
30.87,Bus,41,19.36,67.47,9.16
13.51,SUV,2,7.67,26.29,0.98
6.89,SUV,7,8.06,22.37,0.42
5.68,Bus,27,14.7,18.08,1.29
37.18,SUV,7,10.1,78.14,3.84
2.12,Sedan,1,7.71,5.0,0.2
18.26,Sedan,1,6.53,32.57,1.31
9.16,Van,4,9.44,19.67,1.08
31.6,SUV,7,11.38,52.85,4.54
21.39,Van,5,9.65,46.45,2.56
21.75,Sedan,3,4.0,33.38,0.94
23.02,Sedan,2,7.05,31.04,1.48
22.51,Sedan,3,5.17,40.22,1.05
6.88,Sedan,3,7.69,14.37,0.62
15.24,SUV,5,8.43,35.84,1.56
11.14,Sedan,1,7.22,24.48,1.04
12.7,SUV,4,11.1,20.97,1.19
22.72,Bus,34,14.37,60.6,4.82
37.33,Sedan,3,5.82,46.38,2.68
36.52,SUV,4,8.89,61.07,3.34
25.37,Van,7,13.77,42.43,4.61
15.89,Sedan,1,5.71,36.59,0.95
21.73,SUV,7,8.11,41.9,1.66
33.64,Bus,22,19.43,79.49,8.67
12.64,Bus,19,16.27,35.24,2.18
21.12,Sedan,2,6.68,31.7,1.41
14.54,Bus,39,13.35,22.78,2.85
12.5,SUV,5,12.32,25.57,1.71
20.27,Sedan,4,4.88,34.15,1.1
15.95,SUV,5,8.52,35.27,1.65
25.75,Bus,27,17.9,69.52,7.15
16.12,SUV,1,11.87,32.93,2.15
19.03,Sedan,2,4.91,34.01,1.09
6.87,SUV,1,11.98,18.85,0.9
34.61,Sedan,2,7.41,65.76,2.78
35.02,Sedan,3,7.0,45.84,2.31
11.12,Sedan,3,5.32,11.95,0.64
11.89,Sedan,4,7.19,25.55,1.2
23.52,Sedan,1,5.63,41.76,1.48
14.93,Sedan,3,8.02,26.89,1.52
25.21,SUV,4,7.54,44.66,1.96
48.28,Sedan,3,6.36,92.67,2.8
11.54,Sedan,2,5.83,27.43,0.51
36.31,Bus,42,15.04,87.74,9.72
10.09,SUV,7,10.11,26.86,1.23
12.66,Van,1,11.96,17.85,1.42
23.65,Sedan,1,7.95,36.59,1.72
30.65,Sedan,4,4.36,44.86,1.42
47.39,Sedan,1,7.78,52.9,3.46
57.43,Sedan,3,9.51,83.75,5.66
17.19,Sedan,1,5.96,25.71,1.29
20.97,Sedan,1,8.77,35.79,1.83
26.07,Sedan,3,6.18,29.18,1.56
20.36,Sedan,2,4.85,36.17,1.0
17.06,SUV,6,8.54,37.28,1.68
14.25,Sedan,4,7.76,24.66,1.13
30.91,Sedan,3,5.49,37.84,2.2
47.62,SUV,2,8.1,63.43,4.4
6.2,Van,5,12.07,18.63,0.76
18.03,Sedan,4,6.5,29.12,1.29
6.33,Van,7,12.05,17.76,0.89
29.76,SUV,4,9.36,23.84,3.45
12.44,Sedan,2,7.08,20.53,1.07
43.65,Bus,28,16.7,84.33,9.66
18.99,Bus,28,18.7,37.33,5.5
30.01,Sedan,3,5.39,50.83,1.6
11.35,Sedan,3,8.05,22.6,1.18
23.02,Van,7,9.86,36.2,2.41
22.85,Van,11,13.03,46.49,3.22
27.15,Sedan,4,6.22,37.09,1.83
13.55,Sedan,4,6.74,24.28,0.89
41.34,Sedan,2,5.91,54.77,2.24
26.14,SUV,3,7.48,53.76,2.25
46.22,SUV,1,6.38,71.7,2.76
6.99,Sedan,4,5.23,14.6,0.35
23.15,SUV,2,8.51,30.28,2.0
18.51,Van,7,11.38,30.53,2.73
58.2,Sedan,2,7.71,86.07,4.51
31.35,Sedan,3,5.97,43.92,2.22
20.58,Van,3,9.41,42.07,2.11
30.16,Bus,32,13.67,77.33,5.43
15.56,SUV,4,9.72,23.94,1.64
27.84,SUV,6,11.07,48.98,3.53
78.09,Sedan,2,8.02,98.68,7.08
14.14,SUV,6,10.06,32.71,1.43
22.9,SUV,6,9.96,47.89,2.34
12.09,Sedan,1,8.54,10.35,1.03
10.61,Sedan,2,6.9,29.8,0.79
36.54,Sedan,4,7.28,53.26,3.05
8.78,Sedan,1,6.12,5.0,0.59
27.56,Sedan,3,4.87,40.05,1.1
35.16,Sedan,3,5.68,44.78,2.29
16.01,Sedan,2,6.49,27.85,1.26
45.24,Sedan,3,6.57,63.54,3.22
42.82,Bus,41,23.78,112.42,14.33
15.95,SUV,4,9.12,26.8,1.62
7.74,Van,13,13.12,13.41,1.24
28.92,Van,2,10.22,52.21,3.4
20.16,SUV,2,8.53,32.33,1.69
23.8,Sedan,2,4.91,35.87,1.24
28.73,SUV,1,7.89,42.58,2.49
6.65,SUV,6,9.79,17.93,0.74
15.34,Van,12,11.01,31.3,2.06
54.59,SUV,1,10.41,78.81,6.72
24.28,Sedan,1,6.72,38.48,1.9
29.96,Sedan,3,6.08,53.26,1.88
22.95,Sedan,3,9.08,32.84,2.01
29.41,SUV,2,8.86,63.29,2.43
42.28,SUV,2,10.74,83.59,4.54
4.07,Sedan,4,6.02,13.08,0.4
33.74,Bus,32,20.13,96.05,8.76
20.35,SUV,2,10.39,35.57,2.53
37.38,Sedan,4,6.75,47.22,2.62
16.41,Sedan,1,4.0,28.36,0.7
15.96,Sedan,4,6.52,24.18,0.9
8.51,Sedan,2,7.98,5.83,0.61
20.71,Sedan,3,7.13,37.11,1.42
8.08,Sedan,2,7.04,14.31,0.6
19.51,Sedan,1,4.43,32.37,0.98
23.78,Sedan,3,5.64,43.01,1.3
12.8,Bus,20,19.23,31.9,3.66
6.03,Sedan,3,6.99,12.06,0.47
4.81,SUV,2,10.82,12.17,0.69
10.24,SUV,3,8.78,29.54,0.81
4.5,Bus,15,19.22,18.19,0.95
23.36,Sedan,2,6.52,45.7,1.84
79.39,Sedan,2,5.32,131.35,4.59
8.39,Bus,16,11.23,18.0,1.39
90.92,Bus,13,19.29,212.27,18.92
22.79,Van,6,11.31,41.42,2.29
25.95,Sedan,2,5.76,41.55,1.83
6.35,Sedan,1,4.56,12.66,0.44
24.06,Van,10,12.13,48.01,3.9
14.67,Bus,7,17.2,46.02,2.74
52.5,SUV,7,9.84,83.5,5.03
4.82,SUV,3,11.8,13.84,0.6
14.85,Sedan,4,4.0,24.44,0.8
11.62,Van,14,9.74,19.75,1.59
26.65,Sedan,1,6.25,35.55,1.59
2.64,Sedan,2,8.25,5.68,0.36
51.51,SUV,6,6.55,79.28,3.64
25.97,SUV,6,11.9,40.21,3.83
24.82,Sedan,4,6.66,35.4,2.14
8.72,Sedan,1,6.38,21.22,0.56
34.89,SUV,2,8.7,55.63,3.35
32.69,Sedan,2,5.98,37.79,2.08
44.66,SUV,5,10.57,54.25,5.17
17.24,Sedan,1,5.22,26.78,1.01
5.98,SUV,7,9.52,24.95,0.7
13.2,SUV,4,8.42,11.0,1.2
38.25,Sedan,1,5.59,63.74,2.51
14.94,Sedan,3,9.6,33.31,1.14
65.79,Sedan,4,7.0,74.26,5.79
35.42,Sedan,3,7.24,48.62,2.38
60.36,Bus,18,21.41,167.5,15.84
15.53,Sedan,4,4.79,19.75,0.89
28.19,Van,10,14.15,56.17,4.0
10.3,Sedan,2,4.0,19.78,0.56
36.62,Van,6,9.62,52.69,4.38
29.56,Van,6,10.17,41.69,3.72
34.17,SUV,2,9.87,52.53,3.48
16.54,SUV,2,9.33,30.49,1.78
23.42,SUV,3,8.75,39.97,2.44
22.61,Sedan,3,6.49,51.64,1.61
16.6,Bus,40,15.07,42.86,3.99
24.35,Van,4,8.3,45.43,2.16
27.19,Bus,30,20.18,68.47,7.53
30.45,Sedan,3,7.33,41.95,2.0
16.32,Van,3,13.85,33.56,2.36
35.38,Bus,13,15.63,85.54,6.11
33.94,Sedan,2,7.33,57.55,2.52
30.83,Sedan,2,6.16,42.09,1.9
37.12,Van,14,13.14,86.33,5.79
19.08,SUV,3,10.53,36.72,2.53
9.23,Van,2,11.38,22.07,1.09
34.03,Sedan,2,6.09,61.66,2.6
14.38,Van,6,12.73,33.92,2.09
6.25,Sedan,1,7.28,16.55,0.52
14.66,Sedan,1,5.68,26.29,1.04
24.0,Sedan,4,4.91,46.22,1.32
49.05,Van,10,10.48,67.87,6.39
27.34,Van,5,13.73,39.86,3.95
36.99,SUV,4,10.72,54.07,4.45
33.56,Sedan,2,5.17,65.02,1.72
26.5,Bus,25,14.5,77.6,5.54
18.06,Sedan,3,8.03,32.93,1.68
10.27,Van,3,8.96,19.0,1.15
70.69,SUV,3,9.76,115.09,8.46
14.95,Sedan,3,5.76,23.34,0.68
17.83,SUV,6,11.43,34.87,2.52
20.0,Sedan,4,5.58,30.48,1.37
14.68,Van,4,13.06,29.73,2.28
29.88,SUV,3,9.28,44.29,3.49
14.86,Sedan,2,6.8,20.74,0.92
17.55,Bus,8,12.09,45.3,2.29
14.07,Sedan,4,4.0,26.01,0.57
17.29,SUV,3,8.67,25.83,1.86
8.89,Bus,30,18.74,17.49,2.56
7.35,SUV,3,7.31,22.86,0.54
55.49,Sedan,2,5.19,98.78,3.76
37.11,Bus,5,19.68,85.73,7.21
50.27,SUV,2,9.84,61.21,5.53
53.03,Sedan,2,6.33,77.23,3.67
11.28,Sedan,3,7.44,19.92,0.91
48.94,Van,11,8.89,89.42,5.12
41.16,SUV,1,8.47,81.71,3.38
17.19,SUV,3,11.47,18.96,2.32
27.17,Bus,22,18.2,50.69,6.57
36.33,Van,3,11.23,54.77,3.68
31.59,Sedan,4,9.27,57.04,3.57
20.1,Sedan,4,4.82,42.68,1.07
24.24,Sedan,4,7.46,47.74,2.19
29.22,Van,3,14.0,56.54,3.99
16.83,Sedan,2,6.11,24.25,1.02
31.27,SUV,5,10.29,59.88,4.01
13.22,Van,11,9.23,23.44,1.69
49.91,Bus,44,15.94,98.18,12.88
39.99,Sedan,3,6.96,53.37,3.01
36.79,Van,10,12.44,62.7,4.87
27.97,Sedan,1,7.85,42.95,2.7
25.37,Van,8,13.83,50.93,3.72
40.93,Sedan,1,6.42,47.24,2.41
9.59,Sedan,3,7.93,14.38,0.94
12.09,Van,6,10.38,24.1,1.36
31.75,Sedan,3,7.58,47.07,2.96
21.35,Sedan,2,6.75,26.38,1.74
14.72,Van,4,11.8,29.32,1.96
42.84,Van,8,11.76,84.22,5.09
23.8,SUV,4,6.59,29.16,1.89
27.12,Van,2,8.98,59.14,2.51
43.48,SUV,7,9.15,77.33,4.17
19.9,Sedan,4,4.48,43.11,1.21
66.39,Sedan,2,7.5,118.45,5.73
10.25,Sedan,4,7.55,18.48,0.89
42.68,Bus,27,18.98,92.47,11.16
15.36,SUV,4,7.32,26.33,1.1
38.6,SUV,4,11.07,54.36,5.37
13.38,SUV,1,12.06,24.72,1.96
7.28,Bus,25,18.44,26.98,1.79
38.91,Sedan,1,7.11,71.72,3.01
17.26,SUV,5,9.3,28.37,1.8
7.52,SUV,6,9.8,18.64,0.86
40.04,SUV,7,8.82,66.03,4.1
25.26,Sedan,4,6.46,30.51,1.89
17.22,Bus,12,20.72,35.11,4.87
28.03,Bus,35,25.04,71.4,9.05
19.8,SUV,4,6.9,35.68,1.44
18.23,Van,13,10.81,46.88,2.61
36.07,Bus,19,14.46,82.11,7.41
25.45,Van,4,13.87,45.86,3.42
12.78,Sedan,2,5.79,21.72,0.73
21.76,SUV,5,6.84,29.12,1.59
35.74,SUV,7,9.96,65.63,3.55
9.97,SUV,2,11.62,20.45,1.54
45.2,Van,8,12.19,92.24,6.78
24.87,Bus,24,18.61,73.98,6.97
23.64,Bus,32,19.23,48.85,6.54
24.42,SUV,6,11.12,44.09,3.19
57.12,Sedan,2,5.45,75.61,3.81
21.86,Bus,11,17.66,46.22,5.24
17.38,Van,5,10.19,37.86,1.65
20.06,Sedan,1,5.1,31.68,0.83
38.9,Bus,43,17.01,100.5,12.1
32.58,Bus,13,21.32,60.51,8.6
22.08,SUV,5,9.85,41.1,2.55
74.4,SUV,4,9.97,141.69,9.27
30.94,Sedan,2,6.68,50.21,2.1
11.6,Sedan,3,7.13,14.34,0.93
4.21,Sedan,2,5.54,10.06,0.2
32.85,Van,13,10.44,68.06,4.62
18.22,Sedan,1,6.73,38.39,1.51
7.08,Sedan,3,6.83,12.64,0.49
20.54,Sedan,2,6.88,43.17,1.52
34.24,SUV,2,8.79,46.09,3.04
19.55,Bus,42,16.87,43.42,4.61
21.38,Sedan,3,10.29,31.48,2.18
3.87,Sedan,4,7.59,5.0,0.21
32.89,Van,2,11.74,62.44,4.09
5.85,SUV,6,8.65,10.67,0.63
14.62,Sedan,1,5.96,29.16,0.72
26.3,SUV,5,8.8,51.48,2.77
12.58,Sedan,4,6.85,26.39,1.03
14.46,Sedan,2,4.24,8.2,0.61
25.53,SUV,6,6.65,33.54,1.87
26.86,SUV,1,8.04,39.63,2.55
22.52,Bus,44,18.62,61.65,6.84
3.52,Sedan,3,6.21,8.55,0.35
4.78,SUV,5,11.22,10.73,0.42
38.88,SUV,6,6.78,52.12,3.36
16.97,Sedan,3,5.6,22.1,0.98
82.01,Van,2,13.74,135.9,13.83
25.61,Sedan,2,6.66,43.09,2.14
65.64,Bus,22,20.65,169.29,18.98
19.35,Sedan,4,8.96,43.02,2.1
15.54,SUV,7,7.96,35.84,1.14
33.15,Sedan,2,6.38,44.57,2.3
43.72,Bus,40,17.18,102.98,11.92
19.42,SUV,7,6.07,35.57,1.23
32.48,SUV,1,8.53,50.98,2.99
5.88,Sedan,4,7.56,14.18,0.57
11.59,Van,3,11.97,21.04,1.28
28.61,Sedan,2,7.24,47.71,2.24
17.05,Bus,44,16.87,35.17,4.46
26.25,Sedan,1,5.71,50.01,1.73
28.91,Sedan,4,8.02,57.64,2.96
32.16,Sedan,1,5.9,39.56,2.05
38.37,SUV,5,9.44,78.39,4.17
38.93,SUV,4,9.25,82.94,4.59
9.79,Sedan,4,8.25,25.42,0.81
19.68,Van,11,12.75,37.01,3.2
19.27,SUV,7,7.06,26.9,1.37
21.08,SUV,4,7.22,36.35,2.01
18.16,SUV,7,9.87,34.36,1.86
21.99,SUV,3,8.9,42.13,2.14
14.14,SUV,5,8.32,30.57,1.33
36.85,Sedan,2,7.72,44.63,3.47
28.94,Sedan,2,6.72,52.64,2.36
14.04,Bus,29,18.16,33.78,3.04
22.27,Bus,32,20.34,59.46,6.98
61.78,Sedan,1,6.05,74.94,3.87
10.21,Sedan,1,8.38,24.02,0.73
11.88,SUV,2,7.82,22.99,1.02
37.89,SUV,4,9.99,53.92,4.9
53.96,Sedan,2,8.22,92.18,4.56
26.94,Sedan,3,4.85,44.88,1.35
23.2,Van,6,10.38,41.68,3.1
8.82,Van,1,13.06,16.56,1.48
16.08,Sedan,4,7.89,33.35,1.14
15.5,Sedan,4,6.29,29.59,1.06
16.19,Sedan,4,5.62,26.92,1.09
12.92,Van,14,12.72,30.21,1.85
8.39,Sedan,2,7.92,17.6,0.75
33.36,Sedan,2,5.1,51.06,1.59
28.01,Van,7,8.83,48.92,2.45
8.41,Sedan,2,6.77,14.09,0.52
22.46,Van,3,12.13,53.57,3.01
17.68,Sedan,2,6.14,23.56,0.95
57.86,Sedan,3,7.32,90.84,5.29
46.23,Sedan,1,5.65,51.7,3.2
57.65,Van,13,7.19,110.66,4.38
15.91,Bus,24,16.73,36.51,3.5
5.25,Van,5,11.11,5.0,0.71
9.55,Sedan,4,6.17,15.82,0.62
16.12,Van,4,8.91,25.76,1.41
18.57,Sedan,1,4.32,46.84,0.95
58.43,Sedan,3,5.88,109.22,3.26
36.72,Bus,11,20.69,104.41,8.43
28.04,Sedan,3,8.01,37.66,2.68
46.65,Sedan,1,7.93,60.69,3.67
31.13,Sedan,3,5.52,52.83,1.77
35.38,Sedan,2,5.12,72.33,1.81
17.69,Sedan,1,7.1,38.24,1.19
7.06,SUV,2,9.95,15.75,0.79
5.92,SUV,5,9.6,13.0,0.69
6.0,Bus,19,11.96,18.68,0.78
33.08,Van,4,9.44,68.4,3.99
12.24,Sedan,3,6.46,28.34,0.78
17.77,Sedan,3,7.08,39.26,1.36
7.81,Sedan,4,7.42,13.3,0.6
42.98,SUV,5,9.22,67.67,4.4
21.72,Sedan,1,6.9,35.07,1.79
25.46,SUV,7,9.13,35.27,2.43
27.12,SUV,5,10.03,42.55,3.57
29.28,SUV,2,9.47,51.05,2.68
44.37,SUV,7,9.1,59.24,3.89
33.81,Sedan,2,6.18,49.71,2.4
10.6,Bus,10,18.24,23.0,2.1
11.8,Van,12,11.87,30.73,1.61
93.99,Sedan,1,6.82,157.86,7.37
39.57,Bus,26,19.14,99.41,10.65
75.49,SUV,3,11.01,83.97,7.49
18.66,Bus,30,18.8,48.99,4.67
53.83,Van,8,9.83,72.53,5.14
29.9,SUV,1,10.33,54.33,3.72
26.51,Sedan,1,4.86,42.15,1.54
22.32,Sedan,3,5.2,49.57,1.47
36.37,SUV,3,9.5,54.04,4.29
30.76,SUV,7,9.77,38.68,3.22
19.4,Sedan,3,5.01,34.16,1.17
14.53,Sedan,3,6.04,24.64,1.0
19.81,Van,14,9.91,38.99,2.3
21.91,Bus,32,16.54,47.11,5.02
16.66,SUV,5,10.42,31.59,2.04
11.49,Sedan,2,7.35,22.0,0.96
22.91,Sedan,3,6.48,43.73,1.7
28.49,Sedan,4,5.84,50.25,1.62
26.15,Bus,13,13.95,47.25,4.73
9.43,Sedan,3,8.2,17.01,0.6
57.47,SUV,4,9.89,69.37,6.72
66.06,Sedan,4,5.65,76.23,4.38
32.72,SUV,4,10.08,57.21,3.6
36.92,Van,9,10.87,54.53,4.57
25.57,Van,6,10.48,50.44,2.96
27.51,Sedan,2,7.02,41.69,1.82
5.63,Sedan,4,5.61,16.19,0.36
20.6,Sedan,2,6.09,41.17,1.34
20.8,Bus,15,18.36,67.78,5.06
64.81,Bus,6,16.5,172.6,10.85
17.97,SUV,5,10.0,40.63,1.75
56.89,SUV,7,11.8,85.63,7.92
22.29,Van,5,9.64,33.99,2.48
16.25,Sedan,2,4.5,29.19,0.62
5.94,Bus,18,11.99,17.34,0.67
27.23,SUV,7,8.77,44.14,2.47
12.7,Sedan,4,5.7,13.07,0.99
6.61,SUV,3,9.31,16.43,0.66
32.58,Sedan,2,6.66,60.7,2.65
27.93,Sedan,4,4.58,52.63,1.61
29.5,Van,12,7.73,63.83,3.25
22.17,Sedan,2,6.86,32.41,1.67
13.6,SUV,2,9.2,26.42,1.41
10.35,Sedan,1,5.99,25.12,0.64
52.61,Sedan,2,4.51,96.58,2.1
34.29,Sedan,3,7.07,41.96,2.25
39.91,Sedan,4,8.03,60.97,3.15
19.96,Van,5,11.5,32.4,2.49
12.4,Sedan,1,5.48,17.18,0.81
11.44,SUV,5,9.07,22.03,1.28
23.22,SUV,5,6.95,38.97,2.04
12.78,Van,8,12.9,22.21,2.22
5.13,Bus,44,18.25,9.32,1.8
31.55,Van,1,7.82,60.98,2.72
39.9,Sedan,4,6.14,46.45,2.57
15.06,Sedan,1,7.06,15.3,1.05
6.39,Sedan,2,6.1,18.48,0.4
24.6,SUV,7,8.59,45.41,2.19
19.79,Sedan,2,5.03,24.77,1.03
17.0,SUV,3,9.85,31.97,1.48
29.12,SUV,4,8.03,40.3,2.62
23.78,Sedan,4,4.0,34.79,1.17
28.41,Van,1,10.33,57.36,3.21
23.07,Sedan,2,7.68,45.35,1.58
12.76,Sedan,2,6.04,25.36,0.79
12.09,Van,14,14.13,21.49,2.08
22.19,SUV,7,9.64,44.93,2.02
38.15,Van,12,11.61,67.39,5.83
23.45,SUV,1,8.81,36.08,2.49
13.89,Sedan,1,6.42,38.24,0.85
24.53,Van,8,10.53,47.49,3.14
25.18,Van,4,10.46,43.92,2.79
12.85,Van,5,11.96,35.91,1.78
65.49,Sedan,3,5.38,100.98,3.88
36.95,SUV,2,7.39,50.62,3.27
20.02,Sedan,4,5.15,29.88,1.37
62.55,Sedan,4,8.95,76.69,6.69
27.32,Bus,23,19.59,78.64,7.32
25.89,Sedan,1,6.87,44.64,1.95
49.46,Bus,32,14.83,110.63,10.58
37.12,SUV,3,9.94,72.98,3.88
29.83,Sedan,4,6.36,60.12,1.92
16.65,SUV,3,9.32,23.83,1.45
21.97,Bus,23,15.07,39.86,4.67
19.79,Van,5,11.29,44.02,2.68
14.07,Van,2,10.24,34.52,1.91
78.31,Van,9,9.62,167.74,9.05
37.32,Van,3,12.32,74.27,4.29
19.28,Van,10,8.23,34.49,2.13
27.96,Sedan,2,7.18,38.64,2.24
19.93,SUV,1,10.03,28.45,2.0
12.52,Sedan,1,5.44,16.27,0.86
5.06,Bus,24,15.54,18.68,1.14
29.49,Bus,22,17.33,68.26,7.72
22.45,Sedan,3,6.84,50.76,1.52
43.7,Van,12,10.72,59.8,6.28
15.16,Bus,16,19.3,39.84,3.88
43.74,Sedan,4,8.62,52.61,3.52
46.8,SUV,1,8.24,46.93,4.17
6.93,Bus,10,12.85,27.12,1.14
40.11,Sedan,4,7.49,63.79,3.06
36.09,Van,2,14.03,77.67,5.56
21.02,Sedan,3,6.97,34.33,1.57
43.27,Bus,10,14.74,84.57,8.08
39.06,Bus,21,17.63,68.12,9.2
24.01,Bus,23,14.64,54.24,4.85
6.66,SUV,7,9.96,6.66,0.5
18.65,Bus,32,13.95,54.94,3.27
40.45,Van,13,10.46,59.6,5.25
27.03,Sedan,1,5.29,31.61,1.22
16.26,Van,1,11.23,28.96,1.98
22.98,Sedan,2,6.06,40.41,1.63
23.96,SUV,7,9.27,43.93,2.66
12.2,Sedan,3,6.53,17.89,0.84
15.9,Sedan,3,5.32,26.55,0.96
74.81,Sedan,4,7.25,108.4,5.58
2.16,Van,8,10.91,7.24,0.2
22.81,Sedan,1,5.31,34.38,1.15
40.45,Van,11,15.03,52.36,7.29
22.56,Sedan,2,7.07,36.36,1.9
14.74,Sedan,2,6.32,23.55,0.96
17.71,SUV,5,11.12,34.81,2.43
63.66,Van,4,14.32,89.33,9.83
33.57,Sedan,4,6.33,59.83,2.56
32.3,SUV,4,9.52,54.84,3.98
20.95,Bus,9,15.04,53.69,3.17
26.09,SUV,1,8.78,53.95,2.62
10.78,Sedan,3,6.26,30.75,0.69
65.91,Sedan,3,6.72,98.85,4.33
34.96,Bus,23,19.0,97.69,9.32
22.69,Sedan,2,7.17,38.9,1.45
24.91,Bus,19,18.71,43.25,5.98
30.59,SUV,2,7.18,62.87,2.52
10.71,Bus,18,15.18,23.39,2.09
18.37,Van,8,10.02,32.52,2.34
10.98,Bus,13,17.15,31.95,2.41
34.82,Sedan,4,7.76,58.15,3.32
8.36,Van,11,8.91,28.8,0.9
11.53,SUV,4,8.46,19.73,1.06
37.58,SUV,6,10.43,55.68,4.5
26.16,SUV,2,8.55,41.33,2.32
59.43,Bus,36,19.38,144.02,15.85
18.23,Bus,40,17.58,48.69,5.08
20.36,Van,13,11.46,28.27,2.31
51.94,SUV,5,8.66,69.9,5.14
44.03,SUV,3,10.0,57.4,5.34
38.07,Van,10,8.22,72.0,4.31
13.3,Sedan,1,6.06,19.51,0.93
14.11,Sedan,3,6.86,21.32,0.85
21.49,Sedan,1,7.14,33.98,1.4
21.13,Sedan,4,8.29,25.72,1.64
13.48,Sedan,2,6.03,22.42,0.9
17.69,Sedan,2,8.28,35.73,1.44
21.89,Sedan,3,5.71,36.34,1.66
42.57,Sedan,1,8.09,59.4,3.1
49.74,Bus,32,20.45,130.13,14.37
34.06,SUV,4,7.63,55.03,3.25
7.35,Sedan,2,6.87,25.78,0.64
45.99,Van,10,10.91,81.08,5.77
34.17,Sedan,4,7.25,65.06,2.66
38.95,Bus,16,17.33,84.05,8.88
14.07,Van,9,10.45,24.14,1.63
53.12,Sedan,3,8.14,76.34,4.44
19.87,SUV,1,8.85,34.89,1.96
13.35,Bus,41,20.48,30.91,4.41
36.0,Bus,44,17.32,94.77,9.92
21.68,SUV,1,11.5,37.1,2.35
33.53,SUV,1,7.98,61.14,2.45
17.61,Sedan,1,5.76,23.47,1.12
10.14,Bus,42,22.57,31.87,3.75
17.31,Sedan,3,5.97,36.77,1.2
8.51,Bus,11,22.8,29.95,2.75
34.24,SUV,6,10.34,67.83,4.36
2.72,SUV,3,8.77,8.68,0.27
44.26,SUV,7,6.28,76.68,3.42
9.06,Sedan,4,6.48,20.58,0.67
40.93,Sedan,1,6.62,55.04,3.26
31.67,Sedan,3,7.9,54.97,3.05
4.24,Sedan,1,8.41,9.99,0.42
25.51,Van,14,9.77,38.03,2.9
8.11,Sedan,3,7.46,14.18,0.72
25.6,Sedan,2,7.42,46.59,1.98
14.27,Bus,41,21.22,20.28,4.56
4.32,Bus,10,19.5,19.02,0.79
30.67,Bus,23,12.17,69.05,5.89
21.16,Bus,41,17.53,43.72,5.46
22.58,Sedan,1,5.11,41.04,1.41
5.05,Sedan,1,6.26,8.5,0.29
4.58,Van,10,12.76,13.34,0.77
18.48,Van,14,11.55,29.47,2.68
40.22,Sedan,2,7.88,63.0,3.48
34.62,Van,11,11.62,52.33,4.45
30.06,Sedan,3,4.94,42.68,1.81
48.04,Sedan,1,4.0,70.7,1.95
14.82,SUV,6,9.22,36.61,1.43
31.22,SUV,3,8.68,42.06,2.79
6.25,SUV,3,7.53,16.03,0.5
77.59,Sedan,4,4.46,102.63,4.08
12.99,Bus,22,15.8,23.16,2.38
29.71,Sedan,3,6.27,39.26,1.83
58.72,Sedan,4,7.3,80.76,4.09
17.2,Bus,30,18.57,47.44,4.99
29.26,Bus,5,22.82,86.18,7.98
25.2,Bus,24,14.89,75.89,5.0
16.61,Van,9,12.59,36.1,2.27
14.19,Van,14,11.09,27.11,1.72
8.88,SUV,3,10.04,18.92,0.93
19.99,Sedan,3,5.98,40.75,1.64
13.25,SUV,1,10.61,23.14,1.33
12.61,Sedan,4,6.85,12.64,1.1
32.56,Sedan,1,5.68,55.52,1.73
24.08,Van,3,10.98,60.52,2.72
41.89,SUV,1,8.64,69.55,4.4
16.48,Sedan,1,7.09,29.88,1.12
9.47,Sedan,2,5.08,21.5,0.54
32.89,Van,3,10.95,63.32,3.43
33.96,Sedan,2,6.97,66.08,2.62
26.86,Bus,44,18.1,66.35,8.67
12.36,SUV,7,11.02,27.57,1.71
22.81,SUV,4,10.16,48.34,2.49
9.14,SUV,3,8.99,20.23,0.94
13.11,Van,8,11.39,24.38,1.7
45.35,Sedan,2,6.85,54.33,3.66
15.47,Van,7,11.73,37.19,1.91
38.93,SUV,6,6.26,62.58,2.49
27.89,Sedan,4,6.14,45.19,2.06
57.94,Bus,38,13.55,128.14,12.64
27.21,Van,8,13.3,41.96,4.34
26.11,Van,9,10.89,53.38,3.0
6.3,Bus,30,17.42,25.2,1.46
13.39,Bus,31,20.69,27.17,3.46
18.43,Van,6,11.76,40.33,2.1
71.77,Van,14,8.97,141.95,7.13
14.13,Van,3,10.87,30.36,2.04
9.63,Van,7,10.4,19.02,1.1
7.33,SUV,1,6.38,24.18,0.49
6.13,Van,8,9.76,12.72,0.65
73.3,Sedan,3,6.28,93.49,5.26
24.83,Bus,34,17.66,58.23,7.05
10.62,Bus,12,13.55,37.19,1.79
48.87,Sedan,3,7.88,75.81,3.75
62.6,Van,7,10.82,122.26,7.67
11.0,Sedan,1,6.55,24.26,0.67
16.05,Sedan,2,6.98,24.53,1.03
44.23,Van,5,9.58,61.68,5.47
34.25,Sedan,1,7.05,46.33,2.77
19.64,Van,2,10.34,27.13,2.44
44.97,Van,11,9.39,83.78,4.25
6.1,SUV,2,9.86,9.04,0.48
9.29,Sedan,1,8.29,16.51,0.82
12.84,Sedan,1,7.37,24.47,0.81
11.72,SUV,6,10.38,22.43,1.48
3.24,Bus,11,16.44,9.02,0.48
16.77,SUV,3,6.6,25.49,1.43
31.25,Sedan,2,8.29,51.59,2.81
37.29,SUV,6,12.08,64.1,5.71
35.48,SUV,7,11.31,47.25,4.27
42.43,Van,12,10.4,58.95,4.92
29.0,Sedan,4,5.11,50.55,1.78
14.77,Van,6,9.08,30.8,1.32
4.87,SUV,3,6.47,7.74,0.32
4.76,Bus,23,17.68,19.27,1.05
23.74,Sedan,3,8.43,45.29,2.44
11.12,SUV,7,8.79,18.61,1.34
22.95,Bus,38,18.91,68.16,7.29
8.55,Sedan,3,8.15,21.7,0.73
47.66,Bus,27,16.79,119.37,9.49
17.21,Van,9,14.66,38.31,2.64
18.2,Sedan,1,8.89,21.0,1.72
19.37,Sedan,1,6.34,32.97,1.23
2.0,Van,13,9.96,9.18,0.41
44.39,Sedan,2,7.34,54.52,3.14
9.45,SUV,4,8.48,12.15,0.84
19.71,Sedan,1,5.11,39.64,1.01
22.48,SUV,5,10.92,33.7,2.44
11.97,Sedan,1,7.96,23.76,1.28
31.74,Bus,28,18.47,77.19,7.78
41.33,Bus,43,14.21,70.56,8.93
4.8,Bus,25,14.31,13.51,0.79
33.88,Van,11,11.19,63.62,4.59
3.96,Sedan,1,5.9,7.6,0.2
11.99,Van,14,10.39,31.63,1.34
14.58,Sedan,2,7.73,24.57,1.0
14.89,Sedan,2,7.38,21.12,1.31
45.8,Sedan,3,8.15,76.5,3.79
15.62,SUV,6,7.51,30.54,1.27
15.61,Van,3,10.38,29.92,2.04
7.61,Van,2,12.37,12.66,0.87
26.35,SUV,4,9.67,47.41,2.34
18.68,Sedan,1,8.34,39.4,1.5
29.65,Bus,13,19.26,64.84,6.26
7.49,SUV,4,11.77,18.77,0.78
58.75,SUV,5,9.81,96.94,6.2
35.39,Sedan,1,7.77,56.61,3.09
129.73,Van,11,10.42,170.2,14.59
22.28,Van,6,11.03,34.47,3.13
39.88,Sedan,3,7.59,53.39,3.26
59.68,Sedan,3,8.44,88.09,6.33
26.72,Van,5,12.31,62.69,3.63
19.09,Van,10,10.85,40.93,2.7
15.36,Sedan,3,8.15,31.94,1.38
17.48,Bus,19,11.42,34.01,2.68
24.34,Sedan,3,4.79,50.88,1.36
18.48,SUV,3,10.02,38.22,2.01
33.44,Bus,41,18.04,61.63,9.1
50.46,SUV,1,9.91,88.83,5.79
8.73,SUV,4,9.1,19.35,0.82
8.69,Sedan,3,7.19,14.98,0.73
15.75,Sedan,4,5.52,16.5,0.84
4.84,Bus,38,19.71,9.7,1.47
56.24,SUV,2,10.49,95.09,7.16
42.54,Bus,35,21.66,119.63,13.68
18.94,Sedan,2,8.92,31.99,1.76
20.16,Sedan,3,6.79,39.79,1.56
27.17,Sedan,4,6.83,32.8,2.23
12.13,Van,9,8.26,23.79,1.17
17.03,Sedan,1,5.86,32.43,1.03
12.78,Bus,33,17.42,34.54,3.3
22.54,SUV,7,10.58,26.2,2.56
22.95,Bus,40,16.17,58.65,5.81
19.78,Sedan,3,7.46,28.68,1.69
40.07,Bus,14,18.0,98.78,8.26
19.96,Van,1,10.68,42.36,2.41
20.81,Van,14,11.45,30.92,2.68
6.46,Van,6,10.3,16.11,0.87
32.8,Van,4,10.23,52.8,3.65
24.03,SUV,7,6.44,35.8,1.72
35.04,Sedan,3,6.2,38.83,2.48
11.32,Sedan,1,5.92,22.82,0.73
9.2,Bus,40,16.45,20.93,2.13
18.3,SUV,4,9.63,22.83,2.13
4.12,Van,10,12.19,11.74,0.66
58.17,SUV,7,9.35,73.37,6.4
17.88,Sedan,4,7.69,34.11,1.38
2.23,Sedan,1,7.19,5.34,0.27
14.97,Van,11,10.47,22.07,2.05
19.21,SUV,5,8.31,38.24,1.54
50.71,Sedan,2,6.88,85.01,4.23
22.37,SUV,6,9.86,32.97,2.82
6.91,Sedan,4,8.18,17.75,0.59
27.41,SUV,4,10.79,58.15,2.86
22.14,Sedan,2,5.85,32.19,1.68
18.72,Van,1,10.82,36.98,1.87
16.68,Sedan,2,7.31,33.96,1.14
38.39,SUV,2,10.6,62.96,4.81
21.69,Sedan,4,7.63,24.58,1.62
20.78,Sedan,3,6.42,45.43,1.37
44.01,Sedan,4,5.0,76.0,2.47
35.69,SUV,5,7.5,41.46,2.94
27.48,SUV,2,9.41,45.92,2.34
13.04,Sedan,3,6.91,27.12,1.12
17.47,Van,11,9.02,28.71,1.72
20.3,Bus,40,18.13,46.75,6.21
7.63,Van,4,12.14,19.77,1.14
15.17,Sedan,2,5.12,26.62,0.76
22.23,SUV,5,10.66,43.57,2.75
31.28,Sedan,2,6.05,44.33,1.6
30.45,Sedan,3,8.01,42.41,2.34
5.36,Bus,41,16.4,16.62,1.25
16.73,Sedan,4,5.27,28.84,1.01
11.9,SUV,7,8.31,28.84,0.97
4.46,SUV,2,8.86,9.24,0.54
19.63,Van,1,10.3,44.31,1.89
15.03,SUV,6,8.68,24.21,1.71
21.73,Sedan,2,6.9,26.21,1.64
30.63,Sedan,2,6.29,59.38,1.88
27.31,SUV,7,8.9,53.89,2.9
63.17,Sedan,1,4.45,91.26,3.38
23.97,Sedan,1,6.97,34.51,2.06
49.53,Sedan,3,6.39,80.42,3.71
9.56,Sedan,1,8.43,15.34,0.95
27.03,Sedan,1,5.37,38.65,1.53
12.91,Sedan,2,4.33,18.69,0.59
18.11,SUV,6,9.93,33.76,2.2
36.23,Van,11,11.62,57.55,4.36
17.99,Van,13,9.18,42.18,2.23
40.51,Sedan,3,4.66,42.38,2.4
13.21,Sedan,3,8.34,18.67,1.01
9.28,Sedan,3,8.2,9.76,0.72
24.96,SUV,3,5.27,41.67,1.17
25.7,Van,6,10.18,41.29,3.2
17.21,Sedan,4,8.5,28.59,1.35
32.09,Bus,41,16.57,54.14,8.0
3.81,Sedan,4,5.91,10.88,0.26
10.44,SUV,6,8.58,12.4,0.85
28.38,Van,4,8.98,45.77,2.81
18.5,Bus,22,12.89,53.59,3.37
13.64,Van,7,12.89,26.43,2.0
23.72,Van,4,7.68,35.2,2.23
38.64,Sedan,2,6.8,72.47,2.89
27.12,Van,10,12.6,37.15,4.41
34.8,Sedan,4,4.76,49.04,2.02
28.02,Bus,38,15.23,55.38,5.97
44.86,SUV,6,10.82,81.53,5.04
15.13,Van,2,11.96,34.86,1.9
40.2,SUV,6,8.07,60.67,3.26
5.71,SUV,1,10.8,5.0,0.78
8.55,SUV,6,10.81,18.27,1.1
31.65,Van,10,11.48,56.64,3.58
8.15,Sedan,3,5.42,24.75,0.51
17.23,Sedan,2,6.0,29.8,0.82
44.45,Sedan,4,6.84,70.72,3.26
9.45,Sedan,2,6.27,18.95,0.59
36.73,Bus,32,20.82,92.46,9.97
16.63,Sedan,1,4.66,28.12,0.86
8.81,Bus,28,13.52,21.92,1.67
21.57,Sedan,1,6.72,43.69,1.49
42.65,Sedan,1,5.91,77.7,2.68
7.94,Van,12,9.87,20.32,0.92
7.58,Van,6,7.82,17.02,0.72
31.01,SUV,4,9.03,39.76,3.16
14.59,SUV,2,8.92,23.62,1.67
63.63,Van,11,12.18,92.49,8.23
25.71,Sedan,4,6.58,38.76,1.68
38.54,Bus,38,17.6,75.11,10.88
25.14,Bus,33,21.53,57.81,8.65
8.1,Van,8,8.64,19.6,0.75
11.06,Sedan,1,7.14,18.3,0.77
12.24,Van,10,7.99,28.7,1.29
29.09,Sedan,4,5.49,34.49,1.64
21.06,Sedan,2,5.04,29.06,1.17
4.74,Sedan,1,7.44,16.19,0.48
32.65,SUV,6,8.9,61.58,2.87
70.83,Bus,38,17.96,179.57,20.78
9.32,Van,5,9.01,16.03,1.04
10.45,Van,12,10.46,23.13,1.47
13.3,SUV,1,7.85,23.24,1.37
19.42,Sedan,4,6.96,28.24,1.45
9.9,Sedan,4,5.31,11.63,0.65
44.11,Bus,28,21.99,110.03,13.71
54.31,Sedan,4,4.49,77.96,2.86
22.94,Bus,25,15.58,60.71,4.11
20.3,SUV,4,11.52,40.3,2.19
5.28,SUV,4,8.35,14.47,0.52
8.66,Van,5,8.63,20.8,0.66
3.26,SUV,4,9.33,5.0,0.33
13.77,Bus,6,16.57,29.49,3.01
15.64,Bus,18,15.49,27.46,2.93
30.75,SUV,1,7.36,42.7,2.21
23.1,Sedan,4,9.82,44.26,2.82
11.7,SUV,6,8.62,26.18,1.11
31.8,Bus,19,12.22,62.72,5.05
77.81,Sedan,1,8.29,122.57,7.2
32.84,SUV,1,9.92,41.92,3.97
14.72,SUV,2,7.85,24.79,1.08
24.75,Van,5,9.32,38.8,2.38
9.69,Sedan,4,7.31,9.76,0.77
8.89,Van,10,10.56,15.56,1.08
56.83,Bus,7,12.22,147.05,7.4
25.01,Sedan,4,8.64,41.75,2.25
39.35,Sedan,3,5.98,46.16,2.98
17.56,Bus,31,22.49,37.41,4.82
8.84,Sedan,1,8.03,17.59,0.81
7.54,Bus,19,15.0,24.04,1.26
10.86,SUV,6,10.55,28.27,1.36
27.2,Sedan,2,5.72,37.02,1.34
6.31,Bus,15,12.4,14.31,1.08
21.66,SUV,3,8.36,31.97,2.24
29.51,SUV,2,9.6,46.13,2.75
8.59,Sedan,3,5.94,21.07,0.52
77.55,SUV,4,8.54,100.13,7.0
36.42,Sedan,3,7.87,67.75,2.87
19.36,Sedan,3,6.63,40.43,1.65
12.29,Bus,8,15.47,31.69,1.87
25.6,Sedan,2,7.34,39.47,2.35
25.06,Van,6,11.36,47.58,3.53
21.98,Sedan,3,4.0,36.51,0.97
26.22,Van,14,11.77,53.46,4.35
10.12,Sedan,4,6.97,15.83,0.77
32.73,Bus,35,18.06,85.52,9.41
7.12,SUV,3,10.34,17.66,0.73
3.54,Sedan,3,5.69,13.49,0.2
30.49,Sedan,1,6.9,54.11,2.17
26.74,Sedan,1,4.62,32.84,1.25
20.72,SUV,4,9.61,26.71,2.38
13.31,Sedan,3,8.84,21.53,1.15
15.09,Van,12,9.21,21.65,1.89
9.85,SUV,1,7.86,18.11,0.92
24.79,Sedan,3,5.65,53.96,1.43
2.97,SUV,1,9.19,6.86,0.27
4.51,Van,11,9.09,13.49,0.38
10.21,Sedan,4,7.01,17.15,1.0
22.86,Sedan,4,7.52,32.73,1.68
19.62,Sedan,4,7.14,18.85,1.47
46.12,Van,9,7.82,89.35,3.84
17.27,Van,2,12.79,35.39,2.88
34.4,SUV,2,10.41,61.78,3.28
22.11,Van,4,12.49,38.16,3.31
3.46,Van,4,11.67,9.57,0.5
8.84,SUV,5,9.33,16.98,1.04
9.85,Bus,31,21.1,30.39,3.47
11.74,Sedan,1,8.81,26.26,1.13
16.05,Sedan,1,5.36,25.61,0.81
39.95,Sedan,4,7.79,45.06,3.69
18.17,Sedan,2,6.4,31.61,1.44
12.85,SUV,2,8.81,24.85,1.33
35.84,Bus,25,13.39,86.53,7.27
35.67,Sedan,2,6.16,61.67,2.4
2.38,Sedan,2,5.3,5.0,0.2
19.5,SUV,6,8.3,41.55,1.97
43.13,Bus,7,14.71,81.39,6.2
17.46,Sedan,4,5.96,25.64,1.25
9.18,SUV,7,8.39,20.6,0.83
34.2,Sedan,1,6.62,37.24,2.78
8.16,Sedan,2,4.56,17.54,0.58
22.32,Bus,29,13.66,57.75,3.77
17.33,Bus,29,19.09,46.4,4.99
5.27,Sedan,2,5.54,9.91,0.43
38.72,Bus,16,21.22,97.69,10.4
26.07,SUV,1,9.34,48.7,2.19
47.19,Bus,7,19.82,104.14,9.76
19.54,SUV,5,11.12,33.63,2.33
9.73,SUV,5,8.54,15.91,1.06
5.69,SUV,2,8.14,11.62,0.49
36.12,Van,4,12.57,55.21,5.04
9.0,Sedan,3,7.11,19.47,0.68
77.29,Sedan,1,6.28,131.76,4.87
58.28,Sedan,3,8.17,98.66,5.16
20.86,Van,13,10.62,31.29,2.58
16.46,Sedan,4,6.54,27.21,1.19
11.66,Van,5,11.04,23.84,1.44
12.76,Bus,28,15.2,26.26,2.53
68.91,Sedan,4,6.59,100.36,5.21
14.7,Van,8,13.51,18.51,2.53
27.28,SUV,3,9.67,30.13,3.02
28.62,Bus,28,18.09,70.01,8.28
37.4,Sedan,2,6.31,41.42,2.89
25.83,Van,9,11.6,49.05,3.75
19.69,Van,13,12.35,34.66,3.54
10.83,Bus,25,19.83,26.64,3.19
28.14,Van,1,10.4,30.16,3.52
24.43,SUV,7,9.49,25.85,2.63
14.5,SUV,3,9.72,27.46,1.39
26.61,Bus,23,14.98,51.79,6.34
18.57,SUV,3,9.25,38.75,1.68
24.43,Sedan,1,4.0,36.1,1.25
31.69,Bus,27,19.45,72.04,8.6
22.16,Van,5,12.19,35.49,2.48
33.59,Van,12,12.35,60.71,5.59
21.89,Sedan,3,6.03,46.94,1.23
37.38,Van,12,11.56,72.77,5.76
15.9,Sedan,4,8.21,29.97,1.4
9.24,Van,14,13.54,13.6,1.69
23.67,Sedan,3,6.46,47.23,1.89
53.46,Van,5,11.25,98.38,5.6
35.08,Bus,25,21.33,67.58,8.78
53.07,Sedan,1,4.7,59.1,2.73
14.41,Bus,39,17.03,26.25,4.34
19.63,SUV,6,11.0,32.55,2.41
9.64,Bus,28,20.93,28.08,2.71
7.56,Van,1,11.66,16.51,1.07
48.63,SUV,6,6.74,77.57,4.27
45.67,Van,4,10.91,78.17,6.02
29.89,Bus,32,16.23,69.02,7.61
14.56,SUV,2,9.5,29.59,1.25
32.23,Sedan,3,5.53,37.39,1.79
43.34,Van,11,9.15,64.42,5.41
57.12,Van,6,7.28,103.73,4.52
6.18,Van,4,13.2,22.8,0.88
16.12,Van,1,10.28,43.65,1.8
15.02,SUV,5,9.24,30.04,1.46
17.88,Van,3,11.0,38.87,2.39
28.51,Sedan,1,5.22,51.9,1.36
3.69,SUV,4,7.11,17.41,0.2
14.31,Sedan,2,5.29,21.44,0.95
15.35,Sedan,4,5.63,26.44,1.09
21.75,Sedan,1,6.94,36.26,1.58
23.62,Sedan,4,5.55,39.48,1.39
17.67,Van,3,14.14,42.76,2.77
64.39,Sedan,2,7.73,94.24,5.85
18.82,SUV,6,10.21,34.95,2.03
28.34,Sedan,1,6.36,51.63,1.63
31.59,Sedan,1,8.32,47.45,2.56
10.49,Sedan,4,6.24,16.08,0.72
10.94,Sedan,4,6.46,27.47,0.86
31.95,SUV,2,9.25,68.08,3.21
46.02,Van,7,12.26,88.33,6.57
56.9,SUV,3,9.96,81.25,5.04
10.73,SUV,1,8.29,37.02,1.04
38.62,Sedan,3,5.86,55.3,2.68
20.63,Bus,6,19.92,66.11,4.61
45.6,SUV,3,10.07,59.05,4.12
26.36,SUV,6,8.41,57.73,2.67
30.04,Sedan,1,4.6,34.37,1.47
50.59,Sedan,4,6.25,82.32,3.73
53.77,Sedan,3,7.25,93.8,4.55
22.89,Sedan,2,8.67,36.75,2.03
5.55,SUV,5,7.2,9.87,0.33
12.4,SUV,6,8.36,26.04,0.92
70.08,SUV,7,8.42,81.38,7.78
31.01,Van,10,13.44,51.12,5.51
10.78,Van,5,10.94,17.11,1.53
13.82,Van,13,9.37,24.75,1.35
41.34,Bus,44,19.68,77.58,13.25
63.43,Sedan,4,6.01,80.34,4.51
21.49,Sedan,3,5.03,38.5,1.12
45.66,Sedan,1,5.43,73.68,3.04
38.24,SUV,3,11.6,73.26,5.05
26.59,Bus,13,19.15,47.82,7.05
33.58,Sedan,3,6.63,62.63,2.15
25.85,Bus,35,17.25,74.93,7.1
46.66,Sedan,2,6.85,47.62,3.98
34.78,Bus,43,18.84,80.35,11.23
6.19,Sedan,1,6.85,18.66,0.53
18.67,Sedan,1,6.64,28.65,1.23
10.67,SUV,3,10.3,23.67,1.46
23.2,Sedan,1,6.53,38.97,1.49
17.95,Sedan,3,5.33,29.53,1.16
13.54,Sedan,2,5.77,19.59,0.87
8.22,Van,1,7.44,22.03,0.68
3.33,SUV,1,12.04,19.12,0.34
46.18,Sedan,3,7.54,62.59,4.23
46.14,SUV,7,7.75,88.5,4.03
7.94,Van,3,10.49,17.5,0.98
26.28,Sedan,3,5.74,34.74,1.62
4.87,SUV,4,11.31,8.13,0.69
11.83,Sedan,4,4.8,14.24,0.75
17.12,Sedan,2,6.64,25.78,1.18
12.87,Van,1,10.8,31.47,1.51
30.95,Sedan,4,7.49,55.44,2.58
2.0,SUV,4,8.84,5.0,0.24
11.51,Van,13,7.84,20.61,1.02
36.65,Sedan,4,6.2,68.64,2.26
4.48,SUV,7,7.54,15.69,0.32
12.54,Sedan,4,6.6,19.26,0.75
39.77,Bus,32,22.3,108.45,12.67
67.66,SUV,3,6.39,103.94,4.3
46.17,Van,3,9.56,104.72,5.13
16.79,SUV,2,8.17,26.96,1.48
67.36,Sedan,2,6.04,109.32,4.28
37.33,SUV,7,10.11,52.84,4.39
8.12,Bus,13,17.48,22.25,1.71
5.1,SUV,6,9.62,8.29,0.41
35.39,Van,4,9.87,55.84,4.41
19.08,Bus,40,18.69,45.85,4.73
7.86,Sedan,1,7.43,5.0,0.6
18.41,Sedan,2,5.62,37.91,0.87
41.68,SUV,3,10.17,50.93,4.82
12.98,SUV,3,9.08,26.44,1.26
12.7,Van,1,12.88,28.67,1.57
18.24,Bus,11,17.4,52.89,3.3
20.04,Sedan,1,6.96,37.54,1.29
15.92,Sedan,3,6.45,30.36,1.12
31.23,Van,7,10.83,74.05,4.19
33.48,Sedan,1,6.81,64.85,2.15
19.59,Van,14,11.97,46.24,2.54
12.36,SUV,3,7.13,27.93,1.03
14.33,Van,9,13.58,30.04,2.69
48.94,Sedan,3,4.27,73.15,2.26
66.7,SUV,2,7.97,98.21,6.1
6.77,SUV,3,8.86,16.17,0.66
8.44,SUV,3,9.62,15.68,0.69
14.1,Sedan,4,8.39,23.08,1.52
49.68,Van,14,7.66,93.07,3.98
15.89,Bus,43,16.48,38.07,4.56
31.13,Sedan,3,4.0,45.63,1.62
18.4,Sedan,4,6.54,38.33,1.27
14.36,Sedan,1,6.83,23.99,0.87
17.6,SUV,5,11.39,26.95,2.3
7.9,SUV,1,9.18,21.14,0.87
33.61,SUV,4,10.57,65.31,4.44
12.21,Sedan,1,7.2,24.11,0.94
13.29,Sedan,2,5.98,24.45,0.82
11.02,SUV,5,6.89,18.83,0.73
54.16,SUV,5,9.41,78.1,6.08
15.05,Bus,8,13.52,41.71,2.46
24.31,Sedan,2,8.05,32.05,1.72
3.05,Van,13,10.71,5.69,0.37
2.0,SUV,3,10.79,5.0,0.36
8.09,SUV,4,8.28,21.95,0.86
39.76,Van,6,11.48,59.91,4.41
23.26,Van,10,11.38,50.31,2.79
57.62,Bus,9,17.86,98.23,11.62
43.62,Sedan,1,5.98,79.95,2.95
11.23,Sedan,4,6.97,16.09,0.97
18.45,Van,5,9.33,29.68,1.62
48.04,SUV,7,7.19,81.49,4.24
17.16,Sedan,4,7.99,20.83,1.66
32.81,Sedan,1,7.37,57.95,2.41
6.88,Sedan,4,6.58,19.71,0.49
26.27,Bus,30,23.0,49.32,9.37
20.59,Sedan,4,6.18,38.77,1.27
11.34,Sedan,2,8.09,16.95,1.14
18.92,Sedan,4,6.71,31.54,1.41
25.91,Sedan,1,5.27,50.27,1.49
38.83,Sedan,2,8.72,56.95,4.17
54.92,SUV,7,10.49,95.0,7.2
35.61,Sedan,1,6.35,45.41,2.35
45.16,Van,8,12.31,56.6,7.2
10.11,Sedan,4,6.02,26.62,0.75
8.77,SUV,6,10.24,29.56,0.94
30.22,Bus,22,10.83,59.51,4.97
7.31,Van,9,9.16,11.7,0.65
17.67,SUV,6,10.47,27.29,1.8
35.12,Sedan,4,6.2,51.8,2.27
49.84,Sedan,4,6.75,87.0,3.55
26.73,Van,6,8.58,47.99,2.74
9.39,Bus,25,23.54,17.39,3.16
21.26,Van,7,13.14,40.87,3.58
23.0,SUV,4,8.7,37.71,1.97
12.43,Van,4,10.27,34.5,1.49
5.5,SUV,2,10.54,13.71,0.48
35.63,Sedan,3,8.88,47.15,3.25
18.03,SUV,3,10.43,26.01,2.12
32.5,Bus,31,24.52,75.39,11.64
25.03,Sedan,4,5.39,40.79,1.46
18.1,Van,7,9.53,43.33,2.21
16.3,Sedan,2,5.07,33.64,1.0
20.15,SUV,2,9.66,34.44,2.08
30.07,Sedan,3,6.71,49.63,2.07
2.26,SUV,1,8.77,12.45,0.2
29.55,Van,11,12.46,64.17,4.39
28.06,Sedan,4,7.98,49.39,2.63
35.42,Van,1,8.25,78.62,2.62
51.48,Van,2,9.93,84.98,6.22
12.69,Bus,17,20.46,26.73,3.52
6.36,Sedan,2,5.94,5.38,0.48
24.07,Sedan,1,5.54,46.92,1.4
22.78,Sedan,3,7.72,38.37,2.05
16.59,Bus,38,14.13,39.64,3.18
28.63,Bus,21,17.1,49.0,5.49
13.4,SUV,3,9.49,35.93,1.33
18.17,Van,9,9.97,26.2,1.75
29.49,SUV,1,10.17,65.48,2.86
16.83,SUV,1,8.15,34.91,1.6
22.83,Sedan,4,8.19,29.38,2.36
16.92,Van,14,10.77,40.22,2.0
9.55,Sedan,4,7.31,22.32,0.84
35.11,Van,4,12.34,73.2,4.76
33.15,Van,14,9.87,72.57,4.69
32.49,Van,8,7.3,84.13,2.3
19.19,Sedan,3,6.93,26.64,1.26
36.83,Sedan,1,6.59,47.39,2.79
37.86,Sedan,4,7.17,58.59,2.96
47.67,Sedan,1,6.23,78.07,3.17
19.44,Sedan,4,5.98,25.03,1.38
23.82,Bus,38,24.03,53.85,9.61
9.5,SUV,2,6.79,14.42,0.58
51.42,Sedan,1,7.38,89.46,4.22
17.17,Sedan,1,5.81,21.67,1.16
7.55,SUV,1,8.5,25.81,0.68
48.52,SUV,6,8.52,61.5,4.4
18.94,SUV,1,7.79,25.61,1.79
63.75,Bus,16,19.71,133.77,14.51
21.8,SUV,4,11.09,48.44,2.74
12.37,Bus,18,19.41,36.09,3.12
35.92,Bus,8,18.31,79.12,8.11
18.14,Sedan,2,5.32,21.09,1.09
31.74,Bus,38,19.55,82.75,9.92
12.92,Sedan,2,9.09,23.31,1.2
29.54,Van,13,10.31,69.06,3.91
16.15,Sedan,2,6.05,32.98,0.98
34.46,Bus,18,16.32,56.47,6.58
20.12,Bus,13,16.53,55.13,4.55
23.8,Van,11,6.06,38.24,1.84
17.9,Van,4,11.73,37.55,2.34
20.7,Sedan,1,5.49,25.43,1.31
34.07,Sedan,4,4.57,45.65,1.56
9.35,SUV,5,10.13,21.39,1.0
25.72,Sedan,1,5.2,22.8,1.19
83.72,Van,1,10.39,132.99,9.03
44.35,Sedan,4,8.26,64.94,4.43
19.19,Bus,21,13.77,47.32,3.6
22.92,SUV,5,6.7,38.6,1.58
15.39,Van,9,11.48,34.7,2.22
31.05,Sedan,4,7.88,47.89,3.04
7.67,Bus,29,13.28,26.49,1.2
16.13,Bus,25,19.22,35.69,3.57
12.36,SUV,5,9.87,17.65,1.41
15.8,SUV,1,5.91,29.45,0.97
24.88,Van,13,12.44,47.02,4.13
2.6,Sedan,3,7.55,6.88,0.2
17.38,SUV,2,8.53,38.52,1.68
14.85,Sedan,2,8.0,21.31,1.37
38.89,Sedan,1,7.86,47.44,3.07
10.69,Sedan,4,6.62,18.18,0.8
25.14,Sedan,3,5.96,28.81,1.58
19.23,Sedan,3,5.33,37.05,1.2
40.66,Sedan,3,6.45,53.5,2.63
37.26,Bus,16,19.71,61.09,8.48
56.76,SUV,2,8.51,66.69,5.08
41.56,Bus,18,11.41,115.1,6.97
26.34,SUV,2,10.9,33.88,2.64
35.68,Sedan,1,6.73,61.43,2.34
18.01,SUV,5,8.43,30.47,1.6
23.24,SUV,1,10.29,36.47,2.95
23.92,Sedan,3,8.33,37.65,2.2
11.13,SUV,1,4.8,21.0,0.53
39.77,Sedan,3,7.02,65.19,2.75
49.24,SUV,1,6.86,100.0,3.04
19.42,Van,10,11.9,36.49,2.56
20.45,Sedan,4,6.65,27.67,1.56
13.41,Sedan,3,7.26,28.97,1.25
8.6,Van,14,10.1,19.1,1.22
33.26,SUV,5,6.19,55.0,2.53
9.09,Sedan,2,5.96,17.92,0.46
8.68,Bus,44,19.22,27.53,2.27
31.95,Sedan,1,7.72,43.94,2.91
24.15,Van,3,8.89,37.65,2.17
33.38,Bus,23,21.08,88.55,10.83
12.22,Sedan,3,5.72,18.15,0.9
61.2,Sedan,1,6.93,77.77,3.97
10.86,Sedan,3,5.89,25.96,0.74
14.84,Sedan,4,6.72,28.31,0.96
12.6,Sedan,2,7.57,21.75,0.85
60.12,Van,13,8.79,127.59,7.16
16.31,Sedan,3,5.68,21.84,0.96
10.19,SUV,6,9.28,21.06,1.05
80.47,Bus,6,25.2,132.36,20.93
54.29,Van,12,9.45,72.3,5.27
44.85,SUV,3,12.06,97.0,5.56
52.42,Sedan,1,8.91,68.78,5.34
10.51,SUV,2,8.85,22.9,1.16
56.82,SUV,4,8.55,85.75,5.68
18.52,SUV,6,7.96,29.02,1.62
27.03,Sedan,4,6.42,52.67,1.82
21.17,Bus,16,13.78,52.6,3.19
48.97,SUV,6,8.89,100.32,5.61
2.34,Sedan,2,8.3,7.9,0.2
9.35,Sedan,3,5.77,22.43,0.5
52.36,SUV,5,8.64,73.18,4.17
13.57,Van,8,7.94,28.96,1.09
47.86,Van,8,11.67,68.02,7.19
13.07,Van,6,11.48,23.62,1.62
18.03,Sedan,2,6.58,30.68,1.37
64.15,SUV,6,8.67,89.18,7.16
35.48,SUV,1,8.56,62.46,3.78
24.44,Sedan,2,7.1,39.44,1.65
30.28,Sedan,4,6.47,56.52,2.07
41.67,Van,13,11.57,80.27,6.44
23.51,Sedan,1,6.76,22.6,1.92
31.88,SUV,1,10.69,50.53,3.87
81.45,Sedan,1,7.31,143.46,5.97
9.9,Sedan,3,6.73,20.48,0.7
24.27,Sedan,3,8.32,37.74,2.22
15.34,Bus,17,19.26,27.74,3.2
11.31,Van,1,13.35,20.44,1.58
24.09,Bus,43,19.82,77.53,7.95
11.49,SUV,3,6.24,25.04,0.74
10.23,Sedan,1,8.07,19.0,0.76
20.2,SUV,3,9.2,36.7,1.7
31.28,SUV,2,8.92,60.98,2.63
29.71,Van,14,11.51,47.42,3.83
20.49,Sedan,2,6.09,31.29,1.57
7.63,SUV,4,9.34,14.99,0.8
7.27,Sedan,1,5.79,15.41,0.52
27.59,Sedan,4,8.03,35.04,2.74
13.85,Van,6,10.8,35.08,1.53
25.19,SUV,6,8.43,45.35,2.53
23.05,Sedan,4,5.39,42.12,1.16
4.45,Sedan,2,6.82,5.0,0.36
52.96,SUV,2,9.28,79.64,4.57
7.19,Van,6,11.7,18.28,0.86
18.39,Bus,19,14.92,57.62,3.17
8.39,Bus,38,13.2,23.75,2.02
13.62,Van,6,12.13,23.39,1.56
14.82,Sedan,2,8.28,23.64,1.3
15.87,Van,9,9.15,34.93,1.59
18.76,SUV,7,11.38,37.48,2.61
59.96,Sedan,4,6.84,71.25,4.17
10.97,Van,14,10.99,19.74,1.25
31.98,Sedan,3,6.02,51.0,2.43
44.64,Bus,34,13.85,85.43,9.44
29.89,SUV,4,10.48,42.21,3.72
50.36,SUV,4,7.84,90.03,4.38
30.07,Van,1,9.6,43.52,2.81
29.5,Bus,25,20.98,56.92,8.61
45.44,SUV,6,6.18,57.77,2.68
26.87,SUV,7,6.71,53.61,2.27
44.79,Sedan,2,6.48,66.59,3.36
26.81,SUV,5,9.44,46.96,3.11
44.29,Sedan,1,7.08,62.63,3.44
56.5,Van,10,10.46,124.39,7.13
16.8,SUV,6,12.8,28.55,2.41
15.11,Van,3,10.59,28.98,1.98
50.29,Sedan,3,6.22,65.04,3.16
43.76,Sedan,4,5.54,71.44,2.73
5.11,Van,11,11.22,5.0,0.71
25.4,Sedan,3,7.24,49.08,1.92
63.84,Sedan,1,7.94,77.79,5.49
9.32,Sedan,1,4.71,26.07,0.5
8.3,Bus,44,17.26,13.08,2.05
13.29,Van,4,11.8,27.3,1.93
16.03,Sedan,3,7.2,31.05,1.41
5.94,Sedan,3,6.51,14.37,0.45
9.41,Sedan,4,7.15,13.92,0.76
5.48,Van,8,9.54,27.46,0.67
24.86,Van,13,13.8,47.45,4.76
24.52,Sedan,4,7.69,43.19,2.04
50.57,Sedan,1,4.89,94.67,2.34
26.2,Sedan,1,5.21,37.13,1.7
31.61,Van,4,9.12,62.54,3.47
33.77,Van,4,12.22,59.03,4.35
10.63,Sedan,3,4.96,19.24,0.6
9.65,Sedan,3,6.1,20.67,0.44
8.54,Sedan,1,7.05,17.31,0.72
16.0,Bus,28,17.8,41.81,4.29
15.06,Sedan,2,6.81,20.28,0.94
22.74,Van,6,9.08,34.5,2.46
35.44,SUV,4,9.89,58.18,3.26
31.57,Sedan,1,5.76,49.66,1.86
14.96,Sedan,1,6.11,19.86,1.04
13.09,Sedan,2,6.79,16.91,1.16
14.32,SUV,7,9.15,36.52,1.44
15.72,Van,9,11.04,25.15,2.1
6.82,SUV,1,7.87,10.42,0.62
26.44,SUV,5,8.55,35.19,2.73
64.06,Sedan,3,6.5,82.21,4.67
21.93,Bus,31,13.87,54.85,4.98
22.6,Van,8,10.17,48.92,2.6
28.97,Sedan,4,6.97,52.1,2.48
9.22,Bus,16,14.17,25.29,1.57
13.4,SUV,5,10.73,21.77,1.63
14.45,SUV,1,10.9,20.14,1.57
8.89,Van,8,8.76,13.85,0.69
56.12,Van,2,13.44,114.1,7.13
34.8,Van,7,10.74,68.45,4.49
36.39,Sedan,2,7.0,40.62,2.61
17.07,Sedan,3,5.9,26.73,1.15
23.81,Bus,14,20.77,48.11,6.63
16.05,Sedan,3,6.99,33.23,1.37
18.6,Sedan,1,5.52,31.17,1.24
22.69,SUV,4,7.25,49.97,1.7
19.37,SUV,4,6.81,32.96,1.6
22.49,SUV,5,9.28,32.5,2.21
6.12,Bus,21,19.72,26.34,1.67
9.36,Sedan,3,7.28,13.97,0.83
16.0,Sedan,3,6.36,24.03,1.27
18.01,Sedan,3,5.11,35.44,0.86
18.01,Bus,23,15.95,35.18,3.65
30.96,SUV,5,10.73,49.53,4.2
25.5,Sedan,4,5.92,50.83,1.4
28.04,Van,3,11.26,54.68,3.67
14.28,Bus,44,14.77,31.11,3.23
10.55,Van,8,11.61,25.0,1.6
19.06,Bus,5,16.63,50.59,3.58
33.25,Sedan,4,7.76,47.6,2.85
54.68,Van,14,12.39,95.76,8.77
14.6,SUV,4,8.26,32.84,1.5
54.59,Van,11,10.77,121.33,7.53
9.7,Van,6,10.01,20.08,1.05
6.58,Van,10,8.45,10.29,0.65
17.64,Van,8,9.46,37.22,2.11
10.59,Sedan,2,6.74,19.45,0.82
13.0,SUV,2,9.49,26.9,1.49
38.47,Bus,28,18.45,87.87,11.59
36.21,Bus,27,17.09,87.93,8.89
25.54,Sedan,4,7.62,37.45,1.92
24.24,Sedan,4,6.58,50.61,1.99
12.84,Sedan,1,7.34,16.47,1.01
19.24,Van,6,7.81,36.74,1.51
17.1,Van,3,4.0,37.92,0.75
7.84,Sedan,2,6.84,17.6,0.62
60.55,SUV,6,6.86,94.11,5.29
17.42,Van,2,10.62,45.12,1.72
9.96,Van,4,10.46,18.1,1.06
7.22,SUV,7,11.38,23.11,0.85
29.17,SUV,4,9.6,37.67,3.25
57.44,SUV,1,9.25,102.18,5.45
68.75,Sedan,1,7.5,92.16,5.24
20.1,SUV,7,9.55,35.81,2.22
17.43,Van,4,10.18,35.11,1.7
22.89,Bus,13,21.21,58.44,5.89
22.56,SUV,4,7.34,43.09,2.0
4.43,Van,14,11.58,14.21,0.86
15.97,Sedan,4,4.64,28.73,0.67
26.58,SUV,5,9.31,40.64,2.84
30.12,Sedan,1,6.73,41.32,2.05
31.54,Sedan,3,8.51,39.68,3.24
22.35,Van,11,8.18,28.27,1.9
9.61,Bus,42,16.2,17.28,2.25
19.74,Sedan,1,7.49,41.38,1.86
45.86,SUV,7,9.5,70.5,5.58
27.85,Van,3,11.32,59.11,3.38
17.93,Sedan,3,5.35,31.27,1.05
72.56,SUV,6,8.11,119.17,7.36
23.13,Van,6,13.24,45.55,3.31
19.53,SUV,5,8.92,26.84,1.59
33.28,Sedan,2,6.95,63.0,2.77
8.88,Sedan,1,6.36,16.24,0.64
17.41,Van,5,8.87,38.7,1.51
19.84,SUV,1,10.4,41.48,2.52
5.77,Sedan,3,7.1,5.0,0.46
24.56,Van,11,15.15,40.33,4.7
30.03,Sedan,2,5.28,46.37,1.96
14.89,Van,7,12.48,32.16,2.1
34.33,Sedan,1,4.93,51.82,1.67
41.71,Bus,38,18.47,94.34,13.6
44.93,Sedan,4,7.67,52.68,3.58
9.86,Sedan,2,4.01,20.03,0.54
23.94,Sedan,3,6.25,46.85,1.33
32.09,Sedan,3,5.82,47.16,1.86
23.89,Bus,7,15.89,70.64,4.73
39.91,Bus,7,19.16,68.58,9.9
25.19,Sedan,2,7.84,46.06,2.32
9.62,SUV,6,8.8,23.28,0.88
40.36,Van,13,11.37,56.78,5.2
23.4,Bus,42,18.34,49.97,6.69
55.7,SUV,3,9.0,75.48,4.84
9.67,Sedan,1,5.19,24.04,0.6
23.69,SUV,2,10.66,31.94,3.13
53.2,Van,7,11.53,85.98,7.34
25.55,Sedan,3,6.97,40.31,1.88
35.6,SUV,4,7.79,62.16,3.1
42.65,Sedan,4,5.95,79.48,2.77
22.77,Van,13,10.68,40.8,3.2
12.05,Sedan,2,4.66,21.47,0.62
38.45,SUV,2,6.47,57.2,2.92
20.04,SUV,2,8.1,28.79,1.89
4.18,SUV,6,9.78,12.31,0.5
47.3,Sedan,1,5.72,75.59,3.2
59.94,SUV,7,7.47,87.05,5.76
14.39,SUV,7,7.78,29.51,1.08
22.1,SUV,1,8.32,39.46,2.22
63.02,SUV,6,8.47,121.23,5.83
53.85,Van,11,14.9,109.88,9.9
32.15,Van,14,12.9,51.38,5.23
50.77,Sedan,4,7.73,69.57,4.68
19.15,Van,7,13.1,41.23,3.27
7.68,SUV,6,7.5,18.03,0.69
44.66,Sedan,1,5.03,87.88,2.45
21.63,Sedan,4,5.17,31.26,1.36
6.2,Sedan,2,8.1,10.93,0.57
14.77,Van,10,10.02,33.83,1.53
18.62,Van,9,8.75,41.2,1.7
20.16,Van,12,10.22,32.3,2.05
13.09,SUV,1,8.64,33.4,1.1
10.31,SUV,2,9.4,22.03,1.03
5.54,Sedan,2,6.8,19.95,0.39
5.36,Sedan,4,5.51,20.17,0.26
21.31,SUV,2,10.03,40.51,2.06
26.07,Sedan,3,5.73,44.82,1.66
10.12,Sedan,2,6.31,12.7,0.63
50.07,SUV,4,10.03,92.17,6.21
16.47,Van,7,9.84,39.97,2.01
20.21,Bus,20,16.29,46.13,4.49
19.38,Bus,41,19.78,37.03,5.54
4.66,SUV,5,7.71,7.39,0.42
40.17,SUV,7,8.42,70.95,4.18
31.71,SUV,7,9.83,42.98,3.09
51.07,Van,7,14.7,105.18,8.39
49.05,Sedan,1,7.23,77.89,3.83
29.23,SUV,1,9.71,43.77,3.35
33.12,Van,1,11.96,76.59,4.21
9.59,Sedan,3,5.21,19.16,0.66
16.55,SUV,3,9.17,27.76,1.8
19.29,SUV,6,8.96,38.51,1.99
14.99,Sedan,2,6.89,31.18,1.07
48.34,Sedan,1,6.64,79.41,3.99
24.41,Sedan,1,6.96,35.13,1.93
12.25,Sedan,2,6.13,23.55,0.82
46.44,Sedan,1,6.57,71.89,3.44
24.94,Van,7,8.79,41.92,2.5
39.13,Sedan,2,6.12,59.21,2.79
9.44,SUV,3,11.09,26.76,0.99
26.22,Sedan,2,6.88,28.96,2.13
11.83,Bus,33,17.94,24.41,3.51
25.31,Sedan,3,8.78,50.78,2.11
31.77,SUV,7,6.96,42.25,2.08
8.72,Bus,43,14.67,19.38,2.26
21.12,Van,1,14.08,43.9,2.74
9.39,Sedan,4,6.56,14.33,0.63
40.42,Van,3,10.56,89.58,4.36
22.57,SUV,5,7.2,43.72,1.72
12.22,SUV,2,9.67,28.78,1.24
14.62,Sedan,3,7.15,22.49,1.07
16.19,Sedan,1,5.19,34.35,0.98
50.6,Van,6,10.75,77.67,6.74
20.63,SUV,7,8.5,41.04,1.61
36.25,SUV,3,9.38,52.69,3.78
21.29,Van,1,8.99,28.14,1.76
9.6,Van,6,13.25,14.75,1.5
14.52,Sedan,2,7.6,24.11,1.18
27.0,SUV,6,8.46,52.6,2.26
4.71,Sedan,2,6.24,11.78,0.39
29.98,Van,3,10.75,39.7,4.06
13.16,Van,14,9.6,25.87,1.55
24.27,Bus,9,16.67,55.42,4.24
14.95,Sedan,1,6.18,28.63,1.06
33.66,Sedan,3,8.44,40.18,3.48
22.32,Sedan,1,7.64,39.67,1.69
32.88,Sedan,4,7.62,64.93,2.45
5.56,Sedan,3,6.94,12.37,0.57
19.08,Bus,32,14.65,51.32,4.28
12.98,Sedan,2,6.45,19.11,0.73
29.44,Sedan,4,7.66,52.56,2.71
40.13,Van,11,8.74,71.76,4.49
39.24,SUV,6,9.95,50.93,4.03
52.26,Van,1,15.18,86.59,7.14
40.73,Sedan,3,7.77,50.81,3.91
18.96,SUV,6,11.12,29.57,2.51
10.84,Sedan,3,6.76,14.27,0.69
5.92,Sedan,2,7.66,12.53,0.44
10.49,Bus,11,15.85,30.04,1.96
5.1,Sedan,3,7.46,11.93,0.38
7.9,SUV,3,9.98,16.48,0.86
25.69,SUV,2,9.43,35.9,2.47
5.55,Sedan,2,8.08,12.34,0.32
27.86,Bus,23,16.38,64.14,7.07
14.57,Sedan,1,6.28,26.52,1.03
22.97,Van,10,11.17,35.4,3.1
23.36,Bus,20,14.91,49.16,4.42
52.39,SUV,2,9.34,107.24,4.73
23.93,Bus,6,12.84,46.73,3.7
8.2,Sedan,1,7.76,21.96,0.77
11.29,SUV,3,9.07,17.83,1.1
23.32,Sedan,4,5.87,29.52,1.39
18.37,Van,3,9.5,32.1,1.93
24.04,Bus,28,17.3,57.4,6.61
28.19,Sedan,1,7.33,38.64,2.13
11.62,Van,5,11.99,24.85,1.67
28.73,Sedan,3,5.65,59.98,1.93
30.82,SUV,5,7.73,42.74,2.47
24.29,SUV,1,9.99,38.05,2.97
62.02,Bus,5,15.83,162.65,9.62
6.08,SUV,1,9.09,10.99,0.59
57.44,Sedan,3,6.65,97.07,4.19
17.22,Sedan,1,6.87,28.32,1.49
12.88,Sedan,4,7.53,17.45,1.02
29.4,Sedan,4,4.98,57.26,1.48
14.63,Sedan,3,4.21,20.64,0.85
38.51,Bus,14,16.3,79.05,8.85
16.88,SUV,5,11.7,26.77,1.89
41.8,SUV,6,12.03,50.21,5.73
10.11,Sedan,4,8.7,17.57,0.77
26.71,Bus,40,17.42,49.23,6.73
12.19,Van,6,7.79,26.06,1.34
27.36,Sedan,1,4.0,26.64,1.08
7.16,Van,3,9.89,20.14,0.7
7.66,SUV,3,8.7,12.5,0.79
16.77,Sedan,1,8.06,26.06,1.37
42.96,SUV,5,10.3,56.89,5.51
6.3,SUV,3,9.34,16.25,0.72
47.8,Sedan,3,5.43,68.24,3.19
27.39,Bus,12,15.12,66.23,5.15
40.93,Van,8,11.46,70.35,5.23
22.33,Van,14,12.25,34.81,3.41
24.45,SUV,6,9.59,56.23,2.75
18.7,SUV,5,7.45,34.7,1.47
17.31,Van,3,12.17,34.73,2.17
34.23,SUV,7,9.64,60.63,3.94
10.14,Sedan,1,5.22,21.01,0.45
22.01,SUV,3,7.82,34.18,1.85
6.19,Van,8,12.24,19.04,1.07
7.97,SUV,4,8.65,14.48,0.88
20.59,Sedan,4,8.41,31.48,2.01
13.84,Van,1,11.9,32.59,2.07
19.03,Sedan,4,5.92,26.78,1.17
11.4,Sedan,2,6.49,14.25,0.74
31.9,Sedan,4,6.58,43.32,2.26
8.42,Sedan,3,5.63,14.66,0.37
58.52,Van,12,9.36,81.37,6.69
46.43,SUV,4,10.05,70.88,5.4
29.49,Sedan,3,7.51,43.43,2.58
7.47,Bus,36,19.81,26.75,1.96
19.06,Bus,16,22.55,55.74,5.13
30.61,Bus,25,16.37,78.15,7.58
39.58,Sedan,3,8.51,43.72,3.97
39.44,SUV,3,7.65,46.15,2.88
34.7,Bus,7,14.96,88.74,5.06
3.69,Van,11,7.83,11.2,0.49
10.46,Sedan,2,5.97,24.74,0.61
35.3,Sedan,2,5.9,62.11,2.16
14.5,SUV,6,9.79,25.41,1.25
26.4,Bus,20,18.73,54.11,5.93
60.87,SUV,7,7.21,119.66,4.5
14.01,SUV,7,8.41,15.34,1.33
41.27,Sedan,2,6.05,64.24,2.82
27.32,Van,9,7.8,67.36,2.16
77.45,Van,14,9.23,105.67,7.56
27.37,Sedan,3,5.58,49.86,1.7
14.65,Van,7,13.58,32.38,2.05
22.07,Bus,20,18.57,56.13,4.56
10.0,Sedan,4,7.29,16.77,0.65
33.85,SUV,6,6.75,70.47,2.42
16.53,Sedan,4,7.93,35.15,1.54
22.05,Van,12,13.34,45.0,4.02
43.31,SUV,2,6.0,83.49,2.51
9.18,SUV,2,7.94,16.4,0.55
39.66,Van,2,11.89,62.74,4.94
6.81,Sedan,4,7.27,18.3,0.48
20.24,Bus,7,15.96,36.92,4.31
29.59,SUV,2,8.54,56.91,2.52
35.3,Sedan,3,5.78,63.14,2.16
9.81,Van,13,11.2,15.63,1.46
61.42,Van,7,13.15,100.14,9.3
29.88,Sedan,2,5.57,59.02,1.74
35.59,Bus,17,21.0,68.83,10.85
30.01,Bus,8,15.65,76.02,5.03
10.14,Sedan,4,5.48,9.54,0.54
13.1,Bus,32,20.46,19.12,3.7
46.75,Sedan,4,7.61,71.52,4.1
47.67,Sedan,3,7.52,59.88,4.14
4.42,Sedan,1,4.92,9.77,0.2
33.61,Bus,14,16.6,85.0,6.45
19.99,Van,5,12.48,41.61,2.78
28.71,Sedan,4,6.55,43.57,2.37
24.67,SUV,3,7.39,58.36,2.01
24.41,SUV,6,9.69,42.21,2.94
11.82,Sedan,3,5.64,26.4,0.73
40.26,Bus,32,23.38,87.59,15.47
14.57,Van,4,13.78,31.22,1.82
19.7,SUV,1,9.91,26.6,2.13
12.03,Bus,5,22.08,32.38,3.42
22.04,SUV,1,9.1,30.38,2.45
8.52,Bus,16,20.3,18.47,2.0
15.1,Van,7,13.66,29.03,2.26
40.12,SUV,4,9.37,69.43,3.39
9.63,Sedan,2,6.19,22.47,0.79
33.38,Bus,13,12.89,65.51,4.63
7.91,SUV,5,8.88,14.86,0.81
13.9,Sedan,2,7.49,26.04,1.19
14.06,Sedan,2,7.63,18.35,1.37
37.88,SUV,1,9.76,61.28,3.73
47.95,SUV,4,8.19,51.57,3.88
17.47,Van,13,7.44,35.07,1.5
8.47,Bus,39,16.51,26.53,2.21
15.59,Sedan,2,6.13,24.29,1.12
16.49,Van,4,10.44,31.28,1.7
15.22,Sedan,3,7.24,28.53,1.18
20.0,Bus,29,23.96,50.16,6.5
12.04,Van,13,11.22,28.41,1.62
8.85,SUV,4,8.67,21.54,0.98
4.91,Van,12,10.53,14.66,0.57
36.85,Sedan,1,6.65,47.62,2.75
24.54,SUV,4,7.76,39.01,2.28
31.5,Van,8,11.22,61.26,4.33
28.91,SUV,4,9.68,56.62,2.7
20.94,Sedan,1,6.75,32.17,1.58
19.97,SUV,2,9.69,19.35,2.39
60.59,Van,3,11.78,134.62,6.76
15.37,Sedan,2,4.37,22.85,0.78
22.38,Sedan,1,7.26,32.23,1.56
16.34,Van,11,9.79,26.94,1.57
10.62,Van,5,9.03,19.74,1.09
76.35,Sedan,2,5.17,128.84,4.7
30.61,Sedan,1,7.02,47.9,2.16
13.72,Sedan,4,6.23,27.36,0.88
11.68,Sedan,4,4.48,15.76,0.68
33.34,SUV,6,9.72,62.24,3.29
42.04,Van,8,8.41,73.87,3.35
9.53,Van,14,11.25,17.73,1.32
19.42,SUV,1,9.36,43.05,2.07
22.31,Sedan,1,7.56,22.05,2.07
22.42,Van,6,14.21,43.84,3.23
25.36,SUV,3,6.95,46.9,1.71
18.13,Bus,31,17.84,32.45,4.56
20.45,SUV,6,8.59,33.13,2.0
21.22,Sedan,1,7.02,36.49,1.59
9.11,Van,10,11.39,21.52,1.2
59.73,Sedan,3,6.08,101.96,3.36
34.58,Van,4,10.21,59.12,3.63
40.65,Sedan,3,5.16,71.35,1.95
26.02,Sedan,3,7.69,43.74,1.9
77.74,Bus,31,19.38,204.3,25.2
2.0,Sedan,2,7.6,9.5,0.2
22.89,Van,8,10.44,34.14,3.15
11.4,Sedan,4,5.71,12.5,0.6
24.09,SUV,5,7.38,41.93,2.37
52.54,Van,13,11.65,64.08,6.59
32.87,SUV,2,7.44,56.03,2.22
21.36,Sedan,4,8.72,44.61,1.87
55.86,Sedan,1,4.93,91.1,3.2
38.31,Sedan,4,6.83,51.88,2.8
30.73,Sedan,2,8.38,41.2,3.14
30.2,Van,11,12.08,43.2,4.52
36.92,Bus,38,18.53,66.97,10.73
14.56,Bus,25,15.09,44.89,2.99
13.25,Van,13,8.51,26.0,1.28
10.56,Van,1,12.39,21.67,1.27
15.02,Van,10,13.71,32.24,2.35
53.76,Sedan,2,5.97,88.95,3.04
19.43,Bus,34,14.58,44.72,4.91
54.44,Van,12,6.58,100.98,4.78
14.25,SUV,5,7.53,24.29,1.08
43.07,Sedan,2,6.36,64.17,2.9
48.08,SUV,6,11.4,90.68,6.08
24.39,SUV,4,10.01,50.03,2.65
19.22,Bus,33,18.92,54.55,5.66
12.54,SUV,7,8.4,29.88,1.08
39.91,Sedan,3,5.8,71.93,2.5
18.74,Bus,8,22.22,45.68,5.28
17.15,Sedan,1,6.74,16.68,1.32
27.91,SUV,3,5.85,34.31,1.43
32.94,Sedan,2,5.69,44.5,1.84
12.06,Van,13,9.46,21.99,1.45
27.84,Bus,35,16.36,66.52,7.79
48.22,Sedan,2,7.18,77.41,4.16
10.42,Bus,43,17.68,30.04,3.23
40.45,Sedan,2,6.41,48.23,3.33
40.24,Bus,35,21.94,82.41,12.26
42.38,Van,6,9.75,72.3,3.94
33.83,Van,4,14.36,49.4,5.1
32.72,Sedan,3,5.69,55.91,2.08
39.62,Bus,40,18.27,95.4,10.69
27.81,Van,12,10.49,39.98,2.94
16.29,Sedan,4,6.65,24.81,1.31
16.03,Van,7,11.8,28.63,1.87
20.88,Sedan,4,7.02,31.76,1.72
35.27,Bus,43,15.74,92.36,7.62
21.29,Sedan,3,5.15,37.33,1.44
19.05,Van,12,15.51,44.69,3.92
42.15,SUV,4,8.27,80.99,4.37
24.87,Sedan,1,7.34,26.41,2.17
8.09,Sedan,4,4.57,14.77,0.44
10.57,Sedan,3,6.16,21.44,0.7
9.6,SUV,6,8.81,22.01,0.95
21.65,Sedan,3,7.07,41.09,1.92
10.89,SUV,2,4.92,26.39,0.48
19.21,Sedan,4,6.7,30.7,1.5
15.36,Sedan,1,5.12,25.91,0.82
6.9,Van,2,11.58,17.59,0.9
10.39,Sedan,3,5.26,16.43,0.46
55.72,Bus,22,15.43,99.59,12.37
17.55,Bus,28,17.18,47.96,4.84
16.77,Van,6,9.11,30.81,1.92
16.2,SUV,6,8.29,30.95,1.48
25.91,Bus,20,14.42,45.47,5.58
22.1,Sedan,2,4.3,28.32,1.08
63.29,Sedan,4,7.72,110.46,4.91
43.77,Sedan,1,4.94,84.31,2.74
62.09,Van,14,10.68,134.75,8.82
34.9,Sedan,1,7.4,47.77,2.98
32.25,SUV,4,8.08,63.12,2.56
10.08,Bus,17,15.52,12.18,1.92
4.38,Bus,39,18.68,16.25,1.11
7.98,SUV,4,10.68,11.82,1.02
7.2,Sedan,3,5.1,18.93,0.29
19.85,Van,8,10.73,29.26,2.22
38.64,SUV,1,6.4,70.3,2.41
14.07,Sedan,1,6.03,27.29,0.77
11.8,Sedan,1,6.54,27.44,0.67
36.72,Bus,7,15.44,74.58,7.41
11.89,Van,3,10.18,24.86,1.19
53.82,Van,14,8.47,81.96,6.13
10.71,Bus,22,18.23,27.17,2.63
38.53,SUV,2,10.58,61.66,4.7
26.3,SUV,3,7.35,50.47,1.99
3.12,SUV,1,8.07,13.35,0.23
12.66,Sedan,2,7.1,19.23,0.87
39.9,SUV,4,10.82,44.92,4.96
7.07,Van,11,8.31,22.13,0.65
16.89,SUV,4,8.75,19.37,1.5
7.33,Bus,23,18.85,19.96,1.83
19.92,SUV,2,8.85,35.41,2.0
28.13,SUV,6,5.28,50.63,1.53
23.75,SUV,7,9.75,35.22,2.41
25.06,SUV,2,11.28,48.49,3.26
23.66,Van,12,11.21,59.44,3.34
18.66,Sedan,3,5.26,32.83,1.05
35.92,SUV,3,8.23,68.37,3.0
6.9,Sedan,2,8.62,5.0,0.44
52.04,Sedan,1,7.59,59.14,3.52
24.36,SUV,5,9.96,57.01,2.29
7.66,Van,5,11.64,14.14,0.94
47.87,Bus,34,16.02,83.44,9.95
19.09,SUV,1,8.7,32.83,1.63
15.11,Van,10,10.86,32.09,2.32
7.81,SUV,5,9.82,22.56,0.99
13.93,SUV,1,11.26,36.54,1.31
37.03,Sedan,2,7.84,45.42,3.17
11.35,Sedan,4,4.8,18.6,0.67
37.48,Sedan,2,6.77,53.19,2.39
16.98,SUV,6,10.11,29.72,2.16
10.22,Sedan,4,7.24,23.5,1.04
14.47,Sedan,4,5.74,22.68,0.94
29.32,Sedan,2,10.0,42.98,3.14
25.04,Bus,28,14.17,50.64,5.28
55.67,Sedan,1,5.2,70.26,3.42
17.6,SUV,6,9.35,21.52,1.97
38.19,Sedan,4,9.04,56.7,3.26
19.84,SUV,3,7.75,25.66,1.78
12.11,Sedan,4,6.18,25.76,0.96
8.85,Sedan,1,7.79,12.62,0.61
17.76,SUV,7,8.97,30.59,1.62
21.53,Sedan,1,6.1,46.65,1.44
46.94,Sedan,1,7.18,51.91,3.7
55.28,Sedan,3,6.83,76.73,4.58
55.19,Sedan,1,7.74,92.95,4.22
13.11,Sedan,3,8.05,19.47,1.26
11.21,Sedan,1,6.87,14.89,0.83
13.96,Van,14,11.53,22.67,2.09
19.46,SUV,1,9.32,21.87,2.07
5.61,SUV,3,9.73,14.31,0.53
10.64,Sedan,2,6.57,19.25,0.77
44.97,Bus,42,18.0,93.28,14.27
25.98,Sedan,4,7.94,40.09,1.99
14.75,Sedan,4,8.32,28.23,1.3
6.15,SUV,4,6.74,14.16,0.41
25.6,Sedan,2,6.51,27.72,1.68
22.39,Sedan,4,5.67,41.56,1.37
10.63,SUV,2,8.53,20.06,1.04
33.53,Bus,9,19.21,79.37,7.48
15.26,SUV,3,10.0,30.58,1.65
23.99,Van,4,10.8,54.53,2.46
54.83,Bus,26,12.26,155.03,10.83
32.41,Sedan,3,5.34,58.8,1.88
7.87,Sedan,3,7.58,20.86,0.57
32.49,Sedan,2,4.0,45.12,1.53
13.46,SUV,3,10.78,32.72,1.86
29.47,SUV,7,9.78,49.33,3.07
37.95,Bus,39,21.95,107.58,12.16
24.0,Van,12,10.64,49.8,3.2
8.37,SUV,7,5.91,21.45,0.46
4.03,Sedan,1,7.02,5.42,0.29
42.86,Van,5,13.29,88.71,6.49
50.93,Bus,24,20.77,147.54,12.35
12.9,Van,9,9.81,31.24,1.67
3.47,Sedan,3,6.6,10.03,0.32
7.15,SUV,1,8.2,12.06,0.71
15.71,Sedan,2,5.52,17.76,0.91
37.76,Sedan,3,7.65,66.16,3.18
3.5,Sedan,1,5.06,10.96,0.2
46.25,SUV,1,7.66,73.03,3.75
42.98,Van,3,9.01,77.28,3.82
45.71,Sedan,3,4.71,74.5,2.71
10.0,Sedan,3,6.68,22.8,0.59
39.73,SUV,4,10.74,57.8,4.68
22.08,Sedan,2,6.28,44.12,1.29
9.5,Sedan,4,4.69,17.36,0.58
23.8,SUV,5,10.26,34.8,2.77
21.57,Van,2,14.03,38.44,3.54
7.12,Sedan,4,5.72,22.47,0.46
31.55,Sedan,1,5.93,39.63,2.21
20.87,Sedan,3,7.12,37.67,1.62
16.56,Bus,33,22.87,43.87,5.43
16.12,Van,8,10.06,26.44,1.88
26.69,Van,9,8.6,50.98,2.24
15.29,Sedan,2,7.26,29.59,1.08
4.2,SUV,5,10.2,12.89,0.54
9.12,Sedan,3,6.51,23.55,0.64
21.04,SUV,4,8.16,34.75,2.15
14.67,Bus,42,20.98,37.89,4.53
16.41,SUV,6,9.79,23.02,1.82
10.31,Bus,28,15.69,21.27,1.95
10.41,Van,8,11.09,18.9,1.52
29.6,Sedan,1,4.88,57.03,1.72
23.55,Bus,13,20.06,47.52,6.25
11.49,Sedan,2,6.19,22.25,0.67
16.01,SUV,1,8.35,36.78,1.29
34.36,Sedan,3,6.46,59.7,2.57
8.8,Sedan,3,6.55,18.16,0.82
37.27,SUV,5,10.34,54.29,3.87
18.95,Sedan,2,7.21,35.12,1.39
16.16,SUV,5,8.77,32.73,1.43
7.45,SUV,4,10.15,11.6,0.64
85.61,Sedan,2,6.98,145.36,6.68
27.87,Sedan,2,5.99,39.68,1.88
4.11,SUV,4,8.81,16.74,0.43
24.38,Sedan,4,6.32,45.5,1.75
42.61,Van,3,11.91,88.88,5.01
25.49,Van,13,10.34,44.32,3.35
34.94,Van,6,10.3,75.69,4.11
14.21,Van,4,14.54,23.01,2.61
12.89,SUV,6,10.41,20.08,1.45
17.25,Van,4,9.63,36.82,1.73
21.87,Sedan,2,7.19,27.3,1.85
14.44,Sedan,2,6.64,26.35,1.16
18.67,Van,11,11.7,38.03,2.25
9.2,SUV,3,9.21,19.0,0.67
5.59,Van,3,13.14,11.97,0.64
11.68,Van,11,11.62,32.53,1.91
59.79,Bus,44,17.81,125.06,16.29
44.67,Bus,36,21.13,107.92,14.22
24.78,SUV,1,9.35,25.8,2.59
6.58,Sedan,3,6.65,16.59,0.5
19.75,SUV,2,9.47,24.4,2.32
23.09,Sedan,2,6.39,32.13,1.58
13.82,SUV,1,9.01,28.98,1.24
46.35,Van,1,9.94,87.85,4.52
8.86,Van,13,9.65,26.78,1.17
29.65,Sedan,4,5.3,42.19,1.79
8.67,Sedan,3,4.83,16.45,0.47
9.56,SUV,6,7.68,21.46,0.72
19.77,Sedan,2,6.29,26.59,1.34
3.12,Bus,36,18.31,16.03,0.79
23.79,Sedan,1,6.17,36.1,1.65
14.97,Sedan,4,4.0,34.88,0.58
18.77,Sedan,1,8.39,27.82,1.85
12.62,SUV,5,10.63,19.28,1.51
45.59,SUV,5,9.67,74.85,4.84
36.45,Sedan,4,8.79,49.29,3.16
29.47,Sedan,3,5.33,51.67,1.5
9.97,SUV,6,11.83,26.07,1.12
31.74,Sedan,4,5.34,38.6,2.09
25.79,Van,11,11.43,46.27,3.77
78.57,SUV,2,7.09,105.12,6.61
6.5,Sedan,4,6.52,17.42,0.55
17.85,Sedan,4,6.96,25.04,1.4
12.77,Bus,7,17.54,28.1,2.52
26.34,SUV,4,10.07,51.38,2.51
5.87,Van,10,11.18,13.6,0.97
33.24,Sedan,3,5.87,53.18,2.09
5.82,SUV,4,8.15,6.08,0.27
26.63,Sedan,2,7.47,46.89,1.82
16.13,SUV,7,8.02,22.87,1.52
10.89,Bus,28,20.75,29.46,3.11
8.75,Sedan,2,7.97,8.42,0.72
12.66,Sedan,1,4.5,22.04,0.7
16.53,Sedan,4,7.86,27.89,1.54
20.62,Sedan,4,8.97,27.78,1.72
22.43,Sedan,2,6.8,41.92,1.6
18.05,Sedan,2,7.22,25.48,1.47
15.73,Van,5,12.87,28.26,1.95
53.56,SUV,7,8.59,93.86,5.68
31.87,Sedan,2,6.72,51.43,2.26
6.68,Bus,42,14.06,16.63,1.46
13.82,Sedan,2,6.67,28.28,0.97
19.27,Bus,42,19.49,36.83,6.68
11.18,Sedan,3,7.12,27.58,0.8
16.58,Bus,37,21.2,48.5,5.35
7.13,SUV,2,7.84,15.49,0.68
21.75,Van,3,10.04,43.98,2.29
64.61,Bus,15,23.69,167.51,21.85
22.62,Sedan,3,6.32,33.13,1.28
22.56,Bus,27,18.6,49.23,6.75
18.05,Sedan,2,6.42,33.57,1.37
8.42,Sedan,2,5.51,19.5,0.68
56.74,Sedan,1,8.45,92.16,5.6
24.18,SUV,1,8.21,48.94,2.12
29.42,Sedan,1,5.15,39.82,1.56
15.69,SUV,5,8.32,38.52,1.53
30.02,SUV,4,6.0,59.86,2.04
56.52,Van,3,9.83,97.22,5.86
45.3,Van,4,9.26,102.47,4.65
2.0,SUV,3,9.93,5.0,0.2
43.54,Sedan,3,5.69,84.49,2.79
9.97,Sedan,3,7.57,19.74,1.01
10.48,Sedan,3,8.18,17.75,0.88
7.22,Sedan,3,7.44,12.74,0.71
9.68,Sedan,1,6.24,19.9,0.54
26.78,Sedan,4,6.67,33.52,1.74
22.41,Bus,10,13.43,40.13,3.18
30.92,SUV,5,8.8,39.35,3.22
20.7,Sedan,4,5.47,32.27,1.06
9.99,SUV,3,10.04,15.01,1.23
32.65,Sedan,4,9.59,62.53,3.92
16.77,SUV,3,9.75,32.3,1.79
33.19,SUV,3,6.01,61.61,1.98
24.36,SUV,2,8.46,33.05,2.33
21.96,SUV,7,9.18,38.98,2.4
62.96,Bus,39,18.26,169.21,15.47
4.32,Bus,13,15.81,9.99,0.87
4.66,SUV,1,9.37,9.55,0.5
12.71,SUV,4,7.14,26.86,1.0
33.45,SUV,7,7.58,42.99,2.66
14.07,Sedan,2,7.27,30.52,1.3
17.13,Sedan,2,5.28,20.53,1.1
4.92,Sedan,1,7.15,18.83,0.44
32.56,SUV,4,6.95,55.5,2.41
5.18,SUV,5,11.65,11.25,0.78
15.75,Sedan,2,5.57,26.51,0.78
3.06,Bus,29,17.33,7.87,0.65
37.15,Bus,19,18.99,70.07,9.88
4.8,Van,13,9.98,13.53,0.62
15.0,SUV,3,9.22,33.14,1.64
12.88,Bus,35,19.73,22.52,3.45
29.56,Sedan,3,7.65,59.4,2.38
22.8,Van,12,12.42,58.49,3.39
60.78,Sedan,4,6.29,73.79,4.84
6.48,Van,7,10.74,24.39,0.72
43.49,Sedan,2,9.32,71.06,4.7
49.19,Bus,27,20.85,99.72,12.52
59.41,Bus,40,15.23,102.75,16.55
20.72,Sedan,3,6.62,32.47,1.1
7.58,SUV,6,8.5,22.74,0.56
27.61,Bus,34,17.59,83.74,6.3
5.49,SUV,5,7.16,21.21,0.54
40.45,Bus,41,16.76,86.15,11.29
19.15,SUV,4,11.72,31.34,2.8
25.59,Sedan,1,7.19,40.44,1.56
59.27,Sedan,2,4.0,105.74,2.72
22.64,Sedan,2,7.96,37.14,1.96
7.66,Van,8,12.96,12.37,1.18
19.26,Sedan,2,6.07,28.62,1.25
13.18,SUV,2,10.08,23.99,1.42
24.28,SUV,6,7.71,49.37,2.33
15.48,SUV,6,8.29,37.87,1.57
11.96,Bus,26,22.5,35.48,4.17
19.72,Bus,42,17.18,57.06,5.84
7.41,SUV,6,6.2,21.34,0.67
18.54,Van,7,10.89,45.94,2.33
28.71,Van,6,10.86,43.82,3.65
51.03,SUV,7,10.8,98.7,5.52
13.41,Bus,40,18.04,33.49,4.12
67.17,Sedan,2,5.99,101.89,4.04
25.86,Sedan,3,7.75,36.37,1.68
16.14,Bus,11,18.36,41.67,3.56
17.57,SUV,2,7.87,35.23,1.47
20.26,Van,4,13.08,29.7,3.11
14.84,Bus,38,18.58,35.78,4.51
12.18,Sedan,3,6.5,26.25,0.88
23.85,Bus,6,18.53,50.3,5.39
4.19,SUV,6,7.39,14.01,0.45
10.69,SUV,7,8.21,19.24,1.1
32.93,SUV,3,9.01,62.86,3.13
3.45,Bus,35,17.42,16.0,0.73
26.67,Sedan,2,8.03,45.15,2.4
21.87,SUV,4,9.33,36.28,2.03
12.91,Van,7,12.54,29.16,2.09
15.27,Van,6,11.02,24.71,2.11
19.61,Van,4,12.9,40.1,3.11
27.31,Sedan,1,6.98,42.71,1.89
25.75,Sedan,1,6.52,38.68,1.92
41.72,Sedan,2,6.48,48.38,2.92
24.77,Van,14,9.28,56.43,2.71
46.66,Sedan,3,7.11,71.32,3.96
3.98,Sedan,2,6.45,7.28,0.29
41.23,Bus,44,16.49,113.95,9.89
16.23,Sedan,3,7.83,31.96,1.33
23.0,Bus,20,14.25,47.4,3.95
30.75,Van,14,10.24,52.9,3.75
9.16,Van,12,12.85,20.43,1.37
17.5,Sedan,1,6.88,26.69,1.24
43.92,Sedan,4,6.44,67.39,3.31
50.91,Van,6,11.45,86.77,7.53
12.84,Van,7,11.32,20.66,1.58
29.43,Van,10,8.27,65.18,2.7
15.04,Sedan,2,6.08,25.98,1.02
5.83,Van,14,13.91,19.28,0.9
48.8,Van,9,9.81,103.07,5.55
9.15,Van,7,10.43,18.15,1.2
81.5,Van,9,10.03,122.15,8.92
7.12,Van,8,10.84,17.62,0.76
40.54,SUV,5,8.13,81.18,3.74
39.27,Sedan,3,7.08,49.0,2.92
15.13,SUV,4,9.3,24.86,1.63
25.12,Sedan,3,7.43,33.94,2.25
15.44,SUV,1,7.42,34.44,1.21
10.84,SUV,4,8.49,19.61,1.03
28.02,Sedan,1,6.23,46.45,1.62
35.45,Sedan,4,7.05,56.09,2.75
12.12,Sedan,2,5.55,26.21,0.72
48.84,Van,7,12.65,106.7,8.07
24.63,Bus,9,21.56,66.78,6.03
20.53,Sedan,2,5.31,44.32,1.02
20.96,Bus,41,16.53,44.95,6.23
47.98,SUV,5,8.2,72.53,3.97
16.62,Sedan,3,9.66,24.45,1.54
17.2,Sedan,1,5.98,40.53,1.01
47.31,SUV,3,11.52,84.79,6.11
49.62,Van,1,8.72,69.68,4.4
38.77,Van,12,9.22,66.09,3.92
7.8,Sedan,2,5.68,13.54,0.65
66.15,Sedan,4,5.49,120.34,4.12
23.16,SUV,7,8.6,34.88,2.61
20.12,Sedan,3,5.65,42.36,1.0
38.88,Sedan,2,5.52,53.26,2.5
26.76,Sedan,3,7.89,53.08,2.21
15.52,Van,8,13.2,33.48,2.06
53.98,Bus,18,20.85,117.24,12.84
20.03,SUV,7,9.79,49.86,2.24
22.74,Bus,19,18.28,69.69,5.84
53.71,Sedan,3,5.9,72.34,2.99
37.31,SUV,7,7.57,70.96,3.53
31.55,Sedan,1,6.94,50.11,2.39
15.03,SUV,1,7.24,34.49,0.99
27.68,Bus,11,15.02,64.18,4.42
28.81,SUV,1,10.73,52.12,2.95
28.37,Sedan,3,8.78,61.0,2.96
20.46,SUV,4,9.59,31.88,2.23
12.14,Sedan,3,7.83,22.53,0.91
40.75,Bus,18,17.26,116.64,7.85
14.58,SUV,6,6.99,26.82,1.12
21.95,SUV,7,9.92,38.07,2.61
2.38,SUV,2,9.85,15.47,0.27
36.66,SUV,2,9.11,67.94,4.04
10.56,Sedan,3,6.21,11.48,0.56
28.83,Van,11,12.73,38.5,4.47
8.14,Sedan,1,5.32,8.53,0.33
18.74,Van,11,9.61,33.84,1.88
17.49,Van,1,9.19,26.24,1.72
10.66,Van,7,11.15,24.94,1.38
24.99,SUV,4,7.37,39.14,1.69
6.74,SUV,2,7.97,14.43,0.61
34.09,Sedan,4,5.65,62.14,2.18
35.31,Van,3,10.53,56.97,4.11
11.53,Sedan,4,4.72,10.41,0.81
47.58,SUV,1,9.13,86.68,4.44
19.02,Sedan,3,8.0,34.28,1.85
9.88,Sedan,3,6.66,22.84,0.77
5.04,SUV,4,11.31,14.07,0.69
2.0,Sedan,2,8.1,9.87,0.2
45.95,Van,7,12.4,86.98,5.77
12.72,Sedan,2,6.59,15.85,0.89
16.61,Sedan,4,6.53,21.94,1.27
15.52,SUV,1,10.15,30.73,1.92
39.56,Sedan,3,6.03,48.42,2.23
29.96,Sedan,4,4.24,58.71,1.36
23.18,Van,9,11.89,51.8,3.36
7.29,Sedan,3,5.14,11.42,0.53
55.23,Van,6,9.27,119.32,5.17
30.45,Sedan,3,6.5,44.43,1.8
30.91,Sedan,4,6.39,42.64,1.95
8.06,Van,2,8.46,17.33,0.65
9.44,Sedan,1,6.7,10.23,0.71
22.67,Sedan,1,7.66,34.03,1.58
23.07,Sedan,4,5.15,30.49,1.18
10.66,Sedan,2,8.03,15.69,0.97
8.17,Van,3,8.19,22.44,0.81
14.28,Sedan,4,9.04,28.6,1.59
17.25,Van,2,10.26,37.52,1.73
7.37,Bus,38,18.44,24.27,1.85
31.06,SUV,6,6.16,50.94,2.58
32.25,Bus,26,17.81,75.06,7.93
29.11,Sedan,1,6.77,44.15,2.39
7.72,Bus,34,17.74,20.72,2.17
14.13,Sedan,2,5.82,30.1,1.02
34.85,Van,1,9.3,47.64,3.51
24.26,SUV,5,10.7,28.41,2.9
48.04,Sedan,1,6.54,63.5,3.51
43.88,SUV,3,11.31,57.01,4.88
21.04,Van,3,10.05,39.99,2.46
13.91,Sedan,1,5.98,24.19,0.8
33.85,Sedan,4,7.48,42.22,2.5
35.99,Van,14,8.08,54.46,4.03
38.77,Van,14,8.82,55.08,4.18
24.02,Bus,33,21.29,54.85,6.62
12.68,Van,11,8.89,27.34,1.24
28.83,Bus,37,12.54,52.54,4.74
29.65,Van,3,14.36,58.91,4.23
33.18,Sedan,1,4.83,45.53,1.34
14.99,Sedan,2,6.72,15.09,1.35
4.01,Van,1,11.12,13.53,0.3
28.65,SUV,2,4.78,43.74,1.25
6.4,Sedan,1,6.18,8.31,0.48
35.18,Sedan,3,7.04,51.98,2.63
23.45,Bus,37,19.06,43.64,6.61
13.57,SUV,4,10.36,28.2,1.58
46.87,SUV,6,8.42,70.48,5.06
16.49,SUV,6,10.07,28.51,2.09
23.61,Sedan,2,5.67,37.87,1.27
14.68,Sedan,1,4.81,20.47,0.65
22.01,Sedan,4,4.94,37.68,1.07
29.99,Sedan,4,4.75,43.19,1.58
15.53,Van,3,12.82,16.79,1.83
18.9,SUV,7,6.73,21.16,1.47
34.78,Van,7,11.49,80.97,4.73
4.27,Bus,32,17.2,13.61,1.08
36.14,Sedan,2,6.38,57.61,2.46
40.55,Van,10,13.45,78.32,7.49
9.86,SUV,3,8.34,19.04,0.86
5.27,Bus,11,19.83,13.45,1.22
7.94,Sedan,1,6.55,13.86,0.59
10.99,Van,9,10.73,26.14,1.5
8.7,SUV,4,12.45,13.31,1.4
31.47,Sedan,1,4.77,37.81,1.81
19.71,Sedan,3,8.05,34.75,1.45
26.21,Van,11,12.18,35.51,3.37
38.5,Van,7,10.14,80.51,4.11
33.61,Sedan,2,8.46,49.25,2.9
53.29,SUV,3,6.23,77.22,3.47
43.12,Sedan,1,5.87,57.56,3.02
18.31,Van,4,8.82,37.46,1.71
28.83,Sedan,1,6.99,45.62,2.31
54.45,Bus,42,14.66,129.72,14.31
16.49,Sedan,1,7.02,31.75,1.04
30.38,Sedan,1,6.28,54.1,1.89
64.07,Sedan,2,5.92,84.19,4.74
32.62,Sedan,1,6.97,52.63,2.31
10.17,SUV,6,8.6,23.76,0.87
5.51,Sedan,1,5.19,16.12,0.33
11.77,Van,2,16.04,24.95,1.71
19.18,Sedan,4,5.92,19.94,1.45
60.81,Sedan,4,4.0,72.91,2.78
39.77,Sedan,2,5.49,57.03,2.09
16.29,Sedan,3,4.98,33.05,0.91
10.6,Sedan,2,7.49,26.03,0.76
10.51,SUV,5,9.48,16.06,1.07
71.48,SUV,3,9.6,126.39,7.82
9.53,SUV,3,8.44,17.8,0.99
35.84,SUV,7,8.58,63.65,3.33
34.61,SUV,2,8.44,50.3,3.33
18.03,Sedan,2,6.4,21.42,1.38
8.9,SUV,3,10.25,22.35,1.12
29.16,Bus,40,19.01,78.77,9.1
58.03,SUV,1,9.75,107.37,5.48
8.02,Van,1,11.9,16.33,1.04
22.74,Sedan,1,7.56,38.62,1.64
33.48,Van,10,11.52,61.3,4.15
55.78,Van,9,11.65,107.43,8.4
4.4,SUV,4,10.78,11.97,0.67
30.98,Bus,26,16.0,66.68,5.8
55.07,Sedan,2,5.47,92.02,3.08
35.99,Sedan,1,5.08,63.94,1.94
13.88,Van,3,11.33,29.89,2.17
23.41,Van,12,7.66,42.65,2.32
39.31,Sedan,3,7.05,79.03,3.36
41.05,Sedan,4,6.37,64.53,3.15
35.59,Sedan,2,7.86,66.46,2.92
24.96,Sedan,2,5.69,44.17,1.8
20.4,Van,4,10.63,46.13,2.42
42.91,SUV,2,10.68,50.58,5.24
29.41,Sedan,4,8.16,49.04,2.8
23.96,Sedan,4,5.68,32.55,1.57
12.94,Sedan,3,6.72,29.7,0.87
12.34,Sedan,1,6.85,19.54,0.81
20.84,SUV,7,9.56,43.75,2.31
32.31,Bus,34,17.21,73.96,7.44
30.84,Van,2,13.31,44.31,4.69
29.65,Sedan,4,4.23,59.18,1.24
23.06,Bus,26,16.74,46.22,4.65
40.55,Van,9,11.81,59.37,6.17
45.47,Van,9,11.82,63.65,5.59
9.53,SUV,7,11.03,19.18,1.15
14.61,Sedan,2,7.94,27.62,1.36
70.46,Sedan,3,6.16,105.97,5.03
19.95,Sedan,4,8.06,36.64,1.55
20.34,Sedan,4,5.64,39.89,1.16
12.16,Sedan,2,7.62,26.08,0.81
41.2,SUV,2,11.72,68.53,4.34
81.26,Van,12,13.19,159.08,12.02
12.18,SUV,6,9.16,18.38,1.34
42.82,Sedan,3,6.1,72.58,2.39
10.92,Bus,35,13.41,30.64,2.53
38.93,Bus,10,18.93,77.24,9.28
11.1,Van,7,8.99,22.44,1.19
4.11,Bus,23,15.62,6.87,0.87
69.96,SUV,5,7.21,119.42,5.51
15.94,Bus,23,16.62,26.59,3.6
6.95,Sedan,2,6.47,11.14,0.48
24.97,Sedan,3,6.83,39.86,2.11
32.6,Sedan,3,5.78,33.02,2.0
43.92,Sedan,4,7.78,52.55,4.39
19.22,Sedan,2,6.25,30.01,1.36
18.44,SUV,3,7.82,33.48,1.48
16.09,Van,13,11.41,22.25,1.76
23.38,SUV,4,11.95,43.27,3.06
34.88,Sedan,1,6.9,51.14,2.87
27.59,Van,1,10.35,56.62,2.61
15.66,SUV,5,6.71,25.56,1.09
22.61,Sedan,2,6.24,47.04,1.86
8.59,Van,14,11.42,18.55,1.12
19.6,Sedan,1,6.03,30.75,1.15
17.79,Sedan,2,4.5,32.67,0.98
44.14,Bus,15,15.45,116.49,8.64
25.0,Sedan,3,8.25,37.76,2.22
19.79,SUV,1,11.15,25.59,2.33
21.65,Bus,38,15.34,36.71,5.37
19.59,Van,2,12.21,32.15,2.91
9.98,Sedan,2,5.09,26.17,0.57
34.48,Sedan,1,8.19,53.48,3.1
2.81,Sedan,2,6.79,6.85,0.28
15.84,SUV,7,10.42,32.48,2.12
12.72,SUV,3,6.43,22.42,0.73
16.1,Sedan,4,7.31,31.84,1.48
34.0,Bus,8,17.98,57.51,6.43
19.91,SUV,3,10.28,41.2,2.21
21.87,Sedan,1,7.6,50.68,2.12
32.78,SUV,6,9.1,43.16,3.16
31.29,Van,2,9.92,43.15,3.85
29.87,Sedan,1,7.44,32.96,2.38
22.12,Sedan,4,6.43,36.99,1.51
42.49,Van,13,9.43,59.14,5.38
12.42,SUV,7,7.62,19.97,0.94
19.8,SUV,5,6.78,34.19,1.68
16.39,SUV,7,8.23,33.87,1.42
17.0,Sedan,3,7.82,26.1,1.53
11.26,Sedan,4,6.71,18.34,1.03
37.22,SUV,2,8.21,48.4,2.63
31.86,Sedan,4,7.47,48.43,2.21
19.42,Sedan,3,5.5,29.79,1.31
28.74,Van,12,11.17,48.31,4.27
38.64,Bus,42,17.46,83.4,12.1
54.29,Van,8,12.4,80.19,7.7
7.92,Bus,35,13.27,25.64,1.63
20.3,Sedan,2,5.48,28.65,1.37
45.48,Bus,40,13.09,76.61,9.2
72.82,Sedan,1,6.19,92.38,5.42
27.12,Bus,5,21.63,51.03,5.5
36.58,Bus,30,16.48,75.08,8.64
2.0,Van,1,10.08,9.19,0.2
28.05,Bus,40,20.62,74.47,9.16
18.94,SUV,1,10.6,34.56,1.93
34.38,Sedan,1,6.39,50.68,2.19
56.3,SUV,3,10.03,89.05,5.35
21.96,SUV,1,7.38,49.15,1.74
21.25,Sedan,2,8.15,28.31,1.74
14.67,SUV,1,12.22,38.72,1.77
2.94,Bus,29,19.56,13.32,0.78
15.54,Sedan,2,4.0,25.01,0.48
7.45,Van,12,10.0,19.93,0.84
8.13,Bus,25,19.84,16.13,1.98
28.35,Bus,38,16.74,51.19,6.72
9.11,Bus,5,21.82,23.0,2.02
23.23,SUV,5,9.88,40.06,2.75
67.8,Bus,25,15.88,130.78,16.36
16.94,Van,1,11.06,22.38,1.72
8.17,Sedan,1,5.43,21.27,0.44
58.13,SUV,7,8.73,84.69,6.04
10.96,Van,13,10.0,26.04,1.3
15.98,Sedan,3,7.91,33.36,1.48
40.86,SUV,3,12.17,64.33,5.98
9.71,Van,11,8.42,19.6,1.16
15.02,Sedan,1,4.19,24.48,0.6
9.28,SUV,6,8.63,12.37,0.68
40.5,Van,2,8.27,85.12,4.17
8.98,SUV,6,9.07,21.8,0.84
30.77,Sedan,1,7.4,51.43,2.4
20.5,Sedan,2,8.29,41.45,1.99
14.42,Sedan,2,6.74,23.17,0.95
20.19,Bus,5,17.42,57.12,4.57
16.15,Sedan,4,4.13,24.79,0.84
12.38,SUV,4,9.04,23.2,1.11
4.67,Sedan,3,6.59,8.83,0.38
9.55,Sedan,4,7.27,18.59,0.78
24.95,Van,5,9.72,56.48,2.29
17.77,Van,6,10.22,37.12,1.69
30.39,Sedan,1,4.73,45.07,1.25
23.18,SUV,5,5.56,26.42,1.39
2.0,Sedan,2,5.17,7.39,0.2
28.35,SUV,4,6.64,51.09,2.34
8.41,Van,14,11.61,19.53,1.41
21.71,Sedan,1,5.88,31.49,1.1
5.98,Sedan,4,5.85,15.24,0.48
39.43,Sedan,1,5.32,53.12,2.32
34.89,Bus,35,8.3,90.83,4.25
18.38,Bus,40,22.52,43.41,6.89
34.04,Sedan,1,5.3,40.61,1.69
10.1,Van,5,10.26,23.76,1.03
13.62,Sedan,4,4.75,30.46,0.74
38.74,Sedan,1,7.67,57.09,2.79
2.0,Van,4,11.26,9.83,0.25
18.87,Bus,33,15.52,51.37,3.83
27.0,Bus,40,16.82,70.18,6.69
15.38,SUV,2,11.52,31.11,1.53
45.45,Sedan,3,6.41,67.68,2.75
53.43,Van,8,10.67,104.68,6.17
28.29,Sedan,4,5.37,54.77,1.69
8.47,SUV,6,6.16,15.6,0.48
34.44,Sedan,1,6.31,57.87,2.71
65.84,Van,2,11.59,121.09,7.61
22.43,Sedan,4,7.82,35.18,1.69
19.52,Sedan,3,4.0,34.89,0.69
10.64,Bus,33,14.62,18.37,2.32
26.09,Sedan,2,5.8,46.92,1.8
19.96,SUV,3,8.99,29.62,2.18
2.52,Sedan,4,6.33,6.88,0.2
33.09,Sedan,3,6.35,54.4,2.12
7.66,Sedan,3,6.99,16.58,0.59
72.8,Sedan,4,5.42,141.72,4.88
23.43,Bus,10,20.8,57.95,5.13
18.43,Sedan,4,7.02,30.15,1.51
22.71,Bus,27,17.04,60.03,5.69
21.76,SUV,4,11.4,46.1,2.55
16.18,SUV,5,11.33,30.38,1.66
5.46,SUV,5,10.4,15.33,0.51
46.07,SUV,3,4.47,57.03,2.3
22.5,Van,4,13.84,39.65,3.14
40.75,Sedan,3,7.45,72.27,2.87
6.16,Sedan,4,8.91,13.55,0.7
11.98,Bus,9,21.71,36.1,3.53
15.21,Bus,35,22.74,24.38,4.53
8.66,Bus,39,20.64,23.66,2.9
33.05,SUV,2,11.02,51.98,4.28
17.91,Van,3,14.59,24.6,3.21
25.63,SUV,4,9.32,30.4,2.77
13.44,SUV,7,6.64,17.62,1.0
41.84,Sedan,2,6.13,84.63,2.9
35.58,SUV,7,9.58,72.97,3.83
32.39,Sedan,3,6.59,42.42,2.16
23.39,Sedan,2,5.0,36.68,1.42
46.09,Bus,17,13.11,105.6,6.45
35.86,Sedan,1,5.61,63.33,2.07
20.38,Sedan,1,7.47,30.77,1.74
14.45,Sedan,1,8.4,32.52,1.32
17.85,Bus,41,20.75,55.78,5.94
29.15,SUV,6,10.59,47.95,3.86
6.11,SUV,2,8.88,15.0,0.71
11.58,Van,11,7.86,24.02,1.0
45.66,Van,13,10.18,93.52,5.78
39.41,Sedan,4,6.19,67.48,2.54
17.95,Van,10,10.11,38.84,1.96
102.57,Van,10,11.1,216.49,14.08
34.61,Van,9,11.79,58.5,4.66
22.65,Sedan,4,7.52,35.08,1.93
39.86,Bus,20,17.17,94.99,9.25
14.0,SUV,2,6.14,17.39,0.67
12.41,Sedan,3,5.92,21.04,0.69
19.85,SUV,4,9.07,26.76,1.88
21.92,Sedan,3,7.97,42.15,1.62
12.44,Sedan,1,5.82,22.02,0.86
49.56,Van,1,11.92,69.73,6.03
16.8,Sedan,1,6.85,32.39,1.33
4.92,SUV,3,9.07,10.26,0.55
23.43,SUV,6,10.4,48.34,2.78
18.78,Sedan,3,5.71,37.63,1.16
37.06,Bus,37,16.27,65.42,10.11
14.13,Sedan,4,6.49,19.38,1.03
33.25,Sedan,2,5.73,37.29,2.18
25.81,Sedan,3,7.11,51.52,2.35
41.36,Sedan,4,5.64,64.13,2.48
23.29,Sedan,4,6.77,40.08,1.7
11.96,Van,5,10.82,21.64,1.58
26.68,Bus,9,18.64,63.95,5.21
9.56,Sedan,4,5.95,21.05,0.61
3.3,Van,2,10.39,16.23,0.36
12.68,Van,7,11.17,18.19,1.64
43.02,Van,6,11.36,67.67,5.0
62.03,SUV,6,8.99,72.65,6.16
6.03,Sedan,3,8.55,15.35,0.54
38.54,Sedan,3,5.31,67.3,2.03
55.86,Van,10,10.88,76.53,6.47
9.34,Van,10,8.17,16.7,0.88
49.88,Sedan,3,6.95,75.87,3.79
7.82,Sedan,4,5.16,13.35,0.39
19.92,Bus,35,17.17,43.31,5.99
27.84,Van,6,10.33,64.8,2.98
9.97,Bus,27,18.84,36.51,2.32
48.03,Van,9,10.0,60.95,4.96
21.33,Sedan,4,5.79,26.76,1.6
36.33,SUV,3,11.15,55.61,4.34
10.44,Van,1,11.51,24.99,1.54
64.26,Sedan,4,5.83,110.89,4.62
30.04,SUV,1,8.62,44.04,2.31
29.23,Van,10,13.96,54.93,4.62
27.52,Sedan,2,6.22,46.33,1.68
29.51,Van,8,9.76,44.79,2.93
34.15,SUV,2,7.97,54.33,2.76
16.83,Bus,19,16.35,45.87,3.4
7.45,Sedan,2,5.79,10.61,0.6
7.75,Sedan,3,4.96,12.44,0.53
22.57,SUV,6,7.31,38.61,1.76
56.88,Sedan,1,5.5,95.93,3.35
19.82,Van,2,12.06,36.99,2.4
44.41,Van,5,10.31,84.85,5.09
20.43,Sedan,3,6.25,40.79,1.38
52.87,SUV,2,10.91,74.88,5.64
29.04,SUV,6,10.94,53.6,3.81
26.34,Sedan,1,6.16,47.64,1.92
41.78,Bus,30,16.11,111.5,8.75
28.82,Van,7,9.44,48.76,2.95
33.22,Van,1,12.25,58.71,3.96
22.28,Van,11,10.63,35.24,2.49
27.5,SUV,1,8.42,59.95,2.48
8.34,Bus,7,15.56,25.39,1.32
47.65,Van,10,9.61,79.25,4.89
48.63,Van,6,11.58,89.54,5.71
17.44,Bus,33,14.05,41.46,3.87
20.92,Sedan,2,7.69,29.93,1.79
63.37,Van,11,10.04,128.45,8.57
17.8,Sedan,4,6.32,29.32,1.18
35.48,Sedan,2,4.9,52.42,1.69
25.21,Sedan,4,6.49,43.0,1.94
6.47,Bus,28,17.02,18.72,1.51
29.79,Bus,32,17.85,61.96,6.81
7.01,Van,7,13.65,22.28,1.21
46.94,Van,2,11.32,61.12,5.33
19.08,SUV,1,7.81,34.0,1.84
8.7,Bus,41,15.87,23.49,2.03
37.42,SUV,6,9.89,72.55,4.81
6.73,Sedan,1,8.06,11.26,0.61
7.11,Sedan,2,6.84,11.82,0.51
65.34,Van,2,12.24,94.03,9.27
42.5,Van,3,12.1,70.46,4.92
23.21,Sedan,2,8.2,44.07,2.35
30.39,Sedan,4,4.16,50.93,1.17
10.97,Van,8,12.2,24.4,1.3
24.97,Sedan,3,7.68,26.7,2.1
9.45,Van,5,8.59,23.58,1.1
9.22,Bus,20,15.34,24.06,1.82
38.6,SUV,2,7.72,67.3,3.69
15.99,Sedan,1,5.63,34.16,0.91
14.19,Van,9,10.13,31.99,1.79
28.52,Van,13,11.44,63.14,4.06
13.78,SUV,3,10.3,20.13,1.45
18.72,Bus,13,21.24,28.02,5.45
59.63,Sedan,2,5.49,78.11,3.06
7.06,SUV,6,7.73,18.23,0.78
53.88,Van,7,13.37,83.72,9.17
108.4,Bus,17,19.94,237.9,30.27
7.52,Sedan,1,6.6,12.2,0.63
8.48,Van,10,11.85,14.15,1.2
32.05,SUV,3,8.96,42.04,3.09
2.99,Sedan,2,7.13,10.0,0.31
23.58,Sedan,1,6.1,32.31,1.98
12.41,Bus,35,18.81,33.68,3.15
47.87,Sedan,4,4.69,63.79,2.42
16.89,Sedan,1,5.67,28.06,0.97
26.2,Sedan,2,5.69,53.02,1.57
34.87,Bus,15,16.88,101.71,6.43
30.24,Van,10,9.33,69.37,2.89
22.08,Van,12,10.04,40.29,2.93
35.91,Sedan,1,4.68,63.08,1.79
6.23,SUV,5,9.82,14.41,0.74
42.36,SUV,6,8.88,86.32,4.76
17.79,Van,9,7.93,38.09,1.51
33.19,Bus,10,15.5,91.29,5.8
21.45,Sedan,2,6.9,27.61,1.31
14.22,Van,11,10.02,30.02,1.71
20.34,Sedan,4,5.66,35.42,1.25
26.72,SUV,1,8.89,41.19,2.52
29.61,Sedan,1,6.91,45.01,2.21
27.03,Sedan,2,4.78,39.49,1.31
13.47,Sedan,4,7.16,37.07,1.23
10.14,SUV,3,7.8,22.04,0.87
10.92,Sedan,2,6.48,21.03,0.63
18.59,Van,8,10.94,28.68,2.03
32.87,SUV,5,8.21,41.61,2.6
34.32,Sedan,3,5.27,60.42,2.0
14.77,Van,11,10.49,24.46,1.77
22.16,Sedan,2,8.45,37.33,2.02
6.74,SUV,2,6.96,19.67,0.59
16.87,Van,3,14.05,39.89,2.35
14.69,Sedan,1,6.19,33.98,0.88
12.25,Sedan,1,6.54,16.97,0.85
23.78,Sedan,3,5.2,31.02,1.33
60.86,Bus,17,15.69,148.12,11.9
22.98,SUV,4,8.25,34.33,2.04
44.33,Van,12,9.12,71.93,4.41
38.59,SUV,4,8.69,57.34,3.63
15.25,Sedan,1,6.01,24.31,0.96
36.1,SUV,7,11.78,54.73,4.36
63.01,Van,1,8.9,109.48,5.34
8.55,Sedan,1,6.62,14.62,0.6
38.56,Sedan,2,6.8,44.31,2.32
21.07,Sedan,2,5.22,31.51,1.0
13.54,SUV,1,10.03,25.78,1.43
28.45,Bus,42,16.81,63.98,8.0
28.95,Sedan,2,4.0,42.57,1.07
82.33,SUV,6,9.99,123.84,9.42
13.94,Sedan,1,5.16,18.32,0.91
22.95,Bus,29,14.86,52.97,5.49
22.67,Sedan,3,7.33,38.61,1.87
13.87,SUV,7,8.48,22.07,1.23
11.11,Van,4,12.65,24.48,1.38
16.6,Van,11,13.18,34.34,2.28
20.55,SUV,1,8.03,30.14,1.75
10.55,Sedan,3,7.45,24.93,0.86
39.95,Sedan,2,5.59,52.47,2.47
30.83,Sedan,3,9.18,54.21,3.24
8.74,Sedan,1,5.67,5.41,0.63
16.39,SUV,4,10.54,44.42,2.13
24.11,Sedan,4,7.51,40.75,1.68
34.81,Sedan,4,6.88,55.61,2.93
20.66,Van,8,9.79,50.49,2.39
33.58,Bus,26,17.55,96.95,8.32
27.42,SUV,6,5.77,41.79,1.55
36.1,Sedan,2,6.77,55.35,3.05
12.6,Sedan,3,6.92,16.05,0.77
31.43,Bus,35,18.4,75.49,7.56
21.12,Sedan,4,4.0,28.37,0.67
43.54,Sedan,4,4.98,80.42,2.57
12.39,SUV,7,7.88,23.63,1.22
27.76,SUV,2,9.44,61.32,3.01
23.08,SUV,5,9.43,40.05,2.26
19.69,Sedan,3,6.3,34.55,1.31
16.93,Sedan,1,7.26,26.35,1.5
17.83,Bus,26,14.92,37.01,3.18
58.24,Sedan,1,7.23,112.88,4.59
19.3,Van,12,11.85,41.73,2.36
55.64,Van,5,11.68,76.98,7.37
19.67,SUV,3,8.73,49.2,2.12
24.69,Sedan,3,8.7,35.56,2.29
22.08,Sedan,2,7.09,33.42,1.55
57.6,SUV,3,7.55,81.81,4.13
37.22,Bus,21,18.74,96.89,9.48
15.84,Bus,36,20.26,36.2,5.1
7.04,Sedan,1,5.79,11.41,0.43
16.11,Sedan,1,7.81,27.82,1.48
48.46,Bus,41,19.15,95.38,16.9
9.22,Van,3,6.78,19.71,0.54
7.33,Bus,15,18.9,18.47,1.71
13.68,Sedan,1,6.01,22.64,0.9
10.49,SUV,6,9.81,10.04,1.16
11.8,Van,10,12.7,24.66,2.01
4.61,Van,13,11.35,9.52,0.73
24.98,SUV,1,11.5,54.64,2.93
28.28,Sedan,3,6.29,51.61,1.53
19.24,SUV,2,9.94,26.42,1.76
7.13,Sedan,4,7.47,20.53,0.66
13.74,SUV,2,8.85,23.57,1.42
27.7,Bus,31,20.34,69.16,8.7
30.15,Sedan,2,5.79,49.72,1.59
4.78,Van,11,10.24,14.57,0.49
22.53,Sedan,2,4.93,29.23,1.39
12.93,Van,1,11.43,30.45,1.72
21.56,Bus,40,18.98,58.88,6.06
7.62,Sedan,1,7.92,17.5,0.62
5.51,Sedan,2,7.45,14.85,0.41
18.89,SUV,4,8.57,32.15,2.12
20.11,Sedan,2,5.09,31.52,1.04
11.37,Van,6,11.78,21.08,1.84
52.73,Bus,28,21.33,105.34,16.22
12.66,SUV,4,10.13,22.97,1.43
12.49,Sedan,3,7.8,24.79,1.01
22.03,SUV,4,8.68,35.47,2.17
20.2,Van,5,10.16,28.6,2.46
12.7,Sedan,4,5.62,28.96,0.75
28.13,SUV,4,8.92,58.13,3.02
28.0,SUV,7,8.88,40.71,3.16
22.34,SUV,5,9.31,29.61,2.55
24.83,Sedan,1,6.34,51.84,1.77
21.09,Van,12,10.76,38.25,2.67
20.27,Sedan,4,5.57,25.97,1.47
7.73,Sedan,3,7.63,11.38,0.78
23.15,Bus,17,18.23,67.39,5.77
37.64,Van,14,10.69,62.92,4.38
24.86,Sedan,3,5.6,37.56,1.77
17.52,Sedan,3,4.9,25.16,0.96
36.6,Sedan,4,8.07,38.59,3.46
24.88,Sedan,1,7.17,30.45,2.3
12.59,Sedan,4,4.55,19.68,0.51
36.54,Sedan,3,7.42,75.25,2.94
15.27,SUV,1,10.38,29.32,1.67
9.57,Van,9,11.22,28.44,1.08
11.5,SUV,3,11.4,20.53,1.38
14.28,Van,13,11.39,25.63,1.98
7.39,Sedan,2,4.8,8.78,0.43
46.09,Bus,31,19.1,113.72,13.97
5.3,Van,13,11.44,15.4,0.58
30.33,Van,11,9.91,58.11,3.67
25.68,Van,8,12.03,58.18,3.94
24.6,Bus,31,13.0,40.28,4.57
27.95,SUV,6,10.49,54.26,3.77
18.72,Sedan,2,5.45,33.83,1.28
30.42,SUV,4,7.52,56.33,2.42
19.87,Van,11,10.8,35.84,2.89
16.32,Van,4,11.78,40.25,2.21
8.11,SUV,5,9.25,22.79,0.84
26.38,Sedan,4,5.61,44.88,1.8
26.7,Sedan,2,5.89,45.22,1.89
21.05,Bus,10,14.6,61.38,3.78
34.47,SUV,2,8.66,67.09,3.43
42.35,SUV,1,10.61,63.95,5.57
14.76,Sedan,3,6.49,27.04,1.18
31.13,Sedan,3,7.53,45.69,2.23
7.99,Bus,18,22.37,29.1,2.64
22.07,Van,7,9.94,40.5,2.73
18.83,Van,6,10.66,27.1,2.57
35.08,SUV,4,12.26,40.02,5.14
15.59,SUV,2,11.17,33.23,2.02
43.71,Sedan,1,4.49,74.96,1.78
18.1,Van,1,11.7,34.15,2.62
8.1,SUV,2,9.0,13.7,0.78
5.78,SUV,5,10.24,14.66,0.7
33.08,SUV,4,7.88,40.24,3.28
7.39,Bus,9,15.48,15.24,1.1
28.71,Sedan,1,5.69,59.47,1.79
32.69,Van,7,9.97,56.65,4.07
12.44,Sedan,3,7.48,21.45,1.15
25.3,SUV,5,7.23,37.69,1.75
52.54,Sedan,3,5.75,97.36,3.58
19.12,Sedan,2,4.35,34.87,1.0
6.31,SUV,2,10.51,7.1,0.73
13.9,Sedan,1,8.03,26.52,1.15
56.6,SUV,1,8.51,73.26,5.19
34.3,Bus,17,17.11,99.79,8.46
8.9,Sedan,1,7.04,13.0,0.71
41.69,Van,14,13.65,82.02,5.99
43.13,SUV,2,9.61,43.54,4.16
15.73,Van,7,9.74,27.56,1.58
7.87,Sedan,4,4.56,19.24,0.39
39.49,Sedan,4,5.16,74.64,2.29
61.04,Sedan,3,6.59,89.77,4.88
12.68,Sedan,3,5.71,21.9,0.89
33.08,Sedan,1,6.73,45.95,2.72
12.91,Van,5,10.0,31.4,1.32
12.51,Bus,24,14.83,27.95,2.66
25.35,Van,1,8.88,46.43,2.39
11.5,Van,9,13.81,29.4,1.94
20.64,Sedan,2,7.57,28.06,1.58
43.98,Sedan,3,8.58,73.03,3.92
6.73,Sedan,3,7.15,14.34,0.46
35.76,Sedan,2,5.98,49.71,2.11
24.09,SUV,6,10.99,59.94,3.42
28.19,SUV,5,8.95,42.85,2.6
22.63,Sedan,3,6.77,32.93,1.88
47.69,Sedan,4,6.45,54.26,2.91
27.19,Van,14,5.7,43.32,1.71
16.68,Van,11,13.89,41.41,2.85
24.15,Sedan,2,7.09,41.08,1.83
16.06,Bus,19,18.99,33.43,4.61
13.15,Bus,40,17.81,28.58,4.04
41.4,Sedan,2,6.7,51.03,3.19
16.11,Sedan,1,5.78,28.79,1.06
5.46,SUV,7,9.92,12.19,0.61
28.38,Bus,30,14.08,52.9,6.4
16.76,Bus,34,18.56,37.18,4.48
53.27,Sedan,1,7.17,97.69,3.7
31.37,Sedan,3,6.26,35.93,2.37
51.68,SUV,7,9.56,91.13,5.23
35.25,SUV,7,7.51,44.81,2.76
42.09,Sedan,3,5.34,63.09,2.18
27.4,Bus,24,18.71,75.31,7.3
36.71,Van,6,12.22,70.54,4.64
11.86,Van,9,7.63,24.83,0.98
35.15,Bus,40,19.57,76.2,11.51
7.75,Van,13,10.02,19.86,1.02
20.69,SUV,3,8.71,32.61,1.98
14.34,SUV,5,6.99,17.8,1.19
25.45,Sedan,2,5.48,46.86,1.33
15.83,Van,7,12.74,33.34,2.73
7.99,Sedan,1,6.54,14.28,0.44
7.41,Van,11,10.31,16.29,0.77
8.55,Sedan,3,6.36,12.26,0.83
25.89,Sedan,3,7.09,33.34,1.7
26.52,Sedan,4,7.03,41.67,1.96
15.79,Sedan,2,6.41,23.92,1.02
28.99,Van,6,12.97,47.97,4.13
19.34,Van,5,12.75,36.91,3.03
27.68,SUV,3,9.62,40.34,3.24
21.56,Sedan,1,6.57,36.49,1.5
35.99,Sedan,2,7.29,53.4,3.25
11.71,Sedan,3,6.88,23.66,0.82
4.66,Sedan,2,7.77,8.26,0.4
19.47,Bus,19,20.7,45.27,4.73
23.05,Sedan,3,5.28,32.73,1.42
9.83,Sedan,4,5.2,23.42,0.6
11.16,Sedan,3,5.66,27.56,0.61
30.85,Sedan,1,7.67,54.26,2.77
31.36,SUV,2,6.64,58.09,1.91
18.9,SUV,6,9.59,27.39,1.73
6.03,Sedan,2,6.94,15.42,0.58
30.1,Sedan,3,7.9,40.91,2.18
22.88,Sedan,1,6.72,44.17,1.73
14.55,Sedan,4,4.89,31.46,0.87
38.35,Sedan,4,5.35,67.59,2.18
2.66,Bus,23,14.45,9.65,0.54
20.73,SUV,7,8.19,28.82,2.32
30.35,SUV,1,8.73,32.49,2.99
7.8,SUV,1,7.25,16.38,0.46
7.19,SUV,6,11.21,14.62,0.81
56.17,SUV,7,7.01,74.34,4.91
31.13,Van,9,13.42,60.84,5.26
47.9,Van,3,13.13,100.89,6.14
36.68,Sedan,2,7.58,42.81,2.63
26.19,SUV,5,7.96,55.29,2.47
60.67,SUV,7,9.51,72.89,6.71
24.4,Bus,31,14.17,43.17,4.45
19.64,SUV,7,10.37,38.48,2.73
36.7,SUV,7,8.89,58.49,3.46
38.75,Sedan,3,6.01,69.45,2.51
28.61,SUV,3,7.16,48.35,1.86
14.53,Sedan,2,4.0,26.92,0.65
36.6,Sedan,3,5.25,45.5,2.46
14.34,Sedan,4,7.84,28.4,1.11
22.02,Van,14,10.27,50.85,2.58
11.13,Sedan,2,6.3,19.73,0.91
11.67,Sedan,3,7.29,9.84,0.94
3.41,Bus,22,23.42,8.28,1.12
19.25,Sedan,3,8.09,44.21,1.93
26.71,SUV,4,7.54,37.76,2.36
59.31,SUV,3,6.09,102.83,3.71
13.48,Sedan,3,9.33,28.14,1.32
22.53,Van,6,15.08,46.87,3.75
19.94,Sedan,2,6.73,31.74,1.46
27.37,SUV,6,7.09,59.38,2.34
17.37,SUV,1,10.44,21.48,1.96
31.5,SUV,4,8.84,62.63,3.0
10.6,Van,5,10.8,18.95,1.11
21.26,Sedan,1,7.57,32.66,1.84
26.44,Sedan,4,6.9,42.46,2.29
40.14,Van,1,8.87,63.53,4.26
31.86,SUV,7,8.51,38.96,2.56
20.94,Van,9,12.19,47.75,3.01
11.69,Van,5,11.92,21.47,1.74
63.71,Van,9,11.47,81.41,7.36
12.89,SUV,7,10.4,19.53,1.55
8.38,Sedan,1,6.07,19.3,0.58
13.87,Van,9,11.32,32.94,2.23
7.09,SUV,5,4.0,12.85,0.33
26.25,Sedan,2,5.96,41.01,1.72
20.86,Bus,36,20.29,42.46,7.46
18.06,Bus,29,16.83,25.15,4.95
19.54,SUV,5,8.3,25.15,1.86
14.49,Sedan,4,5.25,27.58,0.76
4.25,Sedan,1,7.7,16.29,0.23
36.75,Van,7,11.99,80.99,4.52
15.45,Bus,41,20.48,38.36,4.84
7.34,Sedan,2,4.43,11.94,0.34
5.31,Sedan,2,6.31,13.87,0.44
45.0,Bus,32,17.16,88.59,12.96
16.63,Sedan,3,6.16,33.38,0.94
16.35,SUV,1,8.08,30.62,1.25
28.19,Bus,14,16.96,68.05,6.0
14.54,Sedan,3,7.52,23.52,1.22
6.95,SUV,3,6.13,11.31,0.29
13.53,Sedan,2,8.63,20.28,1.21
24.41,Sedan,4,7.08,31.9,2.33
13.45,Van,1,10.92,21.55,1.72
11.32,SUV,6,10.36,28.58,1.12
9.34,Bus,9,13.64,28.62,1.51
26.63,SUV,5,8.0,43.23,2.22
23.98,Sedan,2,6.35,36.65,1.78
28.83,Sedan,1,8.14,46.73,2.93
18.13,Sedan,3,6.44,32.81,1.3
15.32,Sedan,2,7.04,26.76,1.09
11.75,Sedan,3,5.79,21.51,0.97
16.72,Sedan,1,7.08,21.14,1.19
5.6,SUV,1,11.52,12.44,0.74
25.14,Van,14,12.79,40.61,3.67
15.67,Van,14,10.85,26.93,2.41
39.43,Van,1,12.22,76.6,4.52
20.07,Sedan,4,7.19,46.22,1.71
4.14,Sedan,2,7.11,10.13,0.41
23.1,Van,1,13.0,33.72,2.71
64.73,SUV,7,10.66,99.06,9.21
26.58,Sedan,2,6.35,29.48,1.93
33.51,Van,2,12.16,59.73,4.7
41.99,Van,11,10.31,57.6,5.34
11.0,SUV,1,7.62,23.36,0.75
18.64,Sedan,4,6.18,25.41,1.17
11.41,Van,13,10.86,16.77,1.6
31.09,SUV,1,6.51,65.46,2.34
11.51,Van,1,12.55,21.17,1.7
18.03,Van,2,6.02,18.92,1.21
32.72,Van,7,15.89,56.4,6.43
30.87,SUV,2,11.25,61.39,3.51
22.83,Sedan,2,6.19,42.65,1.7
42.28,Van,12,11.02,95.63,5.32
32.61,SUV,1,9.45,50.83,3.56
13.57,Van,14,9.94,20.08,1.54
7.16,Sedan,3,6.73,5.87,0.43
10.59,Sedan,2,6.33,20.96,0.61
33.9,Bus,43,17.72,80.69,10.56
26.38,Van,8,11.33,65.86,3.11
42.55,Bus,33,14.06,111.25,8.43
28.14,Van,13,11.07,44.12,4.18
33.08,SUV,4,9.25,67.4,3.19
24.91,Van,6,11.23,52.55,2.88
13.21,Bus,44,17.35,36.64,3.34
12.77,SUV,7,10.71,12.83,1.69
10.67,SUV,5,8.47,16.92,0.87
13.24,Sedan,1,6.77,26.32,1.0
43.21,SUV,2,10.95,80.12,5.79
30.51,Van,11,10.86,45.71,3.37
18.31,Sedan,1,6.76,34.11,1.25
26.9,Sedan,1,6.38,58.01,2.02
26.64,Sedan,3,7.98,38.09,2.62
45.47,Sedan,2,6.19,70.51,3.17
17.11,Sedan,4,8.04,24.82,1.58
23.99,SUV,2,8.84,52.32,2.28
33.24,Bus,21,15.42,78.67,6.27
13.12,SUV,1,10.02,20.94,1.52
47.8,Sedan,2,6.13,83.67,2.94
32.25,Sedan,2,7.24,41.49,2.83
10.6,Van,5,6.09,19.87,0.81
57.5,Sedan,3,6.51,80.05,4.01
42.33,Van,13,10.17,52.66,4.49
29.79,Van,9,9.09,58.84,3.33
4.65,Van,4,10.0,12.41,0.39
14.81,Sedan,1,5.81,22.16,0.74
22.94,Van,9,10.91,52.54,2.57
24.08,Sedan,2,4.86,46.12,1.14
21.78,Bus,31,18.95,50.11,6.38
8.44,SUV,7,11.05,14.75,1.08
17.68,Sedan,3,6.84,30.0,1.36
18.87,Sedan,4,7.47,37.1,1.54
3.86,Sedan,2,7.81,9.59,0.44
29.65,Van,9,13.23,49.61,4.86
50.99,Sedan,3,8.74,88.5,4.68
19.75,SUV,7,8.25,22.36,1.43
29.99,Sedan,2,5.64,54.96,1.76
10.76,Van,13,12.41,15.19,1.44
25.92,Van,1,12.27,45.41,4.03
26.21,Van,12,12.4,54.36,4.42
39.53,Van,4,14.4,69.21,6.24
44.17,Sedan,1,6.51,63.77,2.42
29.76,Sedan,4,7.01,41.98,2.1
13.43,Van,11,9.24,32.58,1.7
13.09,Sedan,2,9.06,18.77,1.24
43.89,SUV,3,8.5,79.59,4.09
6.16,Sedan,4,6.13,16.58,0.31
9.07,Sedan,4,6.08,19.09,0.68
14.75,Sedan,2,5.73,22.96,1.02
28.41,Bus,10,15.81,67.07,5.53
50.02,Sedan,3,5.87,77.95,3.4
52.45,SUV,6,6.95,73.65,3.84
2.9,Sedan,2,5.56,6.7,0.22
25.38,Van,4,14.51,48.15,3.97
20.64,Sedan,2,7.38,32.85,1.8
11.85,Bus,8,20.78,42.53,3.23
2.68,Bus,29,21.53,12.1,0.99
20.55,Sedan,1,8.7,36.49,1.98
8.93,Bus,16,12.69,21.55,1.56
27.75,Bus,13,14.31,80.22,4.87
21.8,Van,11,9.55,46.03,2.22
4.72,Van,4,10.15,5.0,0.51
18.35,Sedan,3,6.14,35.94,1.3
7.0,SUV,3,8.33,5.65,0.62
24.65,Sedan,1,6.76,36.69,1.82
31.52,Sedan,3,6.54,60.25,2.57
16.13,Bus,28,15.83,46.22,3.31
42.61,Sedan,1,4.0,50.93,1.88
24.94,Van,6,9.21,46.87,2.49
21.4,Van,2,10.01,36.77,2.55
21.64,Bus,42,17.26,53.29,6.18
18.34,Bus,10,14.61,33.69,3.06
17.88,Sedan,2,5.91,40.29,0.9
8.72,Sedan,2,5.14,24.99,0.63
48.21,SUV,3,8.81,75.87,4.57
18.19,Sedan,2,5.21,34.89,1.13
52.45,Sedan,4,5.48,92.02,3.09
31.17,Sedan,1,4.93,48.03,1.78
19.33,Van,4,10.72,46.42,1.97
22.94,SUV,2,7.7,47.89,1.71
31.52,Sedan,4,7.59,39.36,2.55
37.17,Van,6,11.73,53.83,4.28
21.17,Sedan,3,6.42,34.63,1.34
35.25,Sedan,3,5.54,48.78,2.27
30.83,Van,10,11.68,42.69,3.74
31.69,SUV,1,10.04,45.88,3.3
35.31,Van,6,11.26,83.27,4.02
14.27,Sedan,2,8.42,27.94,1.43
45.06,Van,4,11.83,97.16,5.85
26.42,SUV,2,10.37,56.31,3.47
37.11,SUV,4,9.2,60.61,3.75
21.13,SUV,7,10.01,35.67,2.25
24.45,Bus,28,15.61,48.15,5.06
14.23,SUV,6,8.31,23.42,1.23
9.96,SUV,3,9.52,21.82,1.02
18.85,Bus,17,19.03,32.67,4.27
32.36,Van,1,11.91,47.98,3.87
14.52,SUV,2,10.65,24.24,1.43
6.28,Van,14,8.44,21.11,0.6
40.68,Sedan,1,5.33,51.41,2.44
9.01,Sedan,2,6.78,18.59,0.58
25.91,SUV,7,7.91,55.86,2.4
56.19,Bus,35,28.13,119.92,23.45
104.22,Bus,16,19.55,279.06,22.22
19.45,Sedan,1,6.41,31.72,1.33
41.04,SUV,3,8.23,53.53,3.14
26.14,Sedan,3,5.92,36.44,1.65
11.03,Bus,9,18.09,27.97,1.91
18.4,Bus,31,18.34,35.8,4.83
15.39,SUV,7,8.31,22.52,1.34
40.11,Van,4,10.51,79.72,4.83
54.87,Van,8,13.42,78.33,9.0
16.63,SUV,3,11.08,35.01,2.0
6.45,Sedan,4,6.8,15.1,0.42
23.91,SUV,6,6.99,43.61,1.59
11.57,Van,4,11.97,21.26,1.27
9.79,Van,10,13.8,19.87,1.56
13.47,Sedan,4,8.14,27.39,1.26
12.77,Bus,31,20.2,37.37,3.83
27.68,Sedan,3,8.21,56.57,2.13
31.63,SUV,3,9.08,51.67,3.51
25.73,Van,10,12.13,51.7,3.78
11.53,Van,13,9.77,17.97,1.25
11.77,SUV,4,9.44,23.85,1.3
20.5,Sedan,2,8.1,38.74,2.11
17.24,Sedan,2,5.79,20.19,1.05
21.85,SUV,6,7.71,49.22,1.9
27.12,SUV,7,9.15,46.95,2.73
20.34,Sedan,1,6.23,36.69,1.14
30.15,Van,10,12.17,69.11,4.86
24.47,SUV,5,8.32,42.84,2.58
31.01,Van,5,14.09,68.74,4.48
9.35,Van,13,8.68,21.88,1.03
5.69,Sedan,3,8.0,11.37,0.43
11.26,Sedan,4,5.58,25.23,0.73
38.49,Van,12,7.77,78.29,3.26
24.57,SUV,7,9.36,38.18,2.75
14.33,Van,11,10.54,31.93,1.92
12.93,Van,10,9.0,27.48,1.36
32.15,Van,6,7.97,59.32,2.48
24.94,Bus,41,17.97,63.59,8.04
8.26,SUV,2,10.46,17.89,1.14
8.19,SUV,7,9.88,11.0,0.99
30.4,SUV,3,9.09,41.64,2.84
13.98,Sedan,3,7.07,31.21,1.07
6.72,SUV,3,8.96,15.5,0.99
6.63,Sedan,1,4.78,7.34,0.2
27.7,Bus,38,13.74,50.2,5.02
14.47,SUV,3,8.7,20.6,1.47
33.64,SUV,1,8.76,70.5,2.79
22.29,Sedan,4,7.52,40.18,2.03
16.18,Sedan,2,7.41,25.47,1.33
21.44,Sedan,1,7.23,29.53,1.6
59.36,SUV,3,8.58,112.05,5.99
10.76,Sedan,3,4.84,23.22,0.45
42.13,SUV,3,9.62,82.51,4.69
30.62,Bus,32,19.58,68.66,9.03
14.96,Bus,32,10.83,44.35,2.38
30.61,Van,9,9.5,45.41,3.01
23.98,Sedan,2,5.67,28.02,1.6
20.1,Bus,33,18.36,50.38,5.0
17.16,Bus,14,15.59,28.46,3.36
37.22,Sedan,3,6.45,47.54,2.2
21.89,Van,13,10.62,42.69,3.27
11.37,Sedan,2,6.31,23.47,0.71
20.96,Van,2,9.71,43.5,2.42
6.95,Bus,22,16.08,17.82,1.39
14.03,Sedan,2,5.2,24.67,0.62
30.01,Bus,21,19.14,64.71,7.4
10.35,SUV,1,9.86,27.96,1.23
72.07,Bus,29,15.69,116.71,17.12
3.65,SUV,2,11.28,7.81,0.48
16.91,Van,5,10.43,43.77,1.63
31.83,Sedan,1,8.34,67.68,3.36
7.2,Sedan,4,5.73,15.95,0.29
32.18,Sedan,4,4.07,45.65,1.43
30.86,Bus,28,19.21,66.44,7.46
17.74,Van,9,11.45,22.74,2.66
11.63,Bus,11,18.1,38.03,2.75
21.73,Bus,24,16.07,51.72,4.82
30.06,Sedan,4,6.46,52.57,2.18
12.29,Sedan,3,5.89,18.83,0.77
19.96,Sedan,4,6.14,24.17,1.38
7.48,Sedan,1,7.51,23.85,0.72
34.94,Sedan,4,6.72,46.51,2.86
53.75,SUV,6,9.91,77.06,6.16
15.74,Sedan,3,6.22,28.44,1.12
13.31,Sedan,1,6.09,24.76,0.88
39.32,Sedan,3,5.12,57.34,2.11
38.9,Sedan,4,6.06,61.59,2.77
32.72,Bus,29,8.04,87.27,3.75
9.06,Van,1,9.94,17.75,0.97
2.0,Bus,43,17.75,9.96,0.5
19.39,SUV,1,9.85,34.51,1.77
27.74,Sedan,3,6.18,34.11,1.83
15.8,Van,7,11.63,26.75,1.66
38.43,Sedan,3,4.0,65.21,1.67
13.72,Sedan,3,6.43,23.52,1.0
5.83,Sedan,2,4.48,16.53,0.34
15.76,Sedan,2,5.05,31.47,0.94
26.25,Sedan,4,6.28,29.82,1.98
10.23,Sedan,1,8.03,23.83,1.07
24.63,Van,10,11.67,55.19,3.27
19.33,Sedan,2,6.52,38.9,1.41
53.06,Sedan,1,6.48,63.58,3.88
35.65,Van,7,9.72,63.52,4.29
76.22,Sedan,2,5.85,79.27,5.5
8.63,Sedan,2,7.01,14.02,0.61
43.16,Bus,14,13.84,104.54,6.32
4.26,Sedan,2,7.21,10.06,0.44
37.46,Sedan,3,6.03,43.21,2.37
5.59,SUV,5,10.24,15.92,0.7
31.89,Sedan,2,7.65,55.18,2.46
24.83,SUV,2,6.49,42.09,1.81
26.56,Van,10,9.95,50.45,2.77
3.72,Sedan,2,5.47,11.93,0.23
30.54,SUV,1,6.28,58.24,2.26
5.8,SUV,3,7.45,18.08,0.49
53.16,Sedan,4,9.43,79.76,5.04
13.16,SUV,1,9.91,28.84,1.28
16.61,Sedan,2,8.8,24.43,1.58
42.8,SUV,4,10.24,81.88,4.45
22.19,Sedan,2,5.61,24.42,1.03
22.43,SUV,5,8.43,39.43,1.92
28.56,Sedan,3,7.21,59.12,2.55
10.74,Van,12,11.79,21.79,1.71
13.03,Sedan,4,5.81,21.52,0.91
22.87,SUV,7,6.74,38.15,1.63
55.41,SUV,7,13.93,92.61,9.08
33.62,Van,8,10.75,47.69,4.33
34.96,SUV,4,8.51,53.73,3.0
45.16,Van,12,11.2,69.17,5.92
38.52,Van,7,10.56,62.31,4.32
32.64,Bus,5,18.37,79.92,5.86
19.18,Sedan,3,8.04,28.7,1.62
10.11,SUV,5,8.81,15.67,0.99
11.18,Van,1,8.91,28.06,1.17
40.81,Bus,38,17.52,88.25,10.47
30.05,Bus,5,16.61,58.91,6.46
2.0,Sedan,4,8.21,6.63,0.2
21.82,Sedan,1,7.91,28.43,2.08
3.15,SUV,7,9.16,9.28,0.31
19.12,Van,9,8.7,29.75,2.05
39.13,SUV,7,7.16,68.73,3.07
30.01,SUV,2,9.02,42.27,2.94
16.8,Van,2,11.61,29.47,1.73
23.98,Sedan,1,6.05,34.96,1.73
13.2,Bus,41,16.56,44.16,3.3
8.04,SUV,7,8.11,17.17,0.64
12.53,Sedan,2,6.47,15.88,0.82
36.78,SUV,4,5.43,49.41,2.31
43.77,Van,7,9.02,69.45,5.18
37.99,Sedan,1,5.75,48.15,2.31
35.38,Sedan,2,7.95,45.45,2.89
9.48,Bus,42,15.56,35.72,2.12
17.85,Sedan,3,6.72,24.91,1.38
19.1,SUV,4,9.34,30.45,1.8
15.19,SUV,4,10.95,34.77,2.04
10.18,SUV,5,10.89,18.35,1.16
24.77,SUV,1,8.91,52.69,2.0
24.17,Sedan,4,5.93,30.35,1.46
17.47,SUV,6,8.0,42.35,1.79
49.97,Sedan,3,6.21,83.15,3.48
15.73,Van,14,10.22,33.02,2.18
19.96,Sedan,2,7.16,33.15,1.38
7.09,SUV,2,9.63,20.06,0.77
32.9,Sedan,1,7.21,65.58,2.67
42.84,Sedan,3,8.01,53.23,3.51
6.32,Sedan,3,8.74,19.28,0.65
28.64,Sedan,3,6.65,48.15,2.22
16.81,Van,2,12.98,25.41,2.15
34.09,Sedan,3,6.08,58.84,1.7
25.22,Bus,31,21.56,42.87,7.13
25.25,Bus,13,21.18,60.44,6.77
24.12,SUV,4,10.51,35.45,2.98
57.58,Sedan,4,6.61,83.57,4.23
8.1,Sedan,1,5.7,10.67,0.54
3.21,Van,5,8.49,10.48,0.31
33.16,Sedan,4,6.45,54.49,2.1
9.54,Sedan,2,8.34,23.91,0.88
34.6,SUV,5,8.54,75.46,3.77
32.24,Van,3,12.41,65.8,4.43
12.33,Van,13,12.52,19.8,1.63
86.42,Sedan,2,6.16,112.66,6.35
47.78,Van,1,13.37,71.41,6.35
20.4,Sedan,3,4.0,25.78,1.05
24.46,Sedan,1,5.03,45.81,1.15
41.44,Bus,13,15.25,103.98,8.24
8.61,Sedan,1,5.52,19.12,0.41
28.75,Sedan,4,6.9,56.17,2.11
20.12,Sedan,4,6.85,26.68,1.73
48.75,Bus,42,19.18,112.33,14.75
5.02,Van,12,12.07,16.83,0.63
25.56,SUV,2,7.57,39.86,2.32
8.58,Van,12,8.81,20.91,0.8
29.02,Sedan,2,6.98,59.56,2.12
22.26,SUV,2,8.05,38.63,2.02
23.88,Sedan,2,4.62,42.44,1.32
35.82,Sedan,1,7.67,64.05,3.15
30.81,SUV,5,11.09,56.43,4.21
13.38,Bus,14,22.67,29.83,4.06
3.81,Sedan,2,6.72,20.07,0.2
5.56,Sedan,1,7.25,14.91,0.51
13.8,Sedan,3,8.14,19.68,1.3
24.21,Sedan,1,5.73,41.7,1.42
20.92,Bus,42,21.33,47.46,6.24
24.72,SUV,1,9.41,45.9,2.69
42.34,SUV,2,10.37,60.69,5.36
14.34,Van,9,11.33,29.6,1.99
34.38,Sedan,4,8.06,58.1,3.26
23.62,SUV,1,9.34,42.55,2.19
44.89,SUV,5,6.77,94.1,3.01
25.33,SUV,7,11.18,55.08,3.21
53.99,Bus,5,15.16,92.35,7.72
32.53,Van,13,13.26,47.63,5.47
39.48,Sedan,3,6.39,45.71,2.4
13.91,Van,8,13.12,26.3,2.01
44.33,Sedan,3,7.86,68.32,3.52
54.54,Sedan,4,7.02,82.11,3.61
30.25,Sedan,3,7.11,38.95,2.33
18.0,Sedan,4,7.01,27.53,1.3
40.22,SUV,5,5.98,56.29,2.16
34.15,SUV,4,9.18,57.04,3.44
64.18,Bus,34,14.65,152.47,14.33
29.6,SUV,4,9.26,51.82,2.69
20.27,SUV,5,7.29,29.58,1.64
23.39,Sedan,2,5.08,33.17,1.28
12.02,Sedan,2,8.43,15.56,1.01
17.64,SUV,3,10.6,32.9,2.14
4.7,SUV,4,8.99,5.0,0.66
19.74,Van,7,11.33,27.73,2.41
40.76,Sedan,3,6.2,48.32,2.99
68.09,Sedan,4,7.18,113.67,6.07
16.97,SUV,3,7.99,30.04,1.42
31.68,Sedan,1,7.69,49.34,2.12
20.27,Sedan,1,6.2,37.34,1.38
16.74,Van,12,10.24,39.23,2.08
9.88,Sedan,4,6.53,29.0,0.72
51.44,SUV,6,8.11,78.45,5.08
6.26,Sedan,4,6.89,8.56,0.45
28.35,Sedan,4,5.86,53.98,2.17
7.59,Sedan,1,7.06,20.25,0.51
14.68,Van,1,13.19,27.49,1.78
49.81,Sedan,4,5.64,52.81,2.94
9.62,Van,10,10.76,20.72,1.36
26.66,Sedan,1,7.05,43.2,1.96
44.42,Van,1,10.22,94.07,5.51
27.78,Sedan,3,7.06,53.34,1.99
28.62,Van,4,12.0,61.7,3.92
27.53,SUV,7,10.62,36.53,3.73
38.96,Bus,8,16.18,82.1,6.11
43.66,Sedan,2,5.37,53.26,2.94
25.59,Sedan,3,6.13,32.06,1.94
22.95,Sedan,1,5.34,40.67,1.22
7.26,Van,8,12.02,21.26,0.97
12.26,SUV,3,7.26,27.72,0.93
27.16,Van,11,15.2,57.23,4.43
5.01,Sedan,2,8.06,17.39,0.41
11.38,Sedan,1,6.52,24.67,1.05
17.18,Sedan,2,7.54,35.01,1.29
8.79,Bus,41,13.09,29.08,1.55
11.64,Van,8,15.54,22.8,1.91
28.55,Bus,33,16.23,61.5,7.85
20.04,Sedan,3,6.36,29.84,1.47
33.43,SUV,4,6.22,65.35,2.12
16.58,Van,2,11.88,24.02,2.21
19.84,Sedan,1,5.17,28.25,1.28
25.21,Van,8,11.18,51.25,3.24
12.14,Bus,10,16.37,31.14,1.97
29.64,Bus,44,14.77,56.65,6.78
9.98,Van,11,9.55,10.88,1.06
13.16,Sedan,3,6.77,30.87,0.88
14.93,Sedan,1,4.96,25.56,0.63
13.79,Bus,19,15.75,25.26,3.1
22.43,Sedan,3,7.3,43.25,1.51
13.82,Van,12,15.68,30.91,2.42
18.84,Van,3,11.86,39.57,2.02
41.98,SUV,7,7.62,70.34,3.33
44.22,Bus,37,16.9,75.72,12.23
2.0,Sedan,4,6.54,7.24,0.2
28.53,Sedan,1,6.08,56.15,2.15
4.02,Sedan,2,7.58,13.97,0.2
29.77,SUV,3,9.33,55.03,2.66
37.9,Sedan,1,7.59,62.7,3.57
15.47,Sedan,4,6.12,29.65,1.34
44.95,Van,2,13.39,77.56,7.38
12.43,Bus,14,17.5,30.7,2.92
40.66,Sedan,1,5.33,55.33,2.62
37.29,Sedan,1,9.11,47.01,4.05
6.89,Bus,27,12.53,22.67,1.09
16.41,Sedan,1,5.61,27.38,1.0
5.9,Sedan,1,5.75,20.61,0.49
8.97,Sedan,1,9.51,13.67,0.98
45.84,SUV,2,11.71,78.08,4.91
29.67,Sedan,4,8.29,30.76,2.85
13.71,Bus,10,17.01,26.31,2.83
4.24,SUV,1,12.64,11.37,0.71
5.64,SUV,2,9.55,10.87,0.52
19.04,Sedan,3,7.67,36.73,1.26
47.28,SUV,7,9.27,88.81,4.9
34.67,Van,8,10.91,63.97,4.07
19.55,Van,6,10.55,37.09,2.47
19.58,Van,13,10.62,32.35,2.36
25.45,SUV,1,9.91,39.84,2.38
42.34,Bus,30,19.1,110.04,11.39
10.48,Van,13,10.94,28.19,1.55
25.16,Van,10,13.72,36.03,3.6
8.6,Sedan,3,4.0,17.28,0.42
23.9,Sedan,2,7.11,29.76,1.8
19.38,Sedan,2,7.36,32.5,1.76
6.11,Van,7,13.06,10.81,1.05
25.46,SUV,2,8.9,36.15,2.65
14.97,SUV,3,9.31,30.65,1.74
16.36,Bus,24,20.96,48.21,4.19
11.35,Bus,27,22.47,31.63,3.41
23.52,Bus,31,17.1,72.24,6.07
22.48,Sedan,3,6.82,32.75,1.64
33.61,Van,6,14.02,74.14,4.73
27.29,Sedan,3,4.0,35.63,1.21
11.45,Sedan,4,5.67,28.09,0.6
34.73,Sedan,2,8.26,67.19,3.15
40.03,Sedan,4,7.81,70.82,3.74
12.64,SUV,5,9.78,22.91,1.48
17.19,Van,6,10.19,25.22,2.1
14.71,Sedan,2,5.44,21.82,0.73
21.86,Van,1,9.94,50.57,2.71
11.87,SUV,5,11.32,17.77,1.32
33.2,Sedan,4,5.75,54.26,2.4
9.98,SUV,3,9.15,18.27,0.87
16.14,Sedan,2,5.6,32.75,0.99
26.69,SUV,6,10.26,45.92,3.21
21.86,SUV,4,8.19,42.29,1.79
22.59,Sedan,2,6.38,47.25,1.79
9.14,Sedan,1,4.48,13.87,0.41
19.5,SUV,2,6.58,27.99,1.25
38.96,Bus,29,18.02,85.01,9.04
32.14,Sedan,4,4.91,37.52,1.86
17.4,Van,4,14.79,38.57,2.34
21.6,Van,10,7.29,44.6,1.79
24.38,Bus,25,15.6,50.3,5.25
45.3,Van,13,11.03,55.17,5.61
15.49,SUV,5,8.45,35.31,1.18
31.82,Van,14,9.01,54.5,3.48
21.82,Bus,42,15.13,49.41,5.0
38.89,Sedan,4,5.31,73.68,1.99
41.33,Sedan,3,6.16,55.03,2.51
22.75,Sedan,1,8.84,37.77,2.15
13.77,Van,6,11.14,32.35,1.54
38.19,Van,14,13.13,85.48,6.97
21.29,Sedan,3,7.11,43.49,1.86
7.77,SUV,2,10.67,16.95,0.8
6.24,SUV,6,4.8,14.42,0.31
21.36,Sedan,2,6.13,39.95,1.48
2.0,Bus,40,21.92,6.78,0.67
14.9,Sedan,3,5.81,25.22,1.07
39.84,Sedan,3,8.61,44.98,4.03
44.35,SUV,4,11.23,89.05,4.69
39.85,Van,12,10.16,69.72,5.46
21.65,Sedan,2,5.9,30.75,1.44
11.38,Van,6,9.18,23.16,1.23
42.42,SUV,6,8.06,54.35,3.49
23.83,Sedan,1,5.02,44.3,1.02
7.55,Sedan,1,7.01,13.36,0.49
22.46,SUV,7,6.82,41.2,1.69
38.44,Sedan,1,7.22,63.67,2.89
3.55,Bus,5,19.88,11.95,0.9
19.01,Van,8,8.01,43.18,1.89
47.62,Bus,38,22.65,95.68,14.57
21.57,Sedan,4,7.12,26.61,1.85
9.2,Bus,14,20.25,30.84,2.62
35.85,SUV,7,7.86,65.83,2.72
30.04,Sedan,4,7.25,48.43,2.17
23.83,Sedan,2,7.85,42.45,2.18
9.46,Sedan,4,6.38,24.1,0.63
25.95,Van,8,14.6,46.06,3.81
31.83,SUV,6,9.07,53.2,2.78
7.51,Sedan,1,7.87,11.67,0.58
25.3,SUV,7,9.44,36.27,2.78
17.82,Sedan,1,7.2,26.44,1.17
5.31,SUV,4,6.49,12.37,0.51
18.42,Sedan,3,6.95,39.86,1.41
15.8,Van,6,9.68,19.58,1.83
19.75,Van,5,9.48,33.15,2.33
14.43,SUV,5,11.62,34.49,2.14
6.19,Sedan,2,6.24,10.43,0.31
46.04,Sedan,4,5.3,73.09,2.95
81.06,Van,11,10.35,162.97,10.32
16.19,Sedan,3,4.94,24.68,1.08
21.33,Sedan,3,8.22,28.0,1.84
79.94,Sedan,3,5.67,110.89,4.85
9.32,SUV,6,9.79,25.98,1.09
13.81,SUV,4,11.03,28.83,1.45
27.99,Van,7,10.1,42.01,2.79
24.61,Sedan,1,7.14,38.02,1.55
38.63,Sedan,3,5.26,57.86,2.44
30.55,Van,7,15.4,61.7,6.14
49.92,Van,11,12.69,82.77,8.15
26.45,Sedan,2,6.27,51.11,1.93
7.71,SUV,4,7.84,20.35,0.88
16.31,Sedan,4,6.36,27.36,1.09
35.86,Bus,19,16.98,106.13,6.78
3.22,Sedan,2,8.84,8.59,0.33
18.54,Bus,8,14.32,49.74,2.91
25.62,Van,13,11.24,50.23,3.34
25.88,SUV,7,8.97,41.11,2.85
12.78,Sedan,4,6.36,21.37,0.88
15.69,SUV,3,8.84,29.14,1.23
24.01,SUV,1,8.83,45.72,2.42
34.85,Sedan,3,7.55,63.37,2.6
8.0,Van,11,12.1,18.68,1.16
21.96,Bus,37,19.26,62.64,6.11
43.83,SUV,6,4.45,54.67,2.31
20.89,Van,14,11.54,46.2,2.8
28.59,Sedan,4,4.51,51.78,1.57
49.33,SUV,5,9.97,59.93,6.34
23.75,Sedan,1,8.27,46.53,2.27
48.41,SUV,7,7.61,82.08,4.7
16.48,Bus,28,17.21,42.41,4.73
40.78,Van,7,9.92,74.68,4.31
25.54,Sedan,3,7.98,45.87,2.49
25.98,Sedan,3,6.61,34.05,1.97
28.7,SUV,4,11.59,54.3,3.48
25.65,SUV,6,9.62,39.81,2.88
26.29,Van,12,11.44,42.08,3.29
59.36,Van,10,11.12,85.99,6.84
29.48,SUV,4,10.23,47.29,3.6
41.23,Sedan,1,4.41,66.03,1.82
12.54,Sedan,1,6.6,21.04,0.78
6.35,Sedan,2,6.42,18.07,0.47
6.84,Sedan,3,7.37,11.45,0.43
8.52,SUV,7,8.72,18.82,0.82
49.12,Van,11,9.13,62.24,5.12
6.61,Van,11,11.01,21.11,1.13
19.63,Sedan,4,5.2,26.82,1.08
68.48,Sedan,1,4.19,80.66,2.87
32.98,Sedan,4,7.37,48.09,2.59
14.86,Sedan,4,7.19,31.56,1.44
11.89,Van,8,11.84,26.15,1.24
16.86,Sedan,2,8.06,27.31,1.56
26.49,SUV,5,8.0,40.2,2.19
17.46,Sedan,2,4.78,26.96,0.92
32.98,Bus,17,17.79,96.85,7.16
57.86,SUV,6,8.48,119.04,5.16
13.27,Sedan,2,5.49,15.8,0.74
59.58,SUV,4,8.88,93.66,6.3
24.33,Van,14,9.9,51.19,3.24
17.1,Bus,14,12.49,51.06,2.45
11.76,Sedan,3,5.97,17.28,0.84
30.37,Bus,43,14.59,79.12,6.11
13.92,Bus,14,18.69,32.48,3.69
32.2,Bus,22,16.03,87.03,6.72
21.9,SUV,6,10.67,34.76,2.38
15.92,SUV,4,11.41,24.25,2.17
21.63,SUV,7,10.02,39.42,2.31
29.72,Van,9,8.21,55.51,3.27
19.86,SUV,2,11.26,27.57,2.46
13.94,Van,13,13.84,29.53,2.44
12.56,SUV,3,9.03,28.83,1.04
34.21,Van,8,13.38,66.8,5.51
9.37,Van,3,10.01,24.87,0.87
13.09,Sedan,4,4.26,21.5,0.74
6.33,Van,3,9.63,22.58,0.6
20.91,SUV,7,11.59,40.42,2.6
10.51,Van,8,8.32,29.09,0.99
19.75,SUV,4,9.0,40.02,2.14
20.22,Sedan,3,6.54,29.45,1.51
21.04,Bus,21,16.46,48.19,4.97
14.9,Sedan,1,5.97,16.66,0.84
34.06,Van,9,11.13,55.66,4.02
17.47,SUV,1,8.16,31.94,1.48
13.29,SUV,2,6.87,26.62,0.59
6.86,Sedan,3,6.76,11.67,0.6
37.54,SUV,5,10.61,65.64,4.17
14.46,Sedan,1,7.54,27.35,0.98
32.5,Sedan,2,5.53,64.57,2.11
16.89,Sedan,2,5.0,23.2,1.11
61.43,Sedan,4,6.16,101.87,4.45
60.13,Bus,31,22.7,140.64,18.85
26.45,Bus,15,19.94,53.41,6.36
26.67,Sedan,2,7.34,50.91,1.94
24.88,Van,14,12.6,53.75,4.12
17.34,Sedan,2,7.0,26.17,1.32
35.69,Van,8,11.22,65.95,4.15
21.21,Van,11,12.19,49.17,2.61
9.51,Bus,26,16.36,19.06,2.28
18.34,SUV,1,6.88,28.21,1.2
9.83,Van,11,12.3,21.46,1.22
9.29,Sedan,1,7.99,12.88,0.73
12.48,Bus,23,14.65,36.25,2.39
55.27,Sedan,3,7.49,76.67,3.93
28.59,SUV,2,11.52,40.25,3.16
18.38,Van,12,11.0,32.78,2.67
17.24,Van,8,9.53,37.08,2.17
22.8,Sedan,2,6.65,37.24,1.92
14.54,Bus,41,16.35,22.7,3.83
29.64,Sedan,1,5.76,46.08,2.11
23.93,SUV,1,9.65,48.39,2.31
27.74,Sedan,1,4.58,42.25,1.36
17.58,Sedan,2,4.77,26.52,0.81
69.1,SUV,7,9.03,130.34,6.18
9.75,SUV,2,8.97,23.93,0.84
29.97,Sedan,1,6.91,50.65,2.66
15.16,Sedan,2,8.75,23.15,1.7
23.81,SUV,4,9.16,41.89,2.2
25.84,Van,12,12.08,42.83,3.57
60.14,Bus,24,15.07,139.83,12.98
26.13,Sedan,3,7.42,33.89,2.39
18.11,Sedan,1,5.87,27.3,1.17
2.0,Sedan,2,6.59,9.51,0.2
14.0,Sedan,1,6.37,33.28,1.04
79.83,Van,3,12.86,159.18,11.81
31.72,SUV,4,7.04,57.65,2.91
34.86,Sedan,1,4.0,41.26,1.48
4.68,Sedan,3,6.24,13.33,0.37
14.75,Sedan,2,7.06,20.0,1.13
29.99,Van,12,11.27,55.83,4.18
7.16,Bus,19,21.7,25.29,2.01
23.17,Sedan,1,7.02,26.32,2.01
47.36,Sedan,2,5.82,75.85,2.73
11.19,Bus,9,11.02,35.91,1.38
13.1,Bus,33,17.29,31.26,3.54
41.18,SUV,6,10.54,57.65,4.93
14.8,Sedan,3,6.03,34.05,0.84
12.17,Sedan,3,6.53,24.58,0.84
50.77,SUV,2,9.63,81.1,4.82
21.19,Sedan,2,5.28,44.41,1.04
11.09,Sedan,1,7.25,16.66,0.75
42.78,SUV,1,11.46,66.08,5.92
9.69,Sedan,4,6.29,8.27,0.61
22.26,Van,10,8.97,27.9,1.98
25.18,Sedan,4,6.42,41.71,1.99
14.09,Sedan,2,4.0,33.98,0.72
33.71,SUV,1,9.51,46.81,3.95
11.92,Sedan,1,7.04,17.46,1.03
35.13,Bus,11,23.03,77.89,8.85
19.42,SUV,4,8.71,28.59,2.06
10.59,Sedan,2,6.99,25.95,0.82
22.62,Van,5,9.45,39.51,2.17
27.02,Sedan,3,6.07,42.16,1.63
4.65,Bus,16,13.42,15.74,0.81
47.66,Sedan,1,6.27,77.68,3.36
20.56,SUV,2,8.54,29.59,2.01
16.24,Sedan,3,6.86,33.24,1.18
25.86,SUV,5,8.06,47.24,2.29
22.05,Van,2,11.15,38.45,2.89
15.45,Van,12,10.4,32.79,1.59
26.29,Sedan,2,6.1,37.47,1.84
35.16,Sedan,2,6.6,56.18,2.79
17.01,Van,10,11.07,33.9,2.21
2.39,Bus,23,20.28,9.62,0.75
32.32,Sedan,1,6.36,42.75,2.41
20.36,SUV,5,8.48,37.94,2.17
10.69,Sedan,2,6.28,10.79,0.84
27.57,Bus,20,15.86,73.21,6.03
10.67,Sedan,4,6.07,22.51,0.65
31.66,Sedan,1,8.94,52.02,3.28
9.42,Van,4,9.36,14.8,1.0
14.79,Sedan,2,6.17,29.08,0.95
5.72,SUV,1,8.42,12.03,0.61
14.38,SUV,5,8.63,30.45,1.08
16.26,Sedan,4,6.1,19.44,1.18
20.46,Sedan,1,6.84,35.61,1.69
17.41,SUV,3,6.43,29.56,1.32
9.7,Sedan,2,7.74,25.84,0.83
19.98,SUV,7,9.95,24.36,2.54
14.64,Van,9,8.76,18.35,1.76
23.02,Van,8,6.92,49.65,2.05
11.81,Sedan,3,5.33,21.94,0.65
13.98,Sedan,3,6.21,24.01,0.89
26.34,Sedan,3,9.6,35.64,2.57
17.94,Sedan,4,7.15,30.69,1.46
6.54,SUV,1,6.29,19.56,0.43
49.57,Van,12,9.76,94.19,5.24
33.44,Sedan,3,6.44,68.72,2.13
32.74,Sedan,1,6.8,49.83,1.92
5.65,Sedan,4,4.92,16.44,0.46
3.86,Van,6,10.76,19.68,0.51
37.58,Sedan,4,5.64,55.75,1.99
9.63,SUV,4,7.34,22.34,0.63
23.44,Sedan,1,6.81,43.87,1.81
14.35,Bus,9,20.32,34.45,3.24
4.17,Bus,21,20.52,15.16,1.26
12.61,Sedan,2,7.19,23.87,1.05
26.12,Sedan,2,5.9,47.29,1.67
18.63,SUV,5,10.07,34.56,2.26
55.4,Sedan,1,6.87,69.35,3.92
31.08,Van,14,11.24,67.22,3.58
27.26,Van,10,9.9,48.7,3.33
23.37,Van,13,10.11,37.27,2.7
10.64,Van,12,11.13,30.55,1.28
10.87,Sedan,2,9.43,26.83,1.1
20.76,Sedan,1,6.86,37.96,1.42
12.68,Van,1,9.9,22.02,1.17
49.75,Sedan,1,5.5,84.03,2.95
30.77,Van,2,10.11,54.4,3.78
40.37,Sedan,4,9.11,56.12,3.76
2.49,Sedan,2,6.02,5.0,0.27
26.91,Bus,44,20.72,60.88,9.6
6.47,Sedan,2,6.05,17.7,0.33
44.71,Bus,43,18.78,109.48,15.63
29.5,Bus,13,20.38,79.25,6.82
32.09,Van,4,9.97,74.63,3.42
33.06,Van,5,9.85,58.98,3.44
13.82,SUV,7,11.49,31.13,1.89
59.1,Bus,13,20.95,155.98,14.27
30.59,Sedan,1,7.45,62.82,2.15
23.69,SUV,2,10.18,41.78,2.77
14.92,SUV,4,9.69,31.66,1.3
19.49,SUV,3,12.03,27.57,2.08
43.4,SUV,6,9.07,52.45,4.04
17.17,Sedan,3,7.19,28.62,1.55
13.45,SUV,1,6.82,18.5,1.39
28.47,Bus,37,15.53,50.29,7.21
20.56,Sedan,2,5.06,31.86,0.99
13.69,Bus,12,21.82,40.08,3.66
38.39,Van,4,6.41,59.01,2.48
10.01,Van,11,10.28,22.74,1.49
17.52,SUV,4,4.51,34.48,0.95
11.26,Van,11,9.5,25.73,1.22
58.31,Sedan,3,5.91,74.45,3.67
30.14,Van,10,13.49,36.06,4.9
25.79,Sedan,1,6.98,35.45,2.09
11.65,Bus,12,15.5,34.47,2.44
58.31,Bus,34,21.2,149.29,16.11
6.87,Sedan,2,6.52,18.23,0.53
17.34,Sedan,1,6.55,36.07,1.14
19.1,Van,3,8.84,27.37,1.73
6.99,Sedan,2,5.31,21.13,0.27
22.11,Bus,7,15.52,60.92,3.43
13.01,Sedan,1,6.56,35.54,0.68
47.59,Sedan,4,6.59,59.1,3.08
8.21,Bus,14,22.63,22.03,2.68
32.04,Van,4,11.69,52.83,3.74
22.38,Van,4,6.13,35.67,1.51
37.06,Sedan,2,6.82,63.01,2.65
18.62,Van,4,8.39,31.85,2.13
10.88,SUV,2,7.55,22.91,1.02
52.08,SUV,3,7.78,88.35,4.12
51.58,Van,11,9.81,71.61,7.0
32.53,SUV,7,6.94,44.75,2.76
28.93,SUV,5,9.31,56.99,2.85
25.27,Sedan,3,4.81,46.1,1.16
30.0,Van,6,11.64,65.82,3.37
72.73,Sedan,2,9.18,135.69,7.28
8.08,Van,14,8.61,19.94,0.78
20.91,Sedan,4,6.16,24.16,1.48
14.61,SUV,2,5.21,24.21,0.82
22.11,Van,1,10.46,33.37,2.54
7.64,Sedan,1,7.27,15.5,0.51
10.3,Sedan,1,7.36,14.69,0.73
9.64,Sedan,1,6.59,22.7,0.67
29.71,SUV,5,10.33,58.96,3.34
20.48,Van,5,15.58,38.46,4.19
5.81,Sedan,3,8.55,15.16,0.51
5.69,Van,1,10.06,11.81,0.62
4.16,Sedan,4,4.76,13.44,0.2
17.99,SUV,5,8.39,34.03,1.54
19.01,Bus,22,15.16,55.62,4.02
19.8,Sedan,2,7.04,35.38,1.45
12.32,SUV,1,7.23,20.69,0.88
16.22,Sedan,3,6.41,22.9,1.39
18.33,Sedan,3,7.51,32.8,1.49
20.53,Sedan,3,6.38,38.91,1.3
25.24,Sedan,3,5.36,42.9,1.56
38.97,SUV,1,10.76,45.01,3.97
11.43,SUV,7,6.18,24.31,0.7
33.13,SUV,5,8.51,46.46,3.2
13.13,Sedan,1,6.45,26.28,0.96
29.55,Sedan,1,6.52,53.81,2.02
21.28,Van,9,11.32,35.64,3.18
72.28,Bus,33,19.83,160.96,22.41
24.79,Sedan,2,6.46,32.53,1.93
34.7,Bus,37,16.9,74.82,10.35
2.0,SUV,5,8.39,5.0,0.2
36.49,SUV,2,8.08,69.54,2.98
11.9,SUV,6,10.18,25.28,1.4
19.34,Sedan,4,5.72,28.36,1.35
15.89,Sedan,4,7.52,22.03,1.25
8.87,SUV,1,9.03,13.47,0.86
53.96,Sedan,3,5.87,75.2,3.1
40.97,Bus,21,19.86,113.46,11.8
10.31,SUV,4,7.91,15.41,1.04
9.67,Sedan,3,7.27,14.82,0.85
28.97,Van,11,11.38,54.83,4.16
35.99,Sedan,4,5.78,56.4,2.6
20.64,SUV,1,9.79,33.82,1.9
12.4,Van,12,11.98,16.34,1.91
18.16,Bus,41,21.47,51.36,7.03
5.0,Van,12,12.74,11.5,0.68
6.6,Van,8,11.88,20.36,0.78
37.93,Van,12,8.97,46.24,4.59
14.04,Bus,42,25.35,37.12,4.82
19.42,Sedan,1,4.82,43.7,0.9
24.81,Sedan,1,7.64,39.24,2.45
19.31,Sedan,1,7.02,39.46,1.57
25.43,Sedan,4,5.09,35.07,1.09
37.12,Van,2,10.78,62.19,3.96
11.97,SUV,1,8.88,23.05,1.26
38.39,SUV,2,10.96,54.21,4.88
24.75,Sedan,3,5.64,32.29,1.21
29.89,Van,13,10.53,37.82,3.72
36.81,Sedan,2,4.0,60.57,1.66
22.51,Van,13,14.12,55.02,4.57
82.91,SUV,2,7.39,113.57,6.91
8.57,Sedan,2,6.89,18.05,0.64
37.37,Sedan,4,6.38,66.54,2.62
13.62,Sedan,3,6.38,18.83,0.97
25.82,Van,5,12.46,43.93,3.12
19.11,Bus,14,23.01,50.6,5.29
18.29,SUV,1,9.38,36.19,1.96
17.23,Sedan,2,7.29,33.61,1.37
29.74,SUV,3,9.49,49.93,2.96
10.3,Van,14,12.83,18.18,1.85
13.04,Van,10,10.17,29.94,1.21
9.57,Sedan,1,7.79,16.1,0.67
51.55,Sedan,3,7.83,82.47,4.59
34.51,Van,2,12.95,62.21,4.36
13.54,Sedan,1,5.71,19.68,0.86
28.56,Sedan,2,6.3,38.34,1.7
9.83,Sedan,1,6.79,16.25,0.74
21.5,SUV,3,6.94,29.61,1.72
17.41,Bus,20,22.78,35.95,5.51
17.21,Bus,29,17.96,30.23,3.74
15.33,SUV,7,9.43,14.05,1.74
81.03,SUV,7,8.13,114.02,6.73
32.18,Sedan,1,4.91,47.29,1.78
66.7,SUV,5,8.09,79.92,6.3
14.81,Sedan,4,6.76,29.57,1.17
10.0,SUV,3,10.01,15.64,1.07
24.76,Sedan,3,6.69,37.97,1.69
21.48,Sedan,1,6.92,42.3,1.43
32.14,Sedan,4,6.1,58.16,2.19
38.28,Sedan,1,7.1,67.37,3.1
4.43,Sedan,4,8.28,5.86,0.29
69.06,Sedan,1,7.35,88.56,6.09
25.49,Bus,23,20.43,63.33,6.68
30.82,SUV,6,9.44,45.74,3.66
52.11,SUV,5,6.75,81.19,3.64
11.79,Bus,38,14.87,34.89,2.85
19.7,Bus,23,19.36,45.03,5.65
9.22,SUV,2,8.98,20.82,0.9
10.42,Van,12,11.79,26.94,1.62
38.39,Sedan,2,8.51,59.07,3.8
48.67,Sedan,1,7.37,92.46,4.2
6.33,SUV,2,10.89,15.5,0.67
26.6,Van,4,11.17,57.79,3.71
42.31,Van,11,9.55,94.38,4.29
37.1,Sedan,4,6.43,58.86,2.42
23.13,Sedan,1,5.53,37.09,1.57
26.45,SUV,6,11.34,59.28,3.71
26.91,Sedan,2,7.45,29.49,2.31
25.53,SUV,2,9.78,33.14,2.12
29.14,Van,2,13.22,45.11,4.77
18.39,Van,13,7.36,37.57,1.83
65.44,Van,1,12.06,88.72,9.76
11.71,Bus,9,14.07,35.99,1.6
43.95,SUV,7,8.99,64.96,3.78
13.12,Van,7,10.44,23.62,1.61
30.13,SUV,5,9.99,59.76,3.63
13.34,Sedan,4,6.77,28.96,0.91
29.05,Sedan,4,8.11,47.02,2.45
20.66,Sedan,4,5.78,29.3,1.06
33.07,SUV,5,10.06,58.91,3.27
12.34,SUV,3,9.24,29.31,1.27
12.17,Van,10,8.06,29.1,1.24
48.61,Sedan,4,5.4,58.42,3.37
57.11,Sedan,1,6.32,92.21,3.81
19.08,Bus,13,21.34,53.47,4.22
27.55,Sedan,2,7.06,47.92,2.2
5.91,SUV,7,7.25,13.28,0.51
22.39,SUV,3,8.79,43.81,2.09
15.99,SUV,5,12.03,12.9,2.55
63.14,Sedan,2,6.63,72.21,4.53
15.38,Sedan,3,6.11,36.49,1.18
63.76,Sedan,2,7.09,95.14,4.3
14.97,SUV,2,10.15,18.73,1.68
31.32,SUV,1,8.32,47.47,2.83
57.35,Sedan,2,7.1,71.72,3.83
19.6,SUV,6,8.51,32.81,1.83
55.33,Van,14,12.29,86.81,8.93
36.85,Sedan,4,6.7,67.03,2.42
22.25,SUV,2,9.72,35.85,1.92
28.53,Van,6,9.63,58.05,3.05
48.7,Sedan,1,5.51,83.14,3.26
27.51,Sedan,3,7.63,42.04,2.53
7.82,SUV,7,8.88,20.21,0.74
36.93,Bus,30,18.86,65.88,9.51
37.83,Van,13,10.45,48.8,4.21
26.89,SUV,5,10.35,28.77,2.48
15.16,Van,14,9.91,21.82,1.94
35.57,Sedan,2,6.34,60.34,2.5
9.13,SUV,7,10.18,23.29,1.02
28.25,SUV,7,10.76,28.84,3.56
27.39,Sedan,3,5.87,32.0,1.64
22.83,Van,6,14.53,50.31,3.42
43.27,SUV,7,9.47,73.78,5.04
16.96,Sedan,1,5.25,30.88,1.09
11.3,Bus,28,19.11,42.87,2.56
12.67,Sedan,4,6.04,21.33,1.01
44.15,Sedan,4,7.02,76.36,3.2
31.89,Sedan,1,6.45,52.13,2.34
30.3,Van,4,11.13,43.56,3.83
28.51,Van,14,9.36,49.09,3.24
19.64,Sedan,2,7.69,31.12,1.54
10.57,Van,8,8.92,20.05,1.18
11.09,Sedan,3,5.17,14.58,0.66
29.12,Van,13,11.66,45.45,4.4
16.6,SUV,7,11.4,30.61,2.07
13.27,SUV,5,8.47,24.37,1.38
20.03,Bus,6,20.1,42.78,4.28
45.82,Sedan,1,7.79,81.47,4.05
23.93,Sedan,4,7.48,38.63,1.87
62.08,SUV,1,8.53,117.15,6.08
30.46,Bus,9,14.73,80.21,4.63
111.82,Sedan,3,4.0,136.37,4.86
26.93,Sedan,4,6.18,44.73,1.53
25.32,Sedan,3,7.91,41.65,2.5
24.25,SUV,3,7.31,48.16,1.87
16.21,Sedan,4,7.34,34.84,1.56
19.12,Van,9,9.29,46.09,1.99
69.28,Bus,20,18.32,156.56,14.2
16.65,SUV,7,10.06,29.37,1.52
24.26,Sedan,1,5.71,33.12,1.43
24.37,SUV,7,9.26,43.82,2.74
17.8,Sedan,1,6.0,22.19,1.22
17.42,Bus,25,20.12,31.5,4.17
20.78,SUV,4,9.35,29.99,1.93
36.88,Sedan,3,6.57,59.48,2.49
50.29,Van,1,13.81,99.52,7.99
8.83,SUV,7,9.99,13.82,1.08
61.7,SUV,1,7.96,113.28,5.44
33.83,Sedan,4,6.4,45.85,2.23
34.82,Van,6,10.86,51.35,4.5
13.9,Bus,18,18.24,37.95,2.84
84.48,SUV,4,12.79,96.68,13.76
12.77,Bus,44,19.11,26.35,4.01
25.47,Sedan,3,4.06,29.0,0.92
27.79,SUV,1,8.19,39.68,2.67
59.37,SUV,5,6.1,84.75,4.47
13.46,SUV,6,8.51,20.7,1.2
26.3,SUV,2,6.02,40.8,1.57
6.5,Sedan,1,5.45,11.38,0.33
23.14,Sedan,1,4.68,38.98,1.01
29.34,Sedan,1,6.96,57.25,2.16
15.7,Sedan,4,6.5,24.81,0.89
7.64,Van,8,11.55,28.67,0.98
62.73,Sedan,2,6.37,81.31,3.75
10.39,Sedan,4,4.83,19.37,0.66
11.35,SUV,5,9.77,24.84,0.99
13.88,SUV,2,11.88,21.84,1.93
47.39,Bus,26,19.23,74.7,11.54
21.23,SUV,4,8.36,26.23,1.71
6.58,Sedan,2,4.79,13.54,0.31
14.08,Van,13,9.37,31.28,1.74
47.24,SUV,6,9.68,83.67,5.35
8.13,Sedan,3,7.79,11.46,0.8
10.33,SUV,5,9.39,21.52,1.17
10.88,Bus,5,20.4,25.71,2.25
21.77,Sedan,4,7.35,41.72,1.69
24.6,Sedan,1,7.11,39.21,1.75
19.55,Sedan,1,5.71,26.8,1.19
21.09,Sedan,2,6.71,25.44,1.54
9.59,SUV,7,7.73,24.08,0.86
19.36,SUV,6,9.03,37.15,2.16
19.09,Sedan,3,6.9,41.26,1.49
10.98,Bus,37,23.04,25.24,4.38
50.81,Van,14,8.64,107.21,5.6
44.88,SUV,2,9.72,81.21,5.23
8.51,Van,4,13.67,15.22,1.53
30.3,Sedan,2,7.41,56.92,2.56
28.64,SUV,7,10.25,46.09,3.77
26.11,SUV,3,9.88,35.02,2.7
19.14,Van,9,13.34,46.28,3.24
25.89,Van,8,9.04,51.99,2.29
19.79,Sedan,4,4.84,23.19,1.32
13.82,Bus,14,17.98,35.01,3.59
29.94,Sedan,1,4.0,43.86,1.26
4.5,Bus,43,21.69,12.09,1.45
35.48,Bus,16,21.66,58.69,8.93
22.49,Sedan,2,5.98,31.47,1.34
16.68,Van,7,10.33,30.92,2.13
34.8,Sedan,3,6.41,55.98,2.68
26.14,SUV,5,9.08,39.05,2.44
51.01,SUV,6,9.19,78.65,5.33
41.95,SUV,1,9.84,58.54,4.24
11.15,Bus,17,17.48,21.12,2.6
15.81,Van,6,12.7,33.81,2.14
14.14,SUV,3,9.67,27.82,1.24
14.24,Van,13,9.91,30.18,1.32
56.76,Bus,26,22.01,117.88,16.63
8.3,Sedan,1,4.87,14.78,0.58
43.07,Bus,15,17.72,110.48,10.07
57.72,Sedan,2,7.66,72.88,5.08
38.29,Van,3,9.7,65.5,4.54
31.74,Sedan,3,6.87,60.19,2.37
8.12,Sedan,3,7.15,14.99,0.61
6.98,SUV,7,7.71,9.08,0.54
28.3,SUV,7,8.89,47.28,2.52
18.69,Sedan,1,6.31,31.27,1.4
8.86,Sedan,4,5.84,15.04,0.65
35.53,SUV,3,12.45,62.51,5.31
30.72,Bus,38,15.71,58.6,6.26
35.61,Sedan,3,7.71,61.16,2.71
35.95,Sedan,2,6.03,47.54,2.35
43.79,SUV,5,7.37,64.33,3.42
16.79,Sedan,4,6.62,24.7,1.13
9.62,Van,7,12.17,17.51,1.47
55.12,Van,4,12.66,121.31,7.67
6.97,SUV,5,11.34,8.89,1.0
7.69,Sedan,4,10.03,15.9,0.85
14.15,Van,5,11.45,30.0,1.92
50.72,SUV,3,8.01,85.18,4.03
15.42,Van,13,11.82,34.08,2.45
7.75,SUV,3,8.6,23.96,0.8
11.35,Van,9,12.67,16.41,1.77
11.07,SUV,2,7.05,26.86,0.78
24.92,SUV,2,12.55,33.51,3.2
13.05,Bus,38,20.57,32.08,4.05
2.0,SUV,7,6.47,6.36,0.2
100.83,SUV,1,7.94,151.64,9.53
3.85,Sedan,2,7.48,5.0,0.2
6.28,SUV,3,10.76,13.56,0.74
34.75,SUV,6,7.09,63.43,2.33
9.05,Sedan,4,7.36,22.15,0.76
32.81,Sedan,4,4.16,46.42,1.39
28.92,SUV,2,8.87,60.9,2.31
14.99,Van,2,13.0,31.14,2.25
32.59,SUV,3,8.17,59.12,2.44
19.17,Sedan,2,4.69,23.92,0.85
35.56,Van,11,11.26,56.55,5.12
50.7,Sedan,2,5.77,78.44,3.19
8.66,SUV,5,9.94,13.96,0.99
24.17,Sedan,1,5.44,53.99,1.42
25.17,Sedan,3,5.57,33.23,1.94
24.71,Sedan,4,4.07,30.35,1.1
33.19,Sedan,4,6.7,56.64,1.99
29.25,Sedan,4,6.31,50.57,2.18
7.88,Sedan,3,5.07,32.09,0.47
9.1,SUV,1,9.29,21.78,0.93
17.67,SUV,7,10.54,24.1,2.39
24.48,Sedan,2,6.24,36.4,1.39
25.55,Van,2,11.48,56.81,3.24
27.0,Sedan,2,6.83,50.45,2.08
30.2,SUV,2,7.19,54.29,2.57
29.65,Sedan,2,8.97,47.92,2.93
20.87,Sedan,2,5.93,33.51,1.29
50.9,SUV,4,9.98,88.02,6.15
7.22,SUV,2,10.15,19.04,0.93
3.97,Bus,30,17.58,9.86,1.04
23.78,SUV,6,9.91,41.53,2.35
27.72,Bus,31,18.74,53.87,8.31
23.73,Sedan,4,4.8,45.75,1.31
15.07,Sedan,3,6.1,22.38,0.83
28.71,Sedan,1,5.76,50.19,1.82
10.71,Sedan,1,5.95,20.96,0.69
6.58,SUV,3,7.04,18.58,0.68
42.03,SUV,2,10.69,48.14,4.4
13.91,Sedan,4,8.42,15.91,1.06
23.08,Bus,38,20.93,48.71,6.66
12.74,Van,6,13.29,19.65,1.65
14.29,Sedan,4,6.09,15.2,0.82
36.75,Sedan,3,5.74,57.59,2.4
21.78,Sedan,1,5.57,30.96,1.17
21.98,Sedan,1,7.27,25.18,1.64
6.48,Sedan,4,6.77,21.16,0.34
20.64,SUV,7,8.88,49.09,1.99
12.38,Sedan,4,8.05,26.35,1.1
75.47,Sedan,2,6.99,91.15,5.96
11.45,Bus,36,15.48,31.41,2.38
50.04,Van,7,9.77,95.76,5.09
23.95,Bus,5,20.05,50.46,5.44
8.65,Sedan,4,7.75,17.11,0.7
36.63,Sedan,1,7.16,36.28,2.46
48.28,SUV,5,11.85,87.51,5.54
61.83,Sedan,1,8.46,111.64,5.65
25.86,Sedan,3,7.03,29.8,1.82
12.47,Van,14,9.49,21.03,1.76
12.24,SUV,2,7.04,24.17,0.81
26.85,SUV,3,8.42,48.4,2.56
6.3,SUV,6,10.13,23.41,0.68
9.02,SUV,2,11.74,15.98,1.16
21.91,Sedan,2,7.0,36.59,1.82
35.86,Sedan,4,7.9,51.22,3.33
17.43,Sedan,2,6.21,25.51,1.23
61.08,Sedan,4,7.25,114.2,4.37
28.68,Bus,29,20.47,58.29,7.07
16.48,SUV,4,6.03,22.44,1.19
12.57,Van,2,10.26,25.95,1.34
9.46,Sedan,3,7.64,24.72,0.57
32.98,Sedan,1,6.83,51.65,2.24
11.62,Sedan,1,5.06,15.93,0.48
26.91,Sedan,4,4.0,35.94,1.11
7.63,Sedan,3,6.06,20.23,0.54
9.0,Van,14,10.87,21.31,1.29
20.61,Van,4,9.41,38.59,2.29
9.09,SUV,4,9.21,19.09,0.85
43.0,SUV,1,9.76,88.63,4.55
5.12,Bus,32,20.01,20.36,1.58
7.88,Sedan,3,4.0,22.34,0.36
45.11,Sedan,4,4.92,72.07,2.5
40.75,Sedan,4,6.13,72.52,2.56
45.4,Van,3,12.03,79.62,5.1
9.91,Bus,26,19.47,35.95,2.59
20.19,Sedan,3,7.07,25.56,1.39
23.96,Bus,10,16.85,45.7,4.85
17.39,Van,3,10.41,31.4,2.04
30.79,Sedan,2,5.63,44.58,1.89
39.01,Sedan,2,7.42,53.52,3.1
19.65,SUV,7,7.62,40.17,1.72
8.51,Bus,27,20.55,26.14,2.25
30.24,Sedan,2,6.75,56.3,2.35
22.82,Van,11,10.92,49.87,2.99
36.31,Sedan,1,5.71,51.72,2.2
30.86,Van,12,8.56,70.08,3.27
46.65,SUV,6,8.03,91.07,4.21
22.51,SUV,1,8.5,34.92,2.07
54.14,Van,13,6.74,70.84,3.63
52.41,Van,9,10.64,112.41,7.09
33.61,Bus,40,20.77,85.63,10.69
39.65,Sedan,2,7.18,59.63,3.13
46.96,Van,4,10.11,98.66,4.97
18.37,Sedan,4,6.56,30.57,1.39
47.44,SUV,1,8.17,76.11,3.51
27.12,SUV,7,9.22,43.26,2.67
34.63,SUV,2,11.31,56.61,4.59
38.14,SUV,2,10.45,70.8,4.86
33.6,Bus,42,19.56,69.49,11.53
23.58,Sedan,1,5.91,48.67,1.69
42.25,Van,9,12.35,85.55,6.62
86.44,Sedan,1,4.48,150.78,4.41
90.1,Sedan,1,6.2,103.42,5.82
28.57,Sedan,1,7.2,45.09,1.97
44.77,Bus,12,20.22,95.05,10.1
87.31,Bus,33,20.01,204.21,23.8
16.9,Bus,19,18.88,39.8,4.06
34.34,Bus,37,17.41,61.11,9.45
35.03,Sedan,1,7.15,61.35,2.81
83.93,Sedan,2,5.36,123.43,4.77
51.29,Van,14,9.48,107.54,5.55
23.53,SUV,7,9.09,48.18,2.06
25.65,SUV,2,9.26,47.05,2.96
13.48,Sedan,1,4.31,21.32,0.69
9.47,SUV,7,9.68,22.73,1.12
32.42,SUV,3,10.16,73.8,3.75
30.25,Sedan,3,6.41,37.69,1.97
20.36,SUV,1,12.56,38.77,2.45
12.9,SUV,2,7.98,16.4,1.25
17.16,SUV,6,8.46,35.74,1.72
71.01,Sedan,4,6.03,125.21,4.46
11.84,Van,5,10.86,32.53,1.12
6.69,Sedan,2,6.11,11.59,0.53
33.36,Sedan,1,4.81,67.35,1.84
16.6,Van,9,10.02,33.48,2.2
37.79,SUV,3,8.85,50.48,3.78
34.95,Sedan,2,7.97,60.57,3.16
7.82,Van,14,14.96,8.74,1.46
32.72,SUV,1,11.0,51.19,4.14
18.04,Van,1,9.6,39.31,1.89
42.54,Van,12,9.75,80.57,5.48
42.53,SUV,5,8.76,62.89,3.77
10.04,SUV,4,11.68,22.81,1.33
7.24,Sedan,3,6.3,11.14,0.59
41.37,Sedan,3,4.91,64.71,2.05
38.28,SUV,2,8.25,72.11,3.8
10.53,SUV,6,10.14,21.32,1.25
41.71,SUV,3,10.03,70.11,4.91
21.47,Sedan,2,6.26,32.15,1.27
3.56,Sedan,1,7.32,15.74,0.28
15.62,SUV,5,5.59,25.23,0.99
16.65,Sedan,1,6.62,28.98,1.11
2.17,Van,13,12.55,5.92,0.36
47.03,Sedan,1,5.5,58.17,3.1
48.75,SUV,5,7.75,72.16,3.72
53.89,Bus,38,12.4,140.42,11.33
9.28,Sedan,3,8.41,30.9,1.07
15.74,SUV,7,7.92,28.53,1.26
18.83,Sedan,2,6.79,33.18,1.63
7.65,SUV,6,9.91,24.01,1.02
27.35,SUV,2,11.27,47.63,3.49
11.02,SUV,7,8.77,30.33,0.93
22.36,SUV,2,8.19,39.76,1.84
13.42,Bus,24,18.52,40.3,2.95
32.33,Sedan,4,8.04,48.87,2.56
40.1,Sedan,4,6.3,47.3,2.98
20.46,Bus,11,15.14,50.52,3.8
19.34,SUV,2,6.69,33.99,1.41
29.72,Bus,13,14.34,73.94,4.65
4.33,SUV,7,10.3,15.64,0.42
15.64,Van,4,10.42,25.62,2.1
11.13,SUV,4,8.09,23.68,1.02
49.32,Van,7,9.71,89.77,6.04
82.29,Bus,35,18.26,221.47,21.53
7.89,SUV,2,8.64,16.98,0.81
23.91,Sedan,3,6.17,33.16,1.55
9.3,Sedan,1,8.12,16.82,0.67
10.78,Sedan,1,8.35,18.5,0.96
24.1,Sedan,3,4.57,33.76,1.22
18.24,Sedan,1,6.89,24.54,1.16
23.82,SUV,6,7.83,36.45,2.16
10.45,SUV,7,8.63,13.84,1.28
24.12,SUV,1,9.46,44.52,2.67
47.97,SUV,2,8.68,90.45,4.6
36.06,Sedan,3,6.78,45.96,2.28
6.88,Sedan,3,7.31,15.05,0.51
58.1,Sedan,3,6.85,100.37,4.46
9.55,SUV,5,8.03,14.28,0.87
10.92,Sedan,3,5.74,18.1,0.77
40.17,Sedan,1,4.77,54.61,2.18
24.64,SUV,6,7.72,35.07,1.88
20.11,Van,12,14.53,43.48,3.7
17.31,Sedan,4,5.55,32.28,1.08
17.85,SUV,6,7.21,34.84,1.47
18.34,Van,2,11.58,44.65,2.05
31.3,Van,11,10.8,56.49,3.55
33.82,Bus,6,17.41,76.03,7.13
18.24,Sedan,4,8.19,36.39,1.41
51.93,Sedan,1,7.16,59.49,3.95
24.37,Bus,37,16.41,66.83,5.72
27.14,SUV,1,8.36,45.63,2.75
45.1,SUV,5,8.25,53.95,3.83
13.52,Van,13,12.57,27.31,1.95
31.71,Van,9,10.45,70.31,4.04
12.06,Bus,8,12.62,19.83,1.43
11.0,Bus,44,17.86,27.69,2.89
54.84,Van,7,8.23,89.27,5.44
64.22,Sedan,1,9.12,83.84,5.21
27.01,Bus,10,15.1,40.64,4.69
15.32,Sedan,2,6.31,26.96,0.95
30.71,Sedan,1,6.81,51.96,2.05
23.39,Bus,30,17.13,67.55,5.88
37.34,Sedan,1,6.15,64.7,2.37
22.97,Sedan,3,7.01,34.83,1.44
23.13,Sedan,1,8.33,48.88,1.93
11.19,Bus,18,20.3,28.21,2.6
16.17,SUV,5,11.22,18.85,1.8
19.89,Van,14,9.12,29.5,1.93
31.83,Sedan,2,6.88,65.98,2.01
14.44,Van,13,11.28,28.77,1.74
59.79,Van,4,11.63,122.71,8.28
22.61,Sedan,1,8.15,30.84,2.32
8.0,SUV,7,8.67,14.7,0.79
18.4,Sedan,3,6.01,37.94,1.05
34.86,Bus,25,19.6,67.08,8.51
18.72,SUV,3,6.33,30.23,1.03
11.1,Bus,33,17.29,32.57,2.48
16.77,Sedan,3,6.34,30.38,1.3
14.25,Van,10,9.34,35.69,1.8
31.33,Van,8,12.9,55.86,5.08
13.92,Van,13,9.09,27.74,1.78
4.91,Bus,20,17.59,14.42,1.19
13.21,Sedan,1,6.85,32.18,0.86
41.95,Sedan,1,8.12,57.5,3.57
30.38,Van,2,10.98,58.25,3.53
5.97,Van,2,12.69,19.35,0.81
39.73,SUV,5,10.05,57.45,4.47
46.7,Sedan,3,6.65,62.01,3.74
32.52,SUV,5,7.37,62.53,2.81
11.78,Sedan,1,4.78,26.43,0.63
42.29,SUV,6,9.16,84.59,4.25
19.74,SUV,6,8.19,35.54,1.52
13.99,Van,12,12.65,33.48,1.66
19.78,Sedan,4,7.4,30.17,1.62
28.78,SUV,7,8.72,48.55,2.99
32.48,Sedan,4,5.11,52.9,1.9
25.09,Sedan,4,7.11,34.48,1.98
21.67,Van,11,9.17,32.8,2.59
11.12,Bus,41,15.72,32.35,2.57
30.42,Sedan,1,5.32,45.92,1.86
25.51,Van,3,10.75,42.38,3.04
31.97,Bus,13,21.51,95.75,8.12
20.78,Van,4,10.99,40.95,2.29
34.16,Sedan,4,5.97,49.74,2.27
31.79,Bus,44,13.42,63.03,7.87
17.14,Sedan,4,7.16,12.03,1.19
22.04,Sedan,1,5.56,36.78,1.49
36.11,Sedan,3,6.64,57.44,2.42
37.7,SUV,7,8.47,61.45,3.87
45.85,Sedan,3,7.51,55.34,4.03
13.87,Sedan,2,6.31,32.21,0.86
17.78,Sedan,3,6.43,24.66,1.06
56.64,Van,6,11.87,69.23,6.61
72.7,Bus,43,24.32,173.31,26.96
27.15,Sedan,4,7.57,25.21,2.59
21.81,Bus,34,17.73,56.54,4.87
72.49,Bus,44,18.01,177.3,23.96
60.02,Van,10,10.06,136.74,7.22
36.37,Sedan,1,5.36,51.64,1.86
20.98,Van,5,10.01,29.71,2.01
28.5,Bus,36,15.68,51.78,7.19
6.54,Van,2,12.18,12.87,0.85
40.28,Sedan,4,5.21,74.53,2.01
14.54,SUV,3,11.0,29.35,2.01
54.72,SUV,2,10.13,112.96,5.17
5.04,SUV,7,9.03,10.69,0.56
15.0,Sedan,4,6.5,34.8,1.11
24.85,Sedan,3,5.83,32.4,1.87
23.98,Van,8,11.49,51.54,2.54
13.53,Bus,39,21.26,24.8,4.02
24.67,Sedan,1,5.66,48.13,1.32
20.71,Bus,10,13.4,38.63,2.66
24.77,Sedan,2,7.34,32.84,1.99
16.51,Van,9,11.58,39.84,2.07
44.74,Van,13,8.98,98.03,5.01
28.88,Van,7,9.68,55.5,3.59
17.1,Bus,13,15.42,38.32,3.09
33.98,Sedan,2,5.63,43.22,2.23
14.9,Bus,41,17.03,31.47,4.35
15.19,Sedan,1,6.18,35.72,0.85
5.82,Van,5,9.83,12.78,0.53
30.11,Van,5,9.64,61.9,2.8
25.98,Van,14,10.59,49.79,3.75
12.27,Sedan,4,6.7,23.83,0.88
12.01,Bus,42,17.05,39.46,3.62
30.48,Sedan,4,7.89,56.09,2.7
17.59,Sedan,1,7.11,22.52,1.3
30.52,Van,2,8.14,49.95,2.78
6.17,SUV,1,9.79,14.1,0.6
9.27,Van,6,12.09,17.63,1.31
41.88,Sedan,2,5.98,52.57,2.43
27.12,Sedan,2,4.71,40.9,1.21
35.94,Van,4,11.01,54.37,4.08
17.63,SUV,5,8.99,41.05,1.9
13.24,Sedan,1,5.15,25.88,0.94
40.05,Van,2,8.39,86.95,3.88
2.0,SUV,3,8.87,10.67,0.31
22.42,SUV,2,8.65,42.59,1.95
34.73,SUV,1,8.37,70.92,3.39
17.51,Van,12,10.85,26.36,2.4
77.07,Van,5,9.02,165.59,8.32
22.84,Van,3,10.22,42.17,2.43
30.59,Sedan,3,7.14,46.38,2.09
12.38,Van,1,10.37,29.16,1.26
59.98,Van,12,7.99,80.13,5.44
24.54,Van,2,10.15,56.7,3.08
18.25,Sedan,4,5.22,28.62,0.81
23.69,Bus,8,18.8,54.99,5.57
8.37,Van,5,11.57,17.2,1.1
32.91,Sedan,1,4.51,50.47,1.47
15.19,SUV,6,10.14,18.26,1.67
28.79,Bus,36,14.66,73.03,6.37
6.01,Sedan,4,8.37,6.47,0.46
8.02,Bus,6,17.85,25.46,1.66
24.31,Van,2,8.76,61.95,2.02
56.3,SUV,5,7.29,56.53,4.55
5.32,Sedan,4,6.92,6.93,0.38
14.79,Sedan,2,6.03,35.13,0.99
9.08,Bus,30,17.71,22.46,2.65
17.32,Sedan,1,8.44,24.47,1.63
23.32,Van,12,9.74,34.7,3.1
19.26,Sedan,1,6.57,34.01,1.44
3.54,Sedan,3,8.2,13.17,0.28
6.2,Sedan,4,6.82,8.48,0.49
9.26,SUV,2,6.59,25.02,0.74
15.97,Bus,28,19.52,44.56,4.39
12.64,Sedan,2,5.1,30.97,0.75
16.44,Sedan,1,8.19,32.17,1.75
20.97,Sedan,4,5.51,33.17,1.33
18.04,SUV,2,13.45,30.11,2.9
63.03,SUV,1,11.2,108.9,7.6
64.35,Bus,16,15.61,172.9,12.61
23.78,SUV,3,9.03,48.66,2.08
13.85,SUV,4,10.13,21.25,1.63
17.87,Sedan,3,7.44,35.65,1.54
26.4,Bus,8,19.33,74.15,5.68
11.14,Sedan,3,8.0,17.14,1.01
26.7,Sedan,1,6.35,48.57,2.03
18.52,Van,12,10.34,31.31,2.06
57.78,SUV,5,8.48,89.78,6.33
10.92,SUV,4,10.29,27.23,1.3
48.72,SUV,4,9.55,54.85,5.83
26.53,Van,2,11.52,55.95,2.97
13.25,Sedan,4,7.45,22.22,1.23
35.01,Van,7,7.31,59.17,2.66
2.0,SUV,4,9.47,7.31,0.2
15.87,SUV,5,9.33,25.97,1.48
18.97,SUV,3,11.5,31.18,2.13
13.67,Sedan,3,4.67,25.82,0.63
41.22,Van,3,13.8,80.08,5.53
72.94,SUV,2,9.11,142.78,6.12
11.05,Sedan,4,7.09,24.74,0.93
39.2,SUV,1,11.51,57.72,5.32
23.15,Bus,13,19.68,45.02,5.99
36.83,SUV,5,9.6,44.55,3.93
26.05,Bus,38,18.73,50.46,7.44
19.62,Sedan,2,5.92,35.01,1.32
94.84,Sedan,2,6.47,96.53,6.06
24.95,Sedan,4,5.64,42.16,1.54
38.86,SUV,6,8.93,62.18,3.29
13.86,Sedan,1,4.0,27.91,0.51
55.31,Sedan,2,7.01,73.88,4.25
22.48,Bus,19,17.63,65.26,5.55
7.94,Van,1,10.39,14.16,0.84
17.09,Van,7,11.4,37.61,2.55
24.6,Sedan,4,4.78,41.7,1.44
23.79,Sedan,2,8.82,30.62,2.12
20.75,Sedan,4,6.38,35.72,1.35
23.22,Van,8,10.74,47.04,2.92
10.31,Bus,35,15.1,32.34,2.1
22.64,SUV,6,9.04,32.84,1.97
15.61,Sedan,4,8.16,24.54,1.49
30.61,SUV,4,10.55,39.03,3.46
23.5,Sedan,1,7.53,38.74,1.98
14.39,Sedan,1,7.16,24.9,1.18
31.65,SUV,2,8.46,49.58,3.19
40.78,Van,13,8.39,50.06,4.58
27.3,Sedan,3,6.26,32.24,1.65
12.45,Sedan,3,6.22,23.36,0.91
67.03,Bus,32,21.15,184.94,18.8
21.43,Sedan,2,6.87,43.05,1.59
26.73,Sedan,3,8.43,49.43,2.79
5.12,Sedan,3,7.94,12.31,0.35
23.13,Sedan,3,5.95,48.51,1.54
36.42,Sedan,3,4.35,61.8,1.85
18.38,Van,7,13.49,29.28,3.19
29.41,Sedan,3,8.13,50.53,2.46
30.02,SUV,6,6.95,45.5,2.41
38.2,Van,3,13.72,67.13,6.17
21.91,SUV,6,9.57,49.0,2.13
16.56,Bus,18,18.48,30.75,4.4
8.77,Bus,10,22.84,33.77,2.21
30.22,Sedan,2,8.11,50.15,2.74
64.23,Van,7,12.17,132.87,7.57
12.71,SUV,1,9.71,22.75,1.16
34.94,Bus,31,19.85,87.73,9.87
58.73,SUV,2,8.4,70.96,4.89
13.89,Bus,21,17.83,27.96,3.86
41.65,Van,4,9.38,63.26,4.66
7.86,Sedan,4,6.1,9.73,0.66
41.96,SUV,2,8.45,79.55,3.77
5.3,Bus,28,16.09,7.9,1.21
3.59,Bus,20,18.41,9.69,0.85
11.07,Sedan,2,6.11,17.66,0.79
30.8,Van,1,11.9,47.65,4.08
24.67,Sedan,3,4.55,34.48,1.18
42.7,Sedan,2,6.36,81.24,3.13
21.39,SUV,7,9.2,47.89,2.25
10.11,Sedan,1,6.13,20.06,0.7
25.21,Van,5,10.69,62.23,2.85
32.76,Sedan,1,4.6,58.06,1.54
29.48,Van,3,11.64,57.32,4.23
30.32,Sedan,4,7.28,52.45,2.68
35.47,Sedan,3,7.09,45.37,2.4
22.61,Sedan,1,7.75,36.93,1.99
42.69,Sedan,3,6.74,62.0,2.89
6.87,Sedan,3,7.07,6.97,0.64
44.14,Sedan,4,6.69,79.19,3.34
43.14,SUV,1,10.03,66.0,4.02
21.57,Sedan,4,4.61,33.48,1.19
27.58,SUV,5,7.66,59.9,2.21
31.5,Sedan,2,8.4,42.34,2.6
87.87,Bus,37,10.62,161.36,12.26
20.33,Bus,31,17.58,56.59,5.76
20.93,SUV,6,10.76,34.17,2.6
9.29,Sedan,3,6.39,12.16,0.68
54.14,Sedan,2,6.01,98.68,3.72
29.79,Bus,34,18.39,79.01,7.9
17.84,Sedan,3,6.08,19.18,1.2
23.32,Sedan,2,6.54,39.6,1.57
37.87,Sedan,3,5.68,73.21,2.0
24.52,Sedan,4,7.83,29.52,2.02
29.67,Sedan,3,8.21,52.17,2.41
10.59,Van,12,10.76,22.0,1.55
11.67,Sedan,2,4.84,22.29,0.61
46.83,SUV,5,8.21,67.89,3.84
14.4,Sedan,4,6.28,27.49,1.16
11.85,Sedan,1,7.11,23.96,0.7
4.5,Bus,5,14.98,15.38,0.75
41.95,Sedan,3,5.58,55.0,2.42
15.76,Van,7,11.92,22.49,2.28
58.03,SUV,1,10.41,107.75,5.73
13.36,Sedan,3,5.75,33.97,0.85
8.12,Bus,13,14.0,29.18,1.19
12.47,Sedan,3,10.44,21.92,1.26
23.19,Bus,31,20.35,40.79,7.91
82.61,Sedan,1,6.18,112.4,5.87
52.99,Bus,31,20.61,108.46,14.8
41.27,Sedan,3,6.35,67.34,2.74
58.84,SUV,5,10.3,76.22,6.05
20.62,Van,12,11.29,55.77,2.21
15.93,Bus,43,18.27,42.08,4.03
43.22,Bus,22,17.66,119.72,8.91
22.27,Van,7,8.39,38.33,2.3
12.08,Bus,34,23.81,33.09,4.32
2.0,Sedan,4,5.37,5.0,0.2
11.11,Sedan,4,4.87,22.42,0.67
31.28,Sedan,3,6.24,55.03,1.99
12.12,Sedan,4,5.35,11.82,0.77
37.99,Sedan,2,6.44,46.33,2.39
7.79,SUV,5,10.03,9.91,0.91
11.35,Sedan,3,7.69,28.16,1.01
59.18,Van,7,12.47,85.41,9.36
40.99,Sedan,4,6.13,71.97,2.8
23.37,Sedan,3,6.56,30.97,1.67
23.35,SUV,3,9.61,52.76,2.92
12.62,Van,10,7.84,28.55,1.25
47.47,Van,5,12.03,67.4,7.01
47.99,SUV,1,6.81,87.02,3.49
20.45,Sedan,4,8.95,40.42,1.88
20.13,SUV,6,8.39,37.56,2.27
15.28,Sedan,2,6.28,40.01,0.92
27.06,Sedan,2,5.58,32.72,1.82
4.8,SUV,2,8.06,16.21,0.51
21.75,Sedan,3,9.23,34.41,2.48
41.44,Sedan,4,7.63,60.67,3.03
25.15,Bus,7,13.35,52.15,3.45
34.86,Bus,39,22.51,58.45,12.01
28.9,Sedan,1,7.93,36.13,2.38
25.8,Sedan,3,6.16,43.56,1.93
22.93,Sedan,4,6.87,38.81,1.82
38.12,Sedan,1,6.48,44.88,2.38
19.52,Bus,25,23.92,40.54,6.18
10.76,Sedan,1,5.54,26.63,0.77
50.71,Van,9,11.26,106.17,6.79
35.79,Sedan,2,5.99,51.78,2.59
4.28,Bus,38,13.7,11.4,0.79
27.41,Sedan,4,9.13,40.59,3.16
3.87,Van,7,8.87,10.28,0.31
8.38,Sedan,2,6.76,23.66,0.62
29.32,SUV,7,6.39,42.17,2.07
49.39,Sedan,2,6.02,87.65,3.4
73.23,Sedan,4,7.01,105.92,5.75
59.37,Bus,34,15.53,96.89,15.3
5.85,Bus,37,19.76,23.65,1.59
64.12,Bus,20,17.19,131.27,15.18
38.07,SUV,1,10.74,70.92,4.94
40.02,Van,14,13.45,79.36,7.25
14.73,Sedan,3,5.8,24.23,1.12
31.17,Sedan,2,6.59,51.37,2.35
29.69,Sedan,1,6.72,48.42,1.86
30.9,SUV,5,9.93,50.71,3.18
34.49,Sedan,2,6.52,52.61,2.31
22.61,Sedan,2,6.73,34.61,1.91
19.56,SUV,2,8.63,34.33,1.46
24.27,Van,2,11.21,42.34,2.68
45.92,Sedan,4,8.06,86.71,4.56
39.65,Sedan,3,7.28,67.2,3.52
44.35,Sedan,1,7.34,71.17,3.83
29.78,Sedan,4,7.37,64.47,2.47
11.41,Sedan,2,6.32,23.69,0.74
15.16,SUV,6,9.48,19.86,1.66
39.43,SUV,2,7.37,82.3,2.56
47.11,Van,9,13.28,94.2,7.39
43.24,Sedan,1,4.0,52.54,1.84
24.38,Van,9,10.84,38.38,2.71
26.74,Sedan,4,7.87,39.26,2.23
24.82,SUV,6,6.95,32.52,2.14
7.06,Van,12,11.72,18.41,1.13
10.36,Sedan,1,5.68,18.37,0.72
33.64,Sedan,4,6.06,66.17,2.53
18.58,Bus,10,20.84,57.48,4.72
3.75,Sedan,2,6.74,13.99,0.2
25.16,Van,11,7.34,37.11,1.97
11.1,Sedan,3,5.33,21.41,0.62
9.96,Van,9,12.76,27.79,1.32
6.86,Sedan,3,7.04,18.26,0.52
13.14,Sedan,1,8.6,17.62,1.38
2.63,SUV,2,11.52,8.69,0.34
11.08,Sedan,4,6.09,26.37,0.7
33.89,Sedan,3,9.5,60.67,3.57
28.92,Sedan,3,6.53,54.24,1.95
43.38,Sedan,1,5.34,69.83,2.82
30.57,Sedan,1,5.74,38.43,2.01
2.0,Sedan,4,4.0,8.22,0.2
18.27,Bus,32,22.82,31.15,5.21
17.2,Sedan,3,8.41,29.97,1.73
10.18,SUV,5,7.48,12.93,0.77
6.86,Sedan,1,6.23,19.75,0.58
32.56,Sedan,4,6.61,60.07,2.21
21.76,Bus,33,15.12,34.75,4.21
9.0,Sedan,4,4.39,16.07,0.37
6.15,Bus,19,17.37,16.45,1.1
38.62,Sedan,1,6.11,72.3,2.06
34.39,Van,13,10.3,69.39,4.62
34.99,SUV,6,9.33,55.18,3.33
33.51,Bus,42,22.29,87.39,12.33
33.49,SUV,4,8.55,50.11,3.38
31.1,SUV,2,9.26,55.23,2.77
14.31,Sedan,3,7.37,19.4,1.13
33.17,Sedan,3,7.16,38.8,2.24
24.06,Bus,37,16.16,70.85,5.91
11.35,Sedan,4,6.62,21.69,0.73
22.05,Sedan,3,7.16,37.35,1.54
47.11,Van,5,8.97,81.62,4.5
26.88,Sedan,3,8.02,54.77,2.11
29.15,Bus,35,22.29,58.11,10.57
9.6,Van,1,9.7,11.53,0.99
11.9,SUV,5,9.29,22.11,1.14
24.11,Bus,5,19.93,68.27,6.1
19.75,Sedan,2,5.85,29.67,1.44
17.67,Sedan,4,7.08,23.74,1.46
9.72,SUV,5,9.24,19.69,0.99
11.7,Sedan,4,4.74,21.56,0.49
6.45,Van,1,11.83,14.2,0.77
15.16,Bus,19,14.7,21.89,2.93
19.84,SUV,5,10.41,38.01,2.41
20.87,Sedan,3,5.69,33.53,1.33
46.14,Bus,42,17.52,124.86,14.04
3.49,SUV,5,11.06,10.22,0.26
62.71,SUV,7,9.74,126.69,7.86
33.54,Sedan,3,5.2,62.35,2.01
23.22,Bus,11,14.96,47.89,4.79
11.02,SUV,7,8.1,7.57,1.06
15.84,Van,8,11.71,34.21,2.27
33.07,Van,13,11.64,47.93,5.25
12.62,Sedan,3,5.49,26.11,0.85
35.09,SUV,7,7.25,55.01,2.69
21.71,Van,13,11.51,46.17,2.62
21.66,Sedan,4,6.28,35.64,1.44
33.11,Van,11,14.88,60.45,6.47
9.02,Bus,22,18.11,32.15,1.82
17.37,SUV,3,11.72,35.62,1.81
19.92,Van,4,8.89,35.99,1.72
32.1,Van,2,8.17,64.94,2.32
43.72,Van,9,8.98,98.33,5.11
8.42,Sedan,2,7.93,16.89,0.6
21.83,Sedan,2,8.61,36.98,2.12
7.89,SUV,5,7.83,26.17,0.54
21.7,Van,6,10.17,39.13,2.46
29.3,SUV,3,7.25,49.3,2.0
15.85,Van,12,7.74,36.71,1.28
45.14,Sedan,4,7.36,49.9,3.58
29.53,SUV,7,9.33,40.95,3.28
28.08,Sedan,2,6.51,43.1,1.83
23.77,Van,4,8.48,53.06,1.98
32.77,SUV,5,11.46,57.89,4.34
47.4,Sedan,4,5.9,53.41,3.41
24.77,Sedan,3,7.14,35.36,1.59
16.48,Van,8,8.38,38.29,1.52
81.2,SUV,3,8.71,128.46,7.26
24.35,Sedan,2,6.85,40.09,2.02
19.81,Bus,41,18.98,49.6,5.4
31.69,Van,11,11.28,60.28,4.92
4.72,Bus,38,19.48,17.19,1.75
7.94,SUV,6,7.3,19.17,0.53
3.73,SUV,7,9.3,5.0,0.43
4.55,Bus,28,18.34,18.22,1.25
10.42,SUV,5,9.35,19.55,1.09
15.86,Van,4,11.13,25.49,2.12
15.33,Sedan,1,4.97,22.26,0.86
20.2,SUV,2,7.02,38.01,1.68
27.04,Sedan,2,4.0,40.66,1.19
16.3,Sedan,2,7.48,29.24,1.14
27.66,Sedan,4,7.49,33.43,2.72
47.14,Sedan,2,7.51,65.0,4.02
68.67,Bus,38,18.92,106.93,21.04
52.25,Sedan,4,4.0,89.79,2.54
63.1,Van,3,9.15,128.76,6.18
20.51,Van,13,11.31,48.73,2.63
5.18,SUV,4,9.2,17.58,0.63
19.28,Sedan,4,6.23,23.89,1.38
9.68,Van,11,11.66,22.42,1.2
20.7,SUV,7,9.02,31.86,1.85
7.84,Van,1,11.22,16.82,0.95
23.42,Van,9,9.85,53.47,2.34
12.13,Bus,25,20.95,28.32,3.67
12.06,SUV,3,8.35,29.0,1.08
43.71,Sedan,3,4.9,62.78,2.48
23.86,SUV,7,7.84,50.52,2.19
21.54,Sedan,4,6.08,27.56,1.66
37.0,Bus,14,20.98,65.31,8.75
27.3,Sedan,4,6.45,50.35,1.65
36.56,Sedan,1,6.28,50.34,2.15
19.53,Van,9,8.75,41.09,2.23
35.08,SUV,2,10.18,59.22,4.12
5.56,Sedan,2,5.72,15.73,0.43
19.28,SUV,3,8.85,28.49,1.97
25.94,Bus,28,22.44,63.26,9.18
15.81,Sedan,4,7.11,18.29,1.04
19.8,Bus,10,13.12,51.65,3.38
37.9,Sedan,4,4.38,61.28,1.53
38.65,Van,14,10.88,60.95,5.3
25.85,Van,8,8.82,51.38,2.55
48.66,Sedan,2,7.28,96.16,3.83
9.35,SUV,4,9.06,22.19,0.96
17.87,Sedan,1,6.7,28.72,1.15
18.34,Van,14,9.73,40.62,2.35
45.85,SUV,7,11.61,71.93,7.05
29.55,SUV,1,13.26,63.21,4.45
53.92,Sedan,1,6.17,59.35,3.6
5.84,Sedan,2,6.92,14.9,0.29
26.36,Sedan,4,6.62,36.93,1.99
21.85,Sedan,4,6.19,41.99,1.5
2.0,SUV,6,7.75,6.36,0.2
11.87,Bus,24,14.75,28.6,2.69
9.43,Van,12,8.96,19.18,1.23
29.34,SUV,6,9.61,40.16,3.41
44.48,Bus,34,16.44,82.27,10.21
16.73,Van,7,6.36,43.02,1.09
9.11,Bus,8,19.33,29.26,1.72
7.69,SUV,4,8.94,20.02,1.06
55.66,Sedan,2,8.12,82.37,5.1
13.01,Sedan,3,6.95,20.29,0.96
2.0,Van,10,8.34,10.83,0.31
14.12,Sedan,2,4.0,19.11,0.58
5.68,Sedan,3,5.64,10.7,0.41
22.55,SUV,2,8.06,26.91,1.63
21.07,SUV,5,10.41,40.09,2.1
16.63,SUV,3,8.99,27.38,1.89
6.53,Sedan,4,7.86,17.43,0.47
20.59,Sedan,4,4.91,24.71,1.18
18.35,SUV,3,10.45,37.05,2.19
19.81,Bus,17,20.16,43.08,4.96
15.27,Van,8,7.37,32.95,1.23
33.55,Bus,27,21.97,81.32,11.23
39.32,Van,11,11.17,81.08,5.99
7.68,SUV,1,9.59,18.51,0.71
32.06,Sedan,4,5.46,50.13,1.8
40.77,Van,11,13.3,88.98,6.35
72.84,SUV,2,7.22,96.62,5.45
23.75,SUV,7,10.25,55.49,2.65
15.47,SUV,3,10.23,26.32,1.6
35.61,SUV,4,7.54,62.16,2.92
15.68,Sedan,1,8.88,25.61,1.95
42.2,SUV,1,9.35,65.1,3.95
19.67,Sedan,4,7.28,30.28,1.69
12.14,Van,7,8.25,24.83,1.06
22.78,Sedan,2,9.04,30.55,2.44
17.9,Sedan,1,5.03,25.39,1.07
16.78,SUV,1,10.54,27.57,1.68
3.84,Van,6,9.21,15.52,0.5
40.32,SUV,5,8.07,56.65,3.88
40.15,Sedan,4,7.45,71.52,3.32
28.74,SUV,3,10.54,49.51,3.75
30.33,Sedan,1,4.97,53.12,1.81
10.58,Bus,26,21.27,16.42,2.95
2.06,Bus,44,21.13,14.17,0.67
24.37,SUV,4,7.59,44.16,2.18
19.41,Sedan,4,8.42,32.77,1.54
24.0,Van,7,8.38,38.14,1.92
2.0,Sedan,4,5.75,5.0,0.2
32.8,SUV,6,9.72,34.26,3.93
10.46,Sedan,2,5.48,21.9,0.71
8.78,Bus,10,18.79,21.72,2.18
59.27,Sedan,2,6.79,72.74,3.84
50.66,SUV,5,8.72,91.48,4.5
3.77,Van,4,12.5,8.89,0.49
12.49,SUV,5,8.66,27.41,1.62
16.91,Sedan,1,6.78,27.11,1.07
46.97,Bus,16,21.44,111.73,13.05
34.48,SUV,5,10.19,44.21,4.01
6.77,SUV,2,10.18,12.45,0.62
22.5,Sedan,3,5.12,38.88,1.35
16.98,SUV,5,9.79,34.6,1.93
17.37,SUV,5,7.68,34.04,1.47
13.28,Sedan,3,4.96,18.93,0.75
17.06,Sedan,1,6.41,39.13,1.07
32.12,Van,6,9.37,66.33,3.0
18.57,Sedan,2,7.45,32.79,1.46
19.84,Sedan,2,7.48,39.18,1.39
34.62,SUV,2,6.15,47.48,2.29
27.67,Van,13,9.51,49.53,3.72
34.83,Sedan,2,4.75,63.04,1.78
10.69,SUV,1,8.31,23.33,0.85
21.35,Sedan,4,7.05,34.02,1.55
20.88,Sedan,1,6.21,32.69,1.49
18.76,Sedan,1,5.79,23.13,1.42
16.43,Van,5,13.34,18.12,2.85
49.6,Sedan,3,4.0,78.6,1.99
15.2,Sedan,3,7.98,30.97,1.48
42.13,SUV,7,8.18,54.87,3.84
64.4,Van,10,10.86,108.6,8.09
8.98,Sedan,1,5.87,14.7,0.44
6.61,SUV,1,11.31,24.35,0.76
3.16,Sedan,2,5.02,8.76,0.22
41.74,SUV,3,9.02,62.91,4.18
42.44,SUV,1,9.79,69.45,3.72
9.42,SUV,2,6.58,20.02,0.78
35.18,Sedan,3,5.4,32.45,1.7
11.79,Sedan,4,6.32,31.1,0.78
21.9,Sedan,2,5.44,36.34,1.23
40.03,Sedan,2,5.52,53.48,1.98
27.83,Sedan,1,6.08,45.01,1.86
10.9,Van,12,12.17,15.03,1.32
22.87,Bus,32,16.97,45.89,4.97
16.21,Bus,31,21.24,31.75,4.14
34.91,Bus,37,15.01,105.34,7.4
27.31,SUV,4,7.12,64.52,2.32
27.16,Van,3,14.47,51.54,4.07
10.38,Sedan,4,5.71,29.7,0.74
10.12,SUV,6,7.03,13.22,0.49
23.93,SUV,2,6.39,41.39,1.7
37.96,SUV,6,10.61,70.77,4.54
55.87,Van,12,10.39,88.84,5.89
4.62,Sedan,1,6.2,12.47,0.2
22.05,Sedan,3,6.31,30.1,1.52
40.18,Bus,21,21.04,102.48,9.96
32.82,Sedan,1,6.28,53.23,2.25
26.6,SUV,3,12.52,34.17,3.39
39.76,Bus,38,18.4,105.35,10.16
9.62,SUV,6,10.59,27.08,1.09
33.52,SUV,4,10.21,66.28,3.47
41.44,Sedan,4,6.46,78.88,2.51
8.35,Sedan,3,5.8,18.87,0.54
27.33,Bus,22,19.0,67.78,5.95
35.15,SUV,2,9.77,51.68,4.21
37.15,SUV,5,8.14,53.65,3.41
4.23,Sedan,4,6.7,11.1,0.23
13.53,Sedan,4,7.98,19.04,1.04
2.0,Bus,19,24.21,10.0,0.71
49.31,Sedan,1,7.53,58.6,3.76
16.84,SUV,3,11.79,31.1,2.08
9.66,Sedan,3,5.74,18.83,0.54
8.87,Van,12,12.26,16.99,1.3
14.07,Bus,13,22.02,19.5,3.34
41.48,SUV,3,7.66,63.84,3.84
10.68,Sedan,3,5.92,15.46,0.67
53.46,SUV,3,11.61,109.94,7.37
6.72,Van,10,9.24,19.31,0.63
75.57,SUV,6,6.99,118.08,5.02
14.3,Bus,33,22.58,30.14,5.36
54.26,SUV,6,10.8,85.97,6.45
49.37,Bus,10,19.3,119.28,9.67
49.24,SUV,3,8.93,93.15,4.17
20.49,Sedan,2,5.97,32.88,1.28
7.61,Sedan,1,6.84,16.67,0.57
25.38,Sedan,1,8.4,21.29,2.18
11.69,Bus,17,18.72,27.22,3.12
49.52,Van,10,14.9,83.03,8.35
24.48,Van,12,9.38,37.49,2.56
22.1,Sedan,2,6.48,35.68,1.38
12.28,Sedan,1,6.05,10.64,0.71
15.7,Van,4,9.05,28.93,1.89
31.35,SUV,2,8.77,65.71,2.69
27.97,Sedan,4,7.0,39.91,1.84
35.18,SUV,7,9.79,47.98,4.53
37.02,Sedan,3,9.1,52.42,3.22
39.19,Sedan,3,7.06,53.63,2.74
8.62,SUV,3,10.73,13.17,1.12
28.86,Sedan,3,6.58,42.63,2.36
27.56,Bus,36,23.03,63.69,9.42
6.48,Sedan,1,9.38,11.65,0.44
30.02,Sedan,2,7.14,37.12,2.64
48.98,Sedan,1,5.31,78.75,2.62
30.51,Van,5,10.01,60.49,3.03
7.04,SUV,1,9.42,14.93,0.59
11.73,SUV,6,9.68,26.57,1.39
26.27,Sedan,3,7.34,42.96,2.04
10.24,Sedan,4,7.05,23.53,0.76
32.12,SUV,4,9.01,48.56,3.01
22.32,Van,1,9.85,41.11,2.74
38.6,Bus,24,19.2,91.5,10.68
17.85,Sedan,2,8.73,28.3,1.8
26.68,SUV,5,10.53,50.65,3.37
13.08,Bus,22,19.6,38.74,3.52
67.14,Sedan,1,7.74,115.03,4.86
21.73,Van,11,10.33,50.45,2.92
8.25,Sedan,4,5.89,15.65,0.45
42.15,Bus,16,15.76,79.27,8.85
17.38,Van,10,10.77,36.14,2.48
40.81,Bus,36,16.73,73.1,9.78
17.63,Van,5,13.17,43.17,2.52
10.11,Sedan,3,5.93,10.61,0.65
21.43,Bus,39,15.59,53.94,4.84
7.81,Sedan,2,8.83,19.51,0.71
17.1,Sedan,3,5.96,30.66,1.1
37.57,Van,8,11.28,61.85,5.35
29.48,Van,12,11.81,63.43,4.68
23.87,Bus,34,14.59,65.11,5.49
17.45,Sedan,2,7.98,26.61,1.44
51.1,Van,11,12.15,93.68,6.95
24.34,Van,14,13.81,45.52,4.18
13.24,Sedan,4,5.68,21.94,0.94
36.79,Sedan,3,6.62,46.49,2.61
31.06,Sedan,2,6.55,52.84,2.41
11.68,Sedan,3,6.82,21.81,0.9
45.22,Bus,30,13.64,108.7,8.42
24.8,SUV,7,9.17,37.76,2.8
26.98,Van,13,8.43,55.34,2.97
47.07,Bus,21,19.08,78.34,10.75
7.16,Sedan,4,4.0,14.91,0.32
12.24,Van,6,7.67,33.6,1.04
47.53,SUV,1,10.23,80.94,5.69
11.52,Bus,8,16.36,31.41,2.11
22.12,Sedan,2,5.31,35.37,1.24
51.73,Bus,20,21.81,114.75,16.42
9.34,Sedan,3,6.89,19.75,0.66
3.72,Sedan,3,7.55,5.0,0.34
8.41,Van,2,10.7,20.37,0.86
21.92,Sedan,1,9.72,40.13,2.57
18.67,SUV,4,8.09,35.94,1.72
17.23,SUV,4,11.62,34.71,2.11
16.07,Van,5,10.89,39.17,1.72
11.4,Sedan,2,4.51,28.45,0.5
16.5,Sedan,4,7.08,32.32,1.1
28.62,Sedan,1,6.88,50.97,2.14
34.79,SUV,2,7.42,49.05,2.6
30.58,Sedan,4,5.39,40.81,1.63
16.21,Sedan,4,6.47,27.56,1.15
18.83,Sedan,2,6.92,37.88,1.56
37.63,Sedan,4,4.0,58.02,1.61
37.3,SUV,4,10.58,60.44,4.32
63.57,Bus,27,16.52,170.54,15.0
17.34,Sedan,2,4.9,29.81,0.99
7.92,SUV,7,10.41,5.22,1.08
23.04,Van,6,10.96,32.55,2.77
31.71,SUV,7,10.82,49.35,4.46
39.22,Van,8,11.79,59.4,4.88
14.89,SUV,5,9.0,31.68,1.32
25.63,SUV,2,8.77,45.33,2.54
33.92,Sedan,1,7.08,41.06,2.85
21.74,Van,2,10.26,44.4,2.29
18.68,Van,6,9.47,29.41,1.84
28.95,Sedan,4,7.23,44.65,2.37
3.46,Sedan,2,6.33,7.9,0.22
17.71,Bus,31,18.1,44.41,5.05
69.8,SUV,7,10.63,139.49,7.84
27.81,SUV,1,8.83,50.44,2.73
70.96,Bus,25,18.05,142.08,19.75
24.27,Van,6,9.92,32.43,2.6
45.05,SUV,1,9.65,71.54,5.07
16.03,Van,10,11.63,32.5,1.99
17.74,Bus,42,20.7,41.34,6.22
13.58,SUV,6,8.13,31.21,1.09
42.97,SUV,3,8.31,72.92,3.41
11.14,Sedan,4,7.45,21.81,0.92
4.87,Bus,40,18.76,17.45,1.44
39.84,Van,4,9.37,68.43,3.87
10.3,Sedan,3,8.07,12.44,0.83
36.2,Bus,28,12.9,60.68,6.6
18.44,SUV,6,10.18,37.14,1.94
93.14,Sedan,3,4.98,113.51,4.78
63.34,SUV,1,11.83,114.91,8.31
108.21,SUV,3,6.68,192.11,9.15
9.35,Bus,24,21.46,31.06,2.76
21.63,Sedan,1,6.4,30.5,1.25
4.83,Van,14,10.34,18.71,0.63
29.83,SUV,4,9.28,46.89,2.5
10.29,Sedan,4,7.26,19.41,0.97
22.55,Bus,29,15.29,55.24,4.56
2.68,SUV,5,7.78,12.22,0.2
2.91,Sedan,3,7.28,6.28,0.32
11.51,SUV,2,6.44,18.54,0.82
12.93,Bus,10,16.25,28.45,2.71
51.2,Sedan,4,10.15,72.08,6.58
16.54,Sedan,2,5.34,35.1,0.83
31.87,Sedan,3,7.88,49.62,2.66
4.4,Sedan,3,5.8,14.2,0.2
26.99,Van,1,11.92,45.85,3.8
25.76,SUV,1,9.98,39.98,3.23
35.24,Sedan,3,7.85,54.02,2.93
24.99,Sedan,1,6.26,40.31,1.52
67.27,Sedan,3,8.89,103.16,6.32
17.24,Bus,5,16.23,42.75,3.04
10.86,Sedan,4,6.78,23.28,0.71
36.37,Bus,22,18.74,77.37,8.99
27.29,SUV,3,7.32,50.39,2.05
11.21,Sedan,1,6.16,24.42,0.55
32.24,Bus,43,18.48,78.09,10.23
43.53,SUV,4,8.35,62.5,4.47
28.06,Van,11,15.39,60.82,5.7
24.98,Bus,41,15.48,42.06,6.29
6.85,Sedan,1,7.92,5.63,0.66
16.85,Sedan,3,7.53,26.41,1.13
10.64,Van,3,10.98,29.33,1.22
32.81,Sedan,1,5.46,42.31,1.71
7.05,Sedan,4,5.58,10.35,0.51
7.6,Sedan,4,5.88,15.68,0.56
9.79,Sedan,4,4.36,18.79,0.53
12.38,Van,10,9.19,13.65,1.31
8.9,Sedan,2,4.72,10.98,0.37
16.31,SUV,6,11.02,23.82,2.18
17.49,SUV,7,9.93,30.33,2.11
40.19,SUV,2,10.18,87.27,4.19
10.93,Sedan,3,7.21,18.9,0.78
12.7,Van,12,11.3,29.97,1.75
31.41,Sedan,1,8.25,38.79,2.79
35.73,Van,2,9.9,42.2,3.58
23.64,Bus,6,18.32,57.08,3.95
31.28,SUV,5,10.12,55.59,3.24
4.64,SUV,5,7.02,7.57,0.3
37.66,SUV,3,13.64,59.52,4.79
20.98,Sedan,1,6.53,41.95,1.28
32.02,Bus,19,18.43,84.94,8.9
25.3,Bus,8,21.77,67.94,5.81
15.91,Sedan,3,7.6,23.95,1.25
28.06,SUV,5,9.06,52.11,2.83
14.22,Bus,14,18.39,41.16,3.2
75.08,Bus,38,13.49,191.26,13.27
6.3,SUV,2,8.17,13.06,0.68
37.04,SUV,5,9.78,69.7,4.31
26.77,Sedan,4,7.03,45.73,2.41
21.57,Bus,40,21.66,51.88,6.38
12.22,Sedan,2,6.36,26.16,0.86
27.64,SUV,4,6.92,49.73,2.43
21.07,Sedan,3,7.77,23.69,1.57
5.61,Sedan,1,8.22,10.31,0.55
32.75,SUV,4,10.35,46.73,3.47
28.22,Bus,27,17.51,76.01,6.54
10.81,Sedan,4,7.75,19.66,1.17
41.35,SUV,6,14.14,58.25,6.11
39.85,Sedan,4,6.64,39.21,3.09
8.42,Sedan,2,4.93,25.32,0.55
28.31,SUV,2,8.12,46.51,2.0
35.44,SUV,3,9.94,48.02,4.4
6.77,Sedan,2,4.57,14.32,0.34
3.64,Sedan,4,6.7,5.0,0.2
18.14,Sedan,4,6.96,32.01,1.28
14.58,Sedan,3,8.34,24.51,1.26
20.71,Bus,44,21.93,45.04,6.44
57.39,Bus,5,20.59,129.43,13.8
36.02,Sedan,1,4.0,54.85,1.55
12.79,SUV,4,10.38,29.91,1.4
24.51,Bus,11,20.12,49.79,6.25
22.68,Sedan,4,6.81,41.02,1.91
39.27,Van,10,7.89,69.98,4.13
36.89,Bus,28,15.67,99.37,9.1
20.61,Sedan,1,5.1,41.09,1.29
31.93,Sedan,1,4.08,36.1,1.15
43.66,Bus,22,17.99,89.43,10.07
33.18,SUV,2,7.8,44.5,2.69
12.58,Sedan,2,9.65,28.18,1.27
12.85,Sedan,3,6.3,24.54,0.93
5.72,SUV,2,10.94,14.56,0.63
12.22,Van,9,8.18,24.25,1.1
13.33,Van,13,10.05,33.03,1.4
2.7,Bus,11,18.29,5.0,0.6
9.18,Sedan,4,5.41,27.68,0.73
7.65,SUV,2,8.37,19.9,1.01
15.69,SUV,7,8.67,30.23,1.48
23.28,SUV,4,8.65,30.14,2.38
11.9,Sedan,4,8.73,18.05,1.24
52.89,Bus,21,19.13,115.56,14.73
9.02,Bus,34,19.44,19.23,2.2
2.21,SUV,6,9.81,13.22,0.28
19.98,SUV,5,9.92,28.93,2.02
34.73,Sedan,1,6.4,45.93,2.6
15.24,SUV,1,8.52,26.48,1.22
16.48,Van,4,11.3,35.83,1.86
63.14,SUV,4,10.74,125.61,8.44
36.55,Bus,26,21.38,60.33,10.72
24.77,SUV,7,8.64,35.7,2.79
20.78,Sedan,2,7.42,44.67,1.77
3.32,Van,11,10.65,7.36,0.28
46.03,Sedan,2,6.54,83.65,3.56
20.93,Sedan,2,5.93,29.84,1.24
6.8,Sedan,2,6.28,12.11,0.55
31.04,SUV,6,11.01,62.99,4.08
37.41,Van,7,11.17,57.66,4.6
16.13,SUV,4,9.2,27.76,1.94
13.7,Van,10,8.4,32.82,1.14
18.73,SUV,1,8.54,37.38,1.58
11.65,Sedan,4,6.21,16.76,0.68
8.81,Van,5,9.51,16.52,0.97
20.1,Sedan,2,6.53,36.68,1.45
36.34,Sedan,3,5.98,52.06,2.06
59.62,SUV,1,9.12,91.99,5.83
20.94,Sedan,1,6.65,29.98,1.36
53.17,Sedan,4,5.35,64.51,3.31
8.58,SUV,1,8.4,17.35,0.91
35.35,SUV,2,9.12,44.78,3.01
15.93,SUV,5,10.78,26.42,2.11
73.83,Bus,11,18.77,148.09,18.65
12.71,SUV,7,8.01,22.21,1.22
24.66,Bus,15,19.2,47.51,6.45
5.28,Sedan,4,8.55,9.07,0.47
14.94,SUV,1,10.38,31.38,1.57
39.77,Bus,27,19.64,103.1,11.9
34.5,SUV,1,10.09,68.34,3.31
24.83,Van,4,13.59,51.11,3.12
35.56,Sedan,3,7.79,66.94,3.04
19.6,Sedan,2,7.18,21.44,1.39
56.5,SUV,2,10.6,107.73,5.85
4.95,Sedan,2,5.2,8.34,0.22
24.31,Bus,41,13.49,34.13,5.18
5.84,Sedan,2,6.69,22.74,0.63
9.28,Bus,15,18.21,19.46,1.81
14.08,Bus,35,16.37,23.15,3.44
16.3,Sedan,2,7.49,28.81,1.05
19.83,Sedan,3,4.26,26.86,0.82
20.01,Bus,42,16.4,49.07,4.62
13.41,Bus,12,16.55,29.29,2.21
21.23,SUV,3,6.55,39.7,1.41
7.48,Sedan,4,8.29,10.26,0.8
37.06,SUV,3,6.96,53.54,3.16
31.74,Van,3,9.94,45.67,3.87
55.98,Sedan,3,7.59,106.19,4.0
28.19,Van,12,12.16,57.79,4.31
30.52,Sedan,1,5.17,46.83,1.86
30.14,Sedan,4,7.32,65.11,2.07
10.83,Sedan,1,6.85,19.84,0.67
24.17,Sedan,2,9.3,30.7,2.3
15.38,Sedan,3,6.98,25.87,1.05
25.88,SUV,4,8.79,44.35,2.56
28.74,Sedan,1,5.47,50.88,1.46
34.18,Sedan,1,5.61,54.36,2.07
30.04,Sedan,1,5.51,43.72,1.81
30.59,Bus,35,22.11,59.29,9.97
16.12,SUV,1,9.03,24.73,1.36
93.15,SUV,3,9.85,155.05,10.66
29.22,SUV,4,11.27,57.94,3.46
22.02,Bus,21,10.92,61.13,3.02
43.71,Sedan,3,8.03,67.3,3.68
17.31,Van,3,11.1,17.42,2.01
6.11,Van,8,11.78,11.92,0.74
12.52,SUV,3,7.76,27.32,0.93
8.93,Sedan,4,5.59,17.65,0.5
26.38,Van,8,11.88,57.34,3.62
36.61,Sedan,1,9.36,47.11,4.09
7.99,SUV,6,10.5,17.3,1.04
31.51,Van,10,13.28,46.41,4.72
30.02,Sedan,3,6.27,48.66,1.84
54.28,Van,7,9.92,97.36,6.15
40.88,Sedan,2,5.56,70.81,2.29
12.52,Van,14,10.12,27.22,1.58
16.22,SUV,3,5.92,26.06,0.99
17.33,Sedan,3,5.63,20.6,0.96
49.58,Sedan,3,5.83,65.08,3.01
56.51,Bus,30,17.47,119.46,14.71
29.28,Sedan,2,6.66,53.57,1.78
6.68,Sedan,4,6.93,19.06,0.36
19.02,Sedan,3,6.48,34.05,1.28
71.44,SUV,5,8.13,118.96,6.83
22.49,SUV,2,6.05,46.44,1.61
2.0,Sedan,1,5.81,10.68,0.25
20.95,Sedan,1,5.33,34.24,1.37
45.36,Sedan,2,7.06,75.42,2.88
5.22,Sedan,2,7.59,20.58,0.22
7.0,SUV,2,10.41,13.34,0.92
48.4,Van,7,12.36,68.63,6.44
32.5,Sedan,1,6.34,42.25,2.48
31.77,Sedan,4,5.87,48.69,2.1
4.13,Sedan,1,5.6,9.66,0.24
13.39,Bus,15,13.48,32.85,2.09
29.87,Bus,24,20.98,52.91,8.29
8.77,Van,10,10.69,28.43,1.06
28.4,Sedan,2,5.0,40.6,1.12
8.98,Sedan,3,5.51,16.22,0.68
6.2,Sedan,2,5.46,12.02,0.33
29.14,Sedan,1,6.55,45.22,2.12
22.53,SUV,3,10.6,32.52,2.87
19.22,Van,4,10.37,25.17,2.14
20.52,Bus,23,11.24,46.0,3.58
20.53,Van,13,10.66,26.62,2.91
4.83,Sedan,3,6.31,18.27,0.33
36.47,Van,13,10.6,45.64,5.5
46.64,Sedan,3,5.75,72.23,2.41
59.83,Sedan,4,6.76,101.71,3.71
25.94,Van,2,11.12,57.76,2.68
6.19,Sedan,1,6.47,16.94,0.53
35.76,SUV,2,9.62,64.16,3.95
23.42,Sedan,3,5.98,41.58,1.77
24.65,Van,7,10.12,32.23,2.61
10.77,Van,3,13.48,27.08,1.33
28.33,Sedan,3,7.17,44.67,2.05
36.5,Van,8,12.49,60.58,4.66
23.59,Sedan,3,7.97,46.56,2.22
14.95,SUV,4,9.79,26.56,1.56
15.86,Van,2,12.67,33.46,2.33
25.08,Van,12,8.16,45.46,2.5
15.34,Bus,39,18.61,43.48,4.42
8.23,Sedan,3,6.28,17.73,0.61
35.37,Van,11,14.02,56.59,5.62
21.78,SUV,6,10.39,44.34,2.92
23.85,Bus,35,16.11,45.68,5.46
12.92,Sedan,3,6.95,17.11,1.02
8.21,Van,5,11.3,18.31,1.15
11.3,SUV,5,9.68,24.05,1.26
14.3,Sedan,3,5.28,24.84,0.81
15.2,SUV,4,9.54,22.77,1.8
19.38,Sedan,1,6.23,25.03,1.16
39.45,SUV,3,9.42,48.17,3.48
33.11,Bus,39,15.83,81.71,7.09
31.45,SUV,1,8.12,41.54,2.74
8.5,SUV,4,10.76,17.64,1.01
30.2,SUV,5,7.42,54.49,2.6
38.83,Sedan,3,5.33,75.89,2.47
15.1,Sedan,4,6.44,19.18,1.24
8.05,SUV,1,7.84,10.33,0.66
28.78,Sedan,1,5.44,58.62,1.76
32.73,Sedan,1,6.63,49.25,2.37
20.73,SUV,4,6.74,36.05,1.5
36.15,Sedan,2,5.29,66.3,1.75
21.74,Sedan,2,8.96,36.04,1.83
10.2,SUV,6,9.69,20.96,1.25
21.51,Sedan,2,5.6,35.12,1.37
23.26,Bus,6,19.25,58.23,5.26
20.48,Bus,19,19.7,59.79,5.75
6.69,Van,9,12.79,16.73,0.92
53.01,Sedan,2,6.35,84.9,3.62
71.26,Van,4,12.76,110.68,9.26
17.71,Van,13,7.33,34.82,1.66
18.99,Van,4,9.1,50.81,1.71
21.66,Sedan,4,6.7,39.6,1.8
19.76,SUV,4,9.49,33.85,1.98
10.4,Van,11,9.36,29.48,1.21
34.5,SUV,1,9.39,68.28,3.84
35.54,SUV,5,8.06,56.68,2.84
19.43,SUV,3,8.58,34.28,1.72
18.56,SUV,7,10.54,27.74,2.56
18.21,Sedan,1,7.59,25.58,1.55
33.95,SUV,5,7.5,43.6,2.66
21.34,Sedan,4,5.23,27.8,1.35
17.56,SUV,3,8.38,23.55,1.51
8.2,Sedan,2,6.47,19.0,0.55
37.36,SUV,2,8.01,48.89,2.88
12.2,Sedan,4,7.75,17.33,1.39
8.07,Van,14,11.63,18.68,1.21
30.3,Van,10,11.73,53.47,4.05
21.16,Sedan,1,4.98,33.99,1.17
73.54,Sedan,2,7.9,136.51,5.69
7.19,Sedan,2,4.0,13.14,0.31
13.83,Bus,15,20.5,25.4,3.65
30.25,SUV,3,10.4,53.02,2.97
20.45,SUV,4,8.35,40.68,2.02
23.51,Sedan,3,8.03,33.29,2.23
23.46,SUV,1,8.91,36.07,2.62
5.04,Bus,5,18.19,10.26,1.06
24.49,Van,1,11.61,40.23,3.49
33.18,SUV,6,13.78,69.17,4.39
10.96,Sedan,2,8.11,31.19,0.92
11.47,Sedan,1,7.34,23.12,0.82
15.4,Sedan,2,5.4,29.53,0.79
7.87,Sedan,2,6.67,15.68,0.52
10.0,Sedan,2,5.52,29.91,0.56
21.95,Sedan,4,7.49,37.05,1.68
44.23,Sedan,2,6.67,60.61,2.93
14.18,Bus,8,14.63,32.96,2.11
55.88,SUV,7,9.12,75.28,5.05
14.01,Van,1,9.47,26.0,1.37
35.12,Van,9,11.27,56.96,4.25
11.99,Sedan,2,5.47,27.57,0.68
26.78,Van,10,11.05,53.43,3.32
51.38,Sedan,4,7.4,91.92,3.83
30.77,SUV,7,8.92,54.22,2.67
19.04,Sedan,1,6.03,34.52,1.1
18.21,Bus,31,18.61,46.36,4.46
27.02,Sedan,4,7.34,51.04,2.38
32.55,Sedan,1,5.17,49.21,2.06
34.9,Bus,27,18.78,93.66,9.9
22.16,Sedan,3,8.08,30.87,2.13
26.35,Van,9,12.03,51.93,4.03
11.61,Van,13,11.1,24.84,1.5
28.65,Van,8,12.15,47.7,4.2
12.14,Bus,20,19.36,44.62,3.36
23.69,Bus,20,20.26,54.64,5.67
16.56,Sedan,4,4.07,27.66,0.74
48.16,Van,4,8.2,85.11,5.11
22.02,SUV,5,10.51,30.1,2.56
51.3,SUV,3,6.74,100.16,3.46
20.62,Sedan,2,6.98,44.34,1.45
56.67,Van,10,10.37,127.0,7.06
29.5,Bus,6,15.01,63.17,4.21
5.31,Bus,7,19.05,17.7,1.1
16.81,SUV,7,9.3,36.36,1.44
12.99,Sedan,4,9.03,21.52,1.21
8.36,Sedan,2,5.75,11.12,0.52
12.47,Van,9,13.59,17.76,2.12
14.51,Van,13,11.63,36.96,1.82
5.73,SUV,4,8.01,7.83,0.55
18.82,Sedan,3,7.46,32.73,1.68
28.64,SUV,2,9.85,46.84,3.15
74.66,SUV,7,9.05,101.71,7.68
45.35,Bus,31,18.8,127.19,12.43
18.35,SUV,2,8.1,26.94,1.84
21.64,Sedan,3,5.51,31.44,1.25
30.37,SUV,5,10.14,48.55,3.39
19.29,Sedan,1,6.23,36.0,1.41
22.32,Bus,37,17.76,54.33,5.54
12.47,Sedan,2,6.84,17.51,0.73
21.08,SUV,2,9.4,38.91,2.21
23.0,Sedan,2,4.78,30.3,1.02
8.56,Van,7,13.32,22.25,1.14
29.87,Van,6,11.22,58.12,3.75
30.79,Van,14,10.64,66.54,4.12
31.58,Sedan,3,7.02,40.14,2.52
12.65,Sedan,1,6.78,21.58,0.87
51.34,Sedan,3,7.42,52.95,3.82
16.89,Van,8,11.97,33.21,1.87
9.18,Sedan,1,7.36,15.29,0.91
49.23,SUV,5,11.03,96.13,5.6
10.6,Bus,30,20.65,38.3,2.89
25.9,Bus,33,17.52,58.87,5.76
14.09,SUV,3,7.32,25.99,1.37
6.51,SUV,4,11.5,8.2,0.77
10.36,Sedan,1,6.21,13.42,0.58
45.83,Van,8,10.15,99.17,4.75
21.77,Van,7,7.87,38.47,2.14
15.06,Sedan,3,6.91,28.82,1.07
17.7,SUV,4,9.22,42.65,1.93
9.38,Van,7,8.27,26.55,0.91
11.76,Bus,40,19.36,25.8,3.54
35.02,Sedan,2,5.9,47.52,2.39
24.51,SUV,7,13.04,44.03,3.12
21.0,Sedan,2,5.82,43.42,1.62
18.73,Sedan,1,5.98,34.81,1.32
5.79,Bus,37,15.38,8.01,1.52
19.79,Van,6,13.3,30.29,2.44
35.04,Van,5,10.33,55.19,3.46
13.86,Sedan,1,5.63,20.4,0.65
19.99,Van,1,12.27,54.98,2.6
3.08,SUV,5,6.93,13.34,0.2
43.39,Sedan,3,7.25,83.43,3.95
51.74,SUV,1,11.67,79.48,6.95
51.55,Sedan,3,7.18,65.42,4.53
6.27,Van,4,12.15,15.36,0.82
36.86,SUV,1,10.31,57.11,4.25
2.08,Sedan,4,8.55,5.58,0.25
38.14,Sedan,2,7.95,45.22,3.67
20.79,Sedan,2,7.03,28.01,1.7
16.48,Sedan,3,7.58,33.14,1.37
36.69,SUV,2,7.67,37.72,3.35
22.58,Van,11,12.4,38.76,3.68
11.71,Sedan,4,5.29,19.8,0.67
32.11,Sedan,4,6.06,58.35,2.54
42.53,SUV,1,4.38,78.2,1.96
35.04,Van,8,11.72,72.91,4.54
36.39,Sedan,2,5.73,74.47,2.01
9.29,Sedan,3,7.83,16.52,0.87
14.79,SUV,3,9.59,27.3,1.46
24.79,Sedan,1,7.85,42.33,2.32
48.49,Sedan,1,5.2,85.13,2.94
12.01,Van,6,12.87,30.67,2.05
46.98,SUV,3,12.16,74.5,7.06
5.01,SUV,1,10.15,16.55,0.54
43.46,Van,8,12.42,60.87,5.59
41.11,Van,6,11.31,58.53,4.49
64.0,Sedan,4,5.87,63.93,4.35
37.97,Sedan,3,7.41,67.82,2.76
26.21,Sedan,1,4.69,33.11,1.3
16.62,Sedan,2,6.0,25.67,1.2
15.28,Van,2,7.81,40.2,1.13
20.34,Bus,17,15.89,44.36,3.68
15.84,Bus,12,19.93,42.68,3.89
32.1,SUV,4,9.76,61.61,3.75
37.41,Sedan,4,6.56,66.77,2.77
11.37,Sedan,3,6.7,16.22,0.78
38.59,Van,9,7.61,76.64,3.24
27.38,SUV,2,8.44,42.46,2.66
17.45,SUV,5,7.98,31.95,1.59
42.87,Van,7,9.81,64.8,4.38
12.64,Van,11,12.08,24.77,1.68
8.24,Van,9,9.45,18.51,0.84
12.2,Sedan,3,5.77,24.74,0.71
14.8,Van,10,7.24,31.03,1.4
41.83,Bus,39,17.12,111.7,10.88
40.6,Sedan,2,5.19,59.86,2.42
21.89,SUV,4,9.12,43.02,2.07
4.32,Sedan,3,5.36,11.46,0.25
13.15,Bus,44,18.31,35.42,4.24
60.24,Sedan,4,6.33,90.09,4.32
35.96,SUV,4,11.51,40.51,4.31
4.04,Sedan,4,7.1,5.0,0.26
2.59,Van,1,7.69,5.0,0.31
35.0,Sedan,2,4.98,51.02,1.94
47.64,Sedan,1,6.57,67.31,3.19
9.97,SUV,4,7.61,20.56,0.87
12.74,Bus,7,9.09,36.94,1.45
39.74,Sedan,2,8.12,50.74,3.78
17.48,Sedan,2,7.36,18.92,1.2
19.12,Van,4,11.94,31.71,2.86
18.5,SUV,7,8.09,44.01,1.73
23.39,Bus,22,19.28,69.35,6.06
26.62,Sedan,1,5.65,45.87,1.41
63.33,SUV,3,9.31,77.17,6.96
16.53,Sedan,2,5.4,28.13,1.02
19.07,Sedan,3,8.32,22.27,1.35
9.24,Van,3,8.17,21.52,0.68
23.23,SUV,5,10.85,37.43,3.11
41.6,Van,1,11.07,80.63,5.62
12.64,Sedan,1,5.91,23.03,0.62
11.32,SUV,2,9.25,18.67,1.31
39.34,SUV,3,10.1,47.54,3.96
26.53,Bus,21,22.1,59.44,7.69
11.39,Sedan,4,6.88,23.63,0.99
24.04,Sedan,4,5.43,42.51,1.57
10.61,Sedan,4,6.57,20.22,0.71
17.04,SUV,6,11.73,30.2,2.26
18.15,Sedan,1,8.12,20.33,1.4
38.98,Bus,5,20.73,67.36,8.49
30.9,Sedan,3,7.45,49.47,2.48
40.44,Bus,18,20.1,68.87,12.06
16.84,Sedan,4,7.89,33.07,1.57
29.05,Van,4,10.18,54.67,3.03
5.58,Bus,36,13.93,21.1,1.45
11.08,Sedan,1,6.58,19.16,0.72
8.13,Bus,21,15.55,19.69,1.68
35.43,SUV,4,7.42,72.27,3.21
56.8,Bus,25,15.84,155.66,11.94
18.72,Van,8,15.47,31.42,3.6
30.47,Sedan,2,6.66,52.19,2.35
29.99,Sedan,4,6.93,43.16,2.42
53.53,Sedan,3,5.03,76.9,2.83
17.03,Sedan,4,4.29,28.93,0.87
22.8,Sedan,4,5.52,34.6,1.65
11.36,Sedan,2,8.23,17.65,0.7
8.73,SUV,4,9.5,19.24,1.01
32.98,Van,5,12.08,44.82,4.28
13.12,Sedan,4,7.39,29.8,1.09
13.65,Sedan,2,5.79,24.46,0.83
28.55,SUV,5,11.08,53.69,3.39
17.95,Sedan,4,5.74,31.61,1.37
33.42,Sedan,1,8.19,56.89,3.44
33.83,Sedan,3,7.03,69.21,2.66
24.2,Bus,41,12.63,41.95,4.78
22.44,Van,12,9.65,46.24,2.11
56.13,Sedan,4,4.36,86.45,3.02
19.69,Van,6,13.09,39.93,2.65
34.73,SUV,4,8.96,46.43,3.02
10.63,Van,2,6.99,20.87,0.71
22.08,Van,11,11.68,37.8,2.83
34.87,SUV,3,8.19,40.97,2.67
11.72,Sedan,1,4.72,23.34,0.58
20.48,Sedan,1,8.51,39.63,2.35
21.65,SUV,1,9.16,47.68,2.29
12.25,Bus,21,17.12,31.36,2.88
13.71,SUV,4,8.4,27.38,1.28
10.41,Van,14,8.28,16.51,1.03
3.77,Bus,41,14.09,10.5,0.9
10.8,Sedan,3,8.04,18.96,1.1
24.07,Van,4,10.15,35.54,3.17
14.1,Van,6,11.04,33.66,1.54
20.61,Bus,25,11.87,42.69,2.98
22.59,Bus,17,14.05,52.31,4.13
18.52,Van,6,12.1,41.47,2.75
34.53,Sedan,3,6.95,68.37,2.6
67.87,Van,5,14.16,104.86,11.24
10.89,Sedan,2,8.11,22.83,1.02
38.94,Van,8,10.58,90.1,5.31
12.3,Bus,22,19.42,34.83,3.09
27.22,Sedan,1,6.12,50.69,1.83
8.11,SUV,7,12.08,19.38,1.25
25.94,SUV,6,10.72,44.87,3.26
16.35,SUV,6,9.25,24.52,1.51
16.06,Sedan,2,6.74,20.67,1.22
24.03,Van,8,13.6,34.78,3.46
10.01,Bus,29,19.74,24.09,3.19
9.96,Bus,34,22.68,27.28,2.8
16.81,Sedan,4,4.0,30.41,0.84
38.32,Bus,34,19.38,87.47,10.59
17.11,Van,5,10.07,41.14,1.92
68.7,Sedan,4,8.61,86.12,6.26
80.63,Sedan,3,8.36,93.2,8.17
20.34,Sedan,2,6.54,28.2,1.37
54.89,Bus,13,22.61,133.92,14.48
11.14,SUV,7,11.67,21.52,1.45
21.97,Van,1,11.13,36.94,2.41
24.72,Sedan,3,9.47,42.53,2.42
30.88,Van,13,10.94,60.97,4.77
7.02,Sedan,3,6.24,7.81,0.61
23.7,Sedan,4,7.54,41.03,2.38
45.47,SUV,3,8.47,81.34,3.91
3.46,Sedan,1,6.6,5.53,0.2
11.68,Van,6,13.54,15.77,2.0
46.12,Sedan,3,6.52,73.12,3.17
13.86,Van,13,7.95,28.0,1.26
23.18,SUV,2,9.55,42.22,2.72
27.78,SUV,4,7.96,52.16,2.18
11.71,Sedan,4,7.54,17.38,0.86
8.88,Sedan,2,7.34,18.47,0.68
18.46,Bus,25,22.41,51.64,5.29
40.8,Sedan,1,7.59,46.67,3.43
23.82,Van,4,12.96,39.74,3.27
9.05,Bus,24,15.99,22.15,2.12
34.89,Sedan,4,7.46,62.42,2.99
9.44,Sedan,4,8.86,15.55,0.99
27.3,Van,13,9.76,58.47,3.74
19.13,Bus,40,23.4,49.23,6.06
15.59,Bus,22,16.35,39.87,3.78
17.82,SUV,6,7.72,38.75,1.53
19.51,Van,1,11.53,25.47,2.49
20.74,Sedan,2,7.36,29.83,1.42
24.75,Bus,22,20.74,61.21,5.92
38.2,Bus,38,15.11,67.82,9.66
59.38,Sedan,3,7.02,100.16,4.22
21.24,Sedan,3,5.68,36.31,1.25
35.61,Sedan,4,4.71,61.13,1.58
22.9,Sedan,3,5.39,40.58,1.43
17.08,Van,11,9.65,34.21,2.05
25.54,Sedan,2,7.13,49.29,2.13
6.96,Sedan,4,7.88,13.67,0.86
10.58,Sedan,4,4.73,12.56,0.58
8.49,Bus,21,19.06,26.05,2.0
24.62,SUV,7,7.23,58.6,2.06
4.31,SUV,6,9.94,11.08,0.62
7.77,Sedan,3,5.75,14.64,0.54
5.3,Bus,12,14.85,15.33,1.05
21.51,Van,8,12.44,36.93,3.43
15.41,Sedan,3,5.8,37.28,0.91
17.91,Sedan,4,6.12,28.41,1.56
27.34,Sedan,4,4.0,49.12,1.37
20.11,Sedan,1,7.64,34.64,1.91
16.59,SUV,4,10.23,35.14,1.66
4.22,Bus,32,18.02,11.42,0.95
27.37,SUV,3,6.71,36.18,2.09
3.93,Van,14,13.18,10.1,0.61
23.93,SUV,2,8.0,32.37,2.07
103.19,Van,6,10.18,162.14,10.03
30.32,Van,6,15.16,63.06,5.88
13.13,Sedan,3,5.66,12.52,0.78
37.27,Sedan,4,7.39,68.07,3.08
65.25,SUV,2,9.84,82.56,7.88
41.12,Sedan,1,6.97,50.84,3.42
49.41,Sedan,3,6.84,51.91,4.08
11.09,SUV,6,9.56,22.04,1.16
15.66,Bus,18,18.82,40.08,3.61
33.21,SUV,4,8.92,50.46,3.21
19.78,Van,1,13.72,48.57,2.54
10.44,SUV,7,7.03,29.23,0.78
30.64,Van,1,12.84,54.62,4.68
33.13,SUV,5,10.23,53.22,3.6
17.11,Bus,12,20.1,53.15,3.59
9.21,SUV,2,10.68,24.46,1.22
15.14,SUV,2,8.86,20.86,1.56
16.01,SUV,5,6.2,28.17,0.89
22.99,SUV,7,8.89,34.67,2.28
8.02,Sedan,3,5.31,15.95,0.32
18.72,Sedan,4,5.62,32.64,1.19
14.35,Sedan,3,5.01,31.13,0.62
30.85,Bus,28,16.57,60.95,6.86
134.09,Sedan,1,5.78,147.29,7.21
23.83,Sedan,3,4.0,41.36,0.85
20.34,Van,14,12.26,42.12,3.12
27.0,Sedan,1,9.16,40.92,2.42
33.73,SUV,5,9.91,59.81,4.16
2.0,Sedan,1,6.26,6.09,0.21
20.22,Bus,12,17.84,45.92,4.52
36.28,Bus,11,16.74,70.92,7.12
5.77,Bus,43,18.27,14.41,1.65
23.7,SUV,2,8.94,51.0,2.08
38.53,Van,11,9.49,88.52,3.65
63.93,Sedan,4,8.52,92.08,6.32
25.35,Sedan,4,4.72,32.2,1.42
30.71,Sedan,4,7.36,58.79,2.84
28.76,SUV,3,8.85,48.37,3.15
6.97,SUV,4,11.85,14.3,1.12
79.06,SUV,3,9.51,94.55,9.49
26.77,Sedan,4,6.07,43.59,2.06
18.25,SUV,4,8.63,25.99,1.75
46.09,Van,11,11.07,83.41,5.35
12.4,SUV,2,7.29,20.18,0.85
29.17,Van,6,9.62,63.99,3.63
17.08,Sedan,2,4.36,31.16,0.78
12.06,Van,3,9.34,30.24,1.0
21.62,SUV,3,9.14,24.25,2.09
23.72,Sedan,1,6.86,40.17,1.99
19.84,Sedan,1,4.12,29.6,1.0
83.92,SUV,7,8.79,129.72,8.26
23.59,Van,9,12.01,41.37,3.01
16.55,SUV,2,8.76,27.33,1.75
23.19,Sedan,2,5.74,42.73,1.49
33.39,Bus,14,16.76,80.63,5.89
28.03,Van,1,10.03,47.55,3.4
54.75,SUV,2,8.04,83.99,5.05
25.45,SUV,6,9.26,37.24,2.39
3.07,Sedan,2,9.27,7.91,0.27
23.75,SUV,7,7.88,43.11,1.83
23.95,Sedan,4,6.12,25.34,1.75
39.65,Bus,36,17.84,88.53,10.66
4.16,SUV,3,7.97,10.67,0.45
29.98,SUV,6,10.65,58.44,3.31
36.14,SUV,6,5.44,62.6,2.26
24.08,Bus,23,16.41,68.37,4.48
34.21,Van,9,12.47,60.63,5.29
10.67,SUV,3,8.56,24.01,1.06
37.57,Van,2,9.52,56.59,4.27
9.34,SUV,3,9.66,7.92,1.05
13.86,SUV,6,10.36,25.56,1.46
32.24,Sedan,1,6.75,42.14,2.32
68.22,SUV,3,7.8,108.11,5.6
60.85,Sedan,1,7.05,70.84,4.81
26.89,Bus,18,16.79,71.14,6.16
5.92,Sedan,2,7.39,18.52,0.6
14.25,Bus,15,22.45,46.32,3.42
17.42,SUV,7,5.09,42.93,0.81
2.12,SUV,2,9.17,16.85,0.2
9.2,SUV,2,6.4,11.56,0.76
38.27,Sedan,1,9.43,57.89,4.23
58.44,Sedan,1,5.94,75.66,3.22
42.19,Sedan,2,7.4,72.5,3.81
14.88,SUV,6,8.95,36.7,1.33
33.22,SUV,7,7.8,50.68,2.69
21.17,Van,11,9.34,33.85,2.01
9.14,Sedan,3,8.4,23.33,0.63
26.05,Sedan,2,7.65,25.67,2.55
31.3,SUV,4,11.92,53.57,3.47
10.65,Bus,25,18.17,28.5,2.59
7.11,Van,5,11.52,27.7,0.82
15.11,SUV,5,8.6,26.43,1.25
46.23,SUV,6,8.57,59.74,5.02
35.1,Sedan,2,5.25,70.29,2.04
15.88,Bus,9,18.25,53.19,3.22
11.37,Van,6,9.58,27.01,1.2
21.04,Sedan,4,7.03,32.57,1.81
8.72,SUV,4,9.26,9.34,0.83
24.26,Sedan,3,6.85,53.58,2.12
18.93,Bus,42,23.03,45.52,7.21
2.0,Sedan,4,6.45,5.0,0.2
16.49,SUV,3,10.14,30.09,1.76
2.21,Sedan,4,8.96,9.83,0.2
25.37,Van,13,13.35,35.11,4.22
8.19,Van,3,13.08,9.11,1.29
5.05,Van,13,10.45,16.75,0.68
17.82,SUV,6,9.34,42.91,1.79
16.69,Bus,36,14.05,47.91,3.15
25.93,Sedan,2,7.1,32.4,1.97
8.49,Sedan,1,6.83,13.28,0.74
49.65,Sedan,1,6.53,86.54,3.24
33.91,Bus,12,21.08,61.74,9.01
50.84,Sedan,3,5.05,86.25,2.87
18.45,Van,13,13.94,25.23,2.93
10.45,Van,2,12.62,28.76,1.29
58.52,Sedan,2,6.42,83.48,4.53
33.5,Sedan,3,6.32,57.32,2.43
17.48,Sedan,4,7.08,29.15,1.46
20.51,SUV,1,11.28,41.78,2.84
15.24,Sedan,4,6.62,27.02,0.94
39.11,Sedan,1,6.67,69.62,2.68
27.3,Bus,8,18.05,55.64,5.56
29.63,Bus,14,23.35,68.98,7.73
9.72,Sedan,4,6.06,18.36,0.63
19.25,Sedan,4,6.46,23.36,1.29
23.95,Sedan,1,8.26,28.9,2.09
5.54,Van,12,11.26,13.05,0.7
27.02,Van,12,13.05,49.44,4.99
22.42,Sedan,3,5.41,39.36,1.39
37.0,Sedan,4,6.25,50.84,2.62
41.03,Van,11,13.67,67.98,5.85
66.79,SUV,7,7.99,104.85,5.45
23.47,Sedan,3,6.32,37.89,1.81
16.5,SUV,5,9.39,24.95,1.89
8.55,Sedan,3,5.31,26.44,0.38
7.36,Sedan,1,6.0,23.54,0.52
20.32,Van,2,11.2,34.87,2.5
6.8,Van,7,11.08,14.93,0.87
7.86,SUV,3,10.92,18.81,1.04
20.82,Bus,13,22.62,58.05,5.03
15.6,SUV,2,7.72,26.91,1.34
10.39,Van,2,11.2,24.42,1.36
16.4,SUV,5,10.01,30.14,2.02
34.64,Bus,12,22.55,102.37,9.09
27.35,Bus,14,20.16,54.11,6.9
40.01,Sedan,3,6.85,54.19,3.2
18.48,Bus,21,20.0,49.4,5.08
15.24,Van,8,12.21,30.18,2.16
23.06,Van,5,9.33,34.52,2.38
8.0,Sedan,1,6.73,19.0,0.57
17.47,Van,10,13.63,46.43,3.14
16.17,Bus,37,17.38,32.09,4.29
91.96,Sedan,2,6.66,165.62,7.59
44.88,Bus,16,17.27,101.21,10.73
31.89,Sedan,4,4.0,49.51,1.48
27.99,Sedan,4,6.52,61.04,2.39
55.3,SUV,2,9.45,70.28,5.74
27.83,SUV,3,8.23,49.64,2.72
11.81,SUV,2,7.27,25.2,0.86
11.11,Sedan,2,5.44,18.38,0.58
35.22,Bus,36,20.29,56.34,11.45
31.25,Sedan,1,8.87,47.21,2.8
27.74,Sedan,1,8.16,34.15,2.44
41.14,Sedan,4,4.89,59.92,1.88
39.74,SUV,5,10.28,73.01,5.26
4.63,Bus,40,16.01,10.98,1.12
18.82,Van,6,9.95,43.09,1.7
29.66,Van,8,10.17,41.79,3.44
47.65,Sedan,3,7.35,57.98,4.13
32.65,SUV,7,10.44,65.45,4.24
35.51,SUV,3,8.85,37.2,3.27
8.99,SUV,2,8.88,15.75,0.79
6.27,Sedan,1,7.06,22.85,0.55
26.94,Van,2,12.02,45.51,4.05
15.06,SUV,5,10.76,38.92,1.52
30.14,Van,10,8.69,49.2,2.54
13.04,SUV,6,9.03,24.07,1.29
14.76,Sedan,3,5.22,26.72,0.82
34.87,SUV,6,8.92,65.62,3.64
21.65,Sedan,3,6.23,47.69,1.24
12.51,Bus,34,17.86,32.32,2.65
19.53,SUV,4,7.8,25.81,1.84
31.82,Sedan,3,4.72,40.46,1.49
20.45,Bus,36,11.72,44.93,3.37
29.47,SUV,1,8.8,43.26,2.84
17.77,Sedan,1,5.98,26.59,1.0
45.22,SUV,5,7.99,63.4,4.1
19.25,Sedan,2,8.09,28.43,1.75
14.35,Van,9,9.45,31.23,1.27
52.39,Van,13,13.55,96.22,9.01
21.75,Bus,10,22.87,37.98,6.02
29.17,SUV,6,6.07,41.02,1.78
14.23,SUV,1,9.14,25.5,1.5
28.59,Van,1,10.28,63.67,2.95
31.71,Sedan,4,4.0,50.03,1.19
11.83,SUV,6,6.83,19.82,0.81
36.74,SUV,2,10.16,77.48,4.11
20.06,Sedan,4,8.92,43.57,2.12
36.73,SUV,3,10.35,51.99,3.79
12.81,Bus,31,18.97,42.66,4.04
14.85,Bus,10,17.94,44.44,2.98
24.07,Sedan,2,8.52,30.51,2.04
11.09,Sedan,1,9.08,13.42,1.02
24.6,Sedan,3,5.8,29.88,1.36
27.14,Bus,5,12.0,55.39,4.2
24.04,Sedan,3,4.0,27.59,1.04
22.99,Van,12,13.38,50.7,3.98
9.44,Sedan,1,6.44,16.87,0.58
7.05,SUV,4,9.27,12.98,0.72
20.91,Sedan,3,4.35,27.89,1.12
5.01,Van,10,9.64,12.19,0.72
4.29,Sedan,2,6.15,10.31,0.3
14.7,SUV,4,9.31,17.69,1.48
10.93,Sedan,2,6.02,20.12,0.78
27.77,Van,13,9.13,51.3,3.28
20.88,Bus,36,15.65,46.32,4.63
27.04,Sedan,3,7.95,59.75,2.55
36.42,Bus,9,18.73,67.72,6.73
45.6,SUV,6,9.92,54.0,4.92
33.8,Sedan,1,5.42,53.22,2.22
23.66,SUV,1,4.57,41.42,1.16
10.26,Sedan,2,5.87,22.62,0.69
43.19,Van,2,9.44,73.63,4.16
8.73,Van,9,11.63,13.83,1.13
37.0,Sedan,3,10.44,58.74,4.72
48.58,SUV,2,10.04,61.08,5.67
28.15,Van,2,15.92,48.17,4.44
10.49,Bus,6,19.71,27.96,2.11
15.48,SUV,6,8.06,27.84,1.14
25.09,Bus,40,19.04,46.71,8.39
12.4,SUV,1,11.67,19.01,1.67
3.67,Sedan,1,8.7,5.0,0.42
23.43,Van,4,9.96,43.55,2.86
27.85,SUV,2,9.38,36.59,3.33
29.61,SUV,5,6.86,37.18,2.29
15.32,SUV,3,10.24,32.42,1.65
21.69,Van,10,13.8,33.03,2.99
24.34,Van,2,11.07,49.48,3.14
6.01,SUV,2,8.0,12.25,0.46
14.92,Sedan,1,6.93,33.04,1.18
22.62,SUV,6,9.63,44.63,2.35
27.65,SUV,6,9.12,52.33,2.44
51.27,Sedan,3,6.71,73.76,3.59
26.22,Van,6,10.69,46.41,2.9
8.43,SUV,1,10.49,20.17,0.92
11.71,Sedan,2,7.38,20.24,0.85
38.3,Sedan,1,5.32,69.17,2.07
62.7,Sedan,3,5.29,117.56,3.38
10.02,Bus,30,17.24,34.01,2.84
14.56,Sedan,4,7.38,21.22,0.98
64.4,Sedan,3,6.68,94.68,4.33
55.23,SUV,6,8.04,89.36,5.17
31.31,Sedan,3,6.81,41.01,2.58
14.76,Sedan,3,6.1,24.7,0.96
9.68,Sedan,1,7.56,23.02,0.8
13.98,SUV,4,9.5,22.5,1.58
16.74,SUV,1,8.53,26.92,1.49
17.28,Sedan,2,6.78,39.81,1.36
5.94,SUV,2,10.97,8.66,0.69
11.17,Bus,28,16.29,23.58,2.66
23.06,Sedan,4,6.98,30.65,1.73
14.39,Sedan,4,6.42,29.03,0.93
8.2,Sedan,3,7.01,16.87,0.62
10.3,SUV,2,8.02,25.16,0.69
18.64,Van,1,11.2,27.27,2.32
6.92,Sedan,4,7.83,17.76,0.63
46.65,Van,11,9.31,94.62,4.65
7.28,Sedan,4,4.9,17.44,0.26
32.88,SUV,3,7.06,61.2,2.61
62.08,Van,10,8.89,80.33,6.36
7.95,Sedan,4,7.21,13.43,0.47
9.36,SUV,3,6.89,20.24,0.71
18.85,Sedan,1,6.14,23.14,1.42
15.54,Van,5,12.11,22.98,2.44
39.04,Sedan,1,7.0,77.3,2.9
17.97,Bus,34,16.84,27.77,3.9
11.01,Sedan,1,6.73,19.5,0.64
34.21,Bus,21,18.32,93.43,7.57
16.78,Sedan,2,6.23,34.26,0.87
10.8,Van,10,10.62,20.35,1.45
12.2,Sedan,2,9.18,23.2,1.31
7.72,Bus,37,20.43,22.6,2.45
3.49,Sedan,2,9.48,16.51,0.43
8.34,Sedan,1,5.9,16.83,0.66
18.28,SUV,1,8.87,34.84,1.87
16.51,Sedan,1,4.9,35.83,0.8
6.39,Sedan,2,5.53,19.88,0.26
11.17,Bus,41,23.71,33.54,4.27
31.34,Bus,24,16.43,66.06,6.26
29.7,Sedan,1,8.8,48.89,2.72
22.15,Bus,6,14.27,68.09,3.47
9.01,SUV,6,7.42,18.25,0.85
38.8,Sedan,1,6.09,45.84,2.59
18.94,Van,9,10.89,31.28,2.27
12.13,Van,13,12.66,21.9,1.77
9.28,Bus,44,19.35,24.25,3.29
33.22,Sedan,2,6.0,62.54,2.48
2.0,Van,4,10.76,16.14,0.22
25.47,Sedan,2,6.12,41.45,2.0
14.97,Sedan,3,5.4,21.69,0.98
42.04,Sedan,2,5.43,79.95,2.54
75.07,Bus,29,21.08,193.37,19.45
12.2,Van,10,7.71,21.12,0.88
39.16,Van,10,13.91,75.78,6.5
26.28,SUV,7,8.49,53.7,2.15
24.48,Sedan,3,5.57,46.01,1.59
6.51,Sedan,4,7.39,7.12,0.48
14.11,Sedan,4,8.28,30.68,1.43
38.16,Sedan,1,7.84,59.85,2.56
45.31,Van,12,11.9,86.41,6.49
54.46,SUV,3,10.63,87.46,5.33
14.16,Sedan,1,4.44,33.55,0.73
29.13,Sedan,1,5.87,51.17,1.81
14.62,Sedan,4,5.41,27.52,0.7
23.18,SUV,5,10.84,48.09,2.83
28.85,Bus,37,16.85,56.84,6.49
15.04,SUV,3,10.27,27.38,1.36
30.37,Van,8,11.96,53.62,3.58
18.25,SUV,5,7.71,41.77,1.76
20.26,Sedan,4,5.8,27.31,1.35
6.6,Sedan,4,8.05,24.1,0.39
13.58,Bus,9,15.67,37.8,2.04
13.76,Van,2,11.22,28.45,1.48
79.13,Sedan,1,5.56,116.07,4.71
11.57,SUV,6,8.53,15.28,1.02
19.99,SUV,3,8.93,47.31,1.98
11.75,SUV,2,7.83,25.57,0.94
18.28,Bus,16,15.12,45.46,3.87
22.89,SUV,3,9.43,48.92,2.19
10.0,SUV,7,7.73,18.08,1.06
36.55,Sedan,2,5.53,42.93,2.11
10.4,Sedan,3,5.37,17.68,0.74
5.84,Sedan,4,6.41,6.08,0.43
21.62,Sedan,3,7.63,28.1,1.97
63.61,Van,11,13.71,111.8,8.74
4.36,Van,2,9.69,16.7,0.28
7.39,Sedan,3,9.08,14.22,0.71
34.74,Van,5,9.19,52.09,3.25
11.53,Sedan,4,7.8,22.6,1.14
23.82,Sedan,2,5.63,23.14,1.36
40.5,Sedan,1,5.45,69.52,2.76
33.29,Sedan,2,5.61,46.28,2.2
22.76,Sedan,1,6.44,33.42,1.76
23.04,SUV,7,9.87,43.7,2.58
22.71,SUV,1,10.0,44.37,2.11
25.42,Bus,17,15.17,57.64,4.29
46.76,Sedan,1,5.31,59.83,2.73
8.72,Sedan,4,5.4,26.42,0.5
7.75,Sedan,2,6.37,18.2,0.44
30.41,SUV,3,8.68,62.29,3.09
12.8,Sedan,3,5.36,27.28,0.59
6.27,Van,12,11.49,12.85,0.92
52.99,SUV,4,12.39,92.13,7.81
24.45,SUV,4,8.24,36.16,1.92
56.86,SUV,1,8.35,105.3,5.49
32.84,Sedan,4,7.17,63.61,2.91
17.1,Sedan,4,5.83,32.13,1.25
21.19,Sedan,1,7.3,38.2,1.46
38.7,SUV,6,7.92,51.05,3.98
6.1,Sedan,4,8.7,5.43,0.4
40.18,Sedan,4,6.91,59.05,3.14
20.23,Bus,21,16.14,60.4,3.93
18.16,Sedan,1,5.79,33.81,1.11
73.13,Van,9,10.08,121.72,9.66
47.05,Van,10,13.47,64.71,6.75
11.21,Sedan,4,4.98,22.58,0.64
25.85,Sedan,4,5.7,31.78,1.69
10.0,Sedan,1,5.83,18.22,0.66
28.92,Van,1,10.97,44.14,2.9
65.08,SUV,5,8.59,78.27,6.36
52.68,Van,10,8.32,82.88,4.64
28.13,Bus,18,16.8,60.53,6.93
26.09,Van,11,10.82,53.05,3.12
19.18,Sedan,3,5.75,34.11,1.2
67.95,Sedan,4,7.32,113.31,5.7
36.32,Van,5,12.65,80.89,4.85
15.64,Sedan,3,6.41,28.21,1.24
22.93,Sedan,4,6.78,18.95,1.43
23.7,Van,5,7.11,41.69,2.02
11.73,SUV,6,8.37,23.65,1.01
23.79,Bus,16,21.01,44.29,5.41
30.39,Van,10,10.24,65.36,4.31
10.34,Sedan,4,5.62,17.49,0.58
41.22,Bus,5,24.83,99.24,11.82
13.26,Sedan,3,8.68,16.52,1.06
15.79,Sedan,4,7.06,22.23,1.12
12.98,SUV,7,10.71,30.64,1.8
11.21,Sedan,4,4.0,20.62,0.48
45.71,SUV,6,7.82,72.46,3.79
50.77,Sedan,3,5.94,54.48,3.09
14.13,SUV,1,8.65,25.21,1.44
42.61,Sedan,2,5.91,83.26,2.95
6.67,Van,2,6.41,17.16,0.51
17.51,Van,4,11.69,38.93,2.48
8.35,Sedan,3,7.15,11.69,0.55
71.31,Sedan,4,8.42,112.32,7.51
46.62,Sedan,3,5.55,62.93,2.47
5.38,Sedan,3,5.46,15.36,0.21
11.79,Van,5,6.18,21.48,0.88
17.87,Van,12,10.47,30.38,1.82
20.54,Sedan,3,7.58,39.4,1.8
7.78,Sedan,1,5.77,15.21,0.47
34.28,Sedan,3,9.07,64.3,3.16
42.53,SUV,4,8.62,66.1,3.88
26.84,Sedan,3,6.68,54.15,2.22
25.61,Bus,22,13.91,60.11,5.35
13.02,Van,8,11.52,24.01,1.98
17.21,Sedan,2,4.12,32.83,0.89
24.78,SUV,5,10.04,29.04,2.81
26.55,Bus,5,20.17,49.16,5.82
21.54,SUV,6,11.04,38.17,3.0
40.16,Sedan,2,5.28,74.62,2.08
30.19,Sedan,2,6.69,49.25,2.52
42.91,Van,6,12.01,91.49,5.98
23.23,SUV,5,9.66,46.45,2.49
23.13,Van,11,9.44,50.43,2.47
37.84,Bus,15,10.82,106.38,4.64
10.35,Bus,20,19.04,26.73,2.64
97.0,Bus,10,17.54,236.45,19.22
12.98,Sedan,1,5.82,21.37,0.77
11.96,SUV,4,10.15,29.72,1.35
41.4,Van,7,10.92,89.36,5.19
31.49,Van,12,8.63,43.65,3.39
34.59,SUV,3,6.1,55.91,2.24
23.62,Sedan,4,5.15,30.44,1.18
10.77,Van,6,15.31,19.71,1.68
58.05,Van,3,12.3,98.17,7.08
40.31,Sedan,3,6.73,72.69,2.66
14.27,SUV,5,8.73,21.62,1.42
38.11,Sedan,4,6.2,66.68,2.59
15.15,Sedan,2,7.9,24.42,1.24
16.75,Sedan,2,5.91,27.07,1.07
17.69,SUV,3,9.87,34.85,1.93
13.36,SUV,4,8.48,28.15,1.17
23.33,SUV,7,11.91,43.32,2.97
40.52,Van,6,12.34,75.6,4.55
29.43,Van,14,13.24,36.75,5.53
34.4,Sedan,2,5.8,47.26,1.95
26.05,Sedan,3,7.77,50.11,2.31
4.09,Bus,8,17.06,15.46,0.98
80.6,Sedan,4,6.63,83.12,6.31
44.99,Bus,23,22.91,95.0,13.71
26.94,Van,14,9.12,43.49,3.07
9.74,SUV,6,9.3,19.47,0.85
33.55,Bus,43,19.31,76.61,9.01
22.12,Sedan,4,7.12,33.85,1.64
25.14,Sedan,4,5.96,48.5,1.79
39.97,SUV,3,12.13,75.5,5.46
28.56,Sedan,3,4.95,61.68,1.88
50.54,Bus,41,22.38,121.93,20.16
16.26,Sedan,2,7.96,19.78,1.26
6.37,SUV,1,11.85,10.97,0.79
21.48,SUV,4,6.62,29.82,1.65
16.62,Van,9,9.44,40.53,1.63
30.72,Sedan,3,8.29,57.34,2.34
11.94,Sedan,2,4.25,19.71,0.44
16.27,Van,11,8.11,29.63,1.53
31.5,Sedan,3,5.91,38.69,2.33
18.72,Van,11,11.35,44.51,2.42
41.91,SUV,3,11.39,52.5,5.07
12.13,Van,14,10.67,36.93,1.56
9.2,Van,4,9.91,19.48,1.08
33.82,Sedan,4,6.87,64.07,2.67
8.05,SUV,2,9.7,17.07,0.82
4.79,Bus,19,19.32,11.87,1.26
9.07,SUV,1,8.73,22.43,0.67
43.92,Bus,29,12.13,117.88,7.91
14.56,SUV,1,7.62,27.87,1.34
16.93,Sedan,3,8.2,37.43,1.53
35.41,Sedan,2,6.72,51.76,2.35
40.01,Bus,30,17.03,109.83,9.34
35.96,Sedan,1,7.84,51.01,3.24
33.76,Bus,32,14.61,80.1,6.92
13.87,Bus,10,17.32,28.97,2.96
23.86,Sedan,2,6.67,38.43,2.1
7.99,Sedan,4,5.97,12.58,0.35
17.62,Van,11,11.18,23.42,2.14
5.7,Sedan,1,6.27,8.83,0.4
41.94,Van,1,8.48,83.04,3.5
16.94,SUV,6,9.27,29.41,1.99
23.38,SUV,5,7.01,49.99,2.07
15.29,Van,14,11.3,40.35,2.14
45.22,Sedan,4,8.15,78.62,4.19
7.5,SUV,6,8.58,23.7,0.69
9.74,Sedan,4,5.09,23.33,0.69
23.04,Sedan,2,6.35,37.55,1.53
23.85,SUV,6,7.75,35.93,2.0
42.22,Van,12,12.07,74.06,7.19
26.25,Sedan,3,6.32,45.66,1.74
23.72,SUV,6,11.56,46.19,3.36
12.92,Van,5,13.09,31.22,1.47
45.38,Sedan,3,6.32,58.77,3.24
19.58,Sedan,1,7.36,37.25,1.23
13.54,Bus,31,16.82,32.79,3.35
12.18,Van,14,11.06,30.15,1.74
23.52,SUV,7,8.46,35.07,2.27
7.17,SUV,1,10.15,14.29,0.82
7.63,Sedan,4,8.22,15.76,0.84
7.61,SUV,7,10.2,13.52,0.9
60.74,SUV,7,10.38,89.69,7.75
51.9,SUV,2,10.38,96.42,6.09
11.39,Sedan,2,7.16,16.66,0.94
26.67,Sedan,3,5.13,38.77,1.71
34.51,Sedan,2,8.54,48.61,2.85
29.02,Bus,8,23.41,46.9,8.74
9.04,SUV,3,8.65,16.63,0.88
12.66,SUV,5,8.44,28.11,1.02
26.39,Sedan,4,7.23,30.76,2.01
7.42,Sedan,2,7.16,20.51,0.59
43.52,Van,4,10.64,65.34,5.6
8.83,SUV,3,7.12,18.87,0.87
24.58,SUV,3,9.46,47.31,2.76
37.75,Sedan,3,7.16,39.2,2.5
40.6,Van,5,12.31,80.67,4.84
40.97,Sedan,1,6.92,58.27,3.33
13.08,Sedan,1,6.17,22.47,0.85
14.23,SUV,2,10.49,29.8,1.46
27.91,Sedan,3,6.58,45.6,1.64
33.77,Sedan,3,5.94,41.68,2.09
32.79,SUV,1,8.73,42.18,2.65
35.29,Van,4,7.86,74.95,3.6
30.26,Van,12,10.67,74.35,4.25
26.86,SUV,2,10.03,46.44,3.24
13.9,Sedan,4,6.91,26.68,0.79
27.36,Sedan,2,8.32,54.5,2.24
56.72,Bus,40,17.21,110.78,13.47
18.05,SUV,3,9.73,31.5,1.78
16.87,Van,13,12.43,38.23,2.12
32.01,Sedan,3,9.31,53.98,3.84
8.83,SUV,1,9.22,15.51,1.03
24.39,Sedan,4,5.25,43.15,1.17
42.41,SUV,5,10.27,78.21,4.29
24.53,Bus,15,23.6,51.21,6.57
24.44,Bus,9,17.03,50.84,5.21
3.76,SUV,5,10.26,7.33,0.41
18.34,SUV,5,10.84,34.14,2.29
10.73,Bus,40,21.05,30.71,4.01
8.31,Van,13,11.23,20.28,0.96
20.62,Sedan,4,5.66,39.64,1.07
33.73,SUV,4,8.88,64.61,3.02
19.6,Sedan,2,7.05,32.24,1.36
38.44,SUV,5,10.36,62.14,4.68
33.36,SUV,4,9.5,61.14,3.22
14.51,SUV,5,8.43,28.9,1.15
15.94,Sedan,1,7.17,33.46,1.22
4.84,Sedan,3,7.53,14.69,0.29
68.56,SUV,6,9.57,82.75,6.74
11.36,Van,13,9.49,28.37,1.37
25.01,Van,9,10.67,43.29,3.08
20.23,Sedan,4,7.64,41.24,1.9
54.89,Bus,23,13.85,105.4,10.0
27.26,Bus,6,11.72,62.94,3.06
22.09,Sedan,2,8.31,31.79,2.14
47.29,Sedan,2,7.11,84.55,3.28
25.01,Van,13,12.09,40.18,3.44
12.21,Van,2,9.06,26.85,1.17
30.95,Bus,23,20.21,58.52,7.23
8.0,Bus,17,18.83,25.08,2.21
10.93,SUV,1,6.62,21.77,0.85
16.49,SUV,5,11.14,36.97,2.12
9.18,Sedan,4,6.69,12.88,0.83
17.8,Sedan,1,6.02,28.21,1.15
2.45,SUV,7,8.43,17.95,0.2
24.6,SUV,5,5.98,45.19,1.44
29.87,SUV,1,9.89,48.14,3.45
14.96,Van,12,11.47,37.06,1.95
5.89,Sedan,1,6.27,13.92,0.35
21.69,SUV,1,10.92,34.95,2.8
33.3,Sedan,3,4.84,49.58,1.61
7.43,SUV,2,8.1,10.85,0.7
96.57,Van,13,9.47,148.63,12.95
25.12,Van,3,10.5,44.63,3.05
34.3,Bus,22,18.2,64.82,8.63
82.69,Sedan,3,7.02,129.25,6.84
28.65,SUV,6,8.48,44.96,2.72
11.91,Sedan,3,5.45,17.02,0.88
13.84,SUV,5,11.53,23.3,1.58
41.09,Bus,34,25.23,63.1,16.52
36.84,Van,12,11.26,80.68,4.22
41.55,Bus,7,15.73,119.19,6.5
32.13,Sedan,1,8.27,48.09,3.12
29.24,Bus,29,13.66,66.39,6.13
3.09,Sedan,2,6.1,9.04,0.31
35.02,Bus,9,15.91,73.86,6.16
28.17,Sedan,4,5.11,38.31,1.33
10.01,Sedan,3,6.16,15.53,0.78
13.88,SUV,5,7.7,33.11,1.25
38.12,Bus,25,18.04,71.84,9.13
83.62,Sedan,4,6.53,99.78,6.75
42.6,Sedan,1,5.75,68.37,2.83
57.92,Bus,30,16.89,146.48,15.98
6.95,Sedan,3,6.22,15.02,0.48
44.28,Sedan,2,7.47,64.55,3.37
35.98,SUV,2,8.78,45.23,3.49
27.06,Sedan,4,7.49,41.47,2.1
15.88,Bus,18,19.76,41.23,4.09
30.0,Van,2,12.03,61.2,4.02
39.36,SUV,1,11.08,63.84,4.07
22.99,Bus,21,14.64,60.49,5.0
13.33,SUV,1,8.29,29.02,0.96
52.57,Sedan,2,8.62,95.21,4.7
18.54,Sedan,1,6.19,32.46,1.15
27.68,SUV,5,4.78,49.49,1.55
4.17,Sedan,1,6.26,7.76,0.39
12.47,Bus,43,18.4,32.36,3.47
44.87,Van,11,6.29,76.79,3.48
42.74,Sedan,1,8.1,53.33,3.35
29.81,SUV,2,7.93,60.72,2.44
4.82,Van,4,11.59,8.1,0.84
13.8,Bus,15,17.32,26.36,3.35
67.37,Bus,9,14.13,161.09,11.35
23.37,SUV,6,7.39,57.0,2.17
38.39,Van,7,9.32,89.02,3.36
13.46,SUV,3,10.63,23.95,1.57
22.72,SUV,6,8.78,28.42,2.53
13.59,Sedan,3,5.87,33.08,0.78
17.35,Sedan,1,5.38,33.2,1.15
11.93,SUV,1,10.79,18.06,1.39
19.62,Sedan,2,8.26,39.27,1.92
20.3,Sedan,2,7.92,21.71,1.43
35.51,Van,4,11.89,63.64,4.21
5.75,Sedan,4,6.85,16.79,0.4
8.6,SUV,5,7.18,27.09,0.73
22.93,SUV,2,8.63,34.76,2.15
9.46,Bus,31,15.95,22.75,1.63
10.34,SUV,3,6.26,27.29,0.7
57.02,Sedan,4,7.77,79.33,5.43
34.07,SUV,3,7.96,48.35,3.02
19.68,Van,14,13.15,34.09,3.21
13.0,Bus,7,20.65,31.58,3.36
59.74,SUV,6,9.84,87.33,7.42
7.35,Sedan,1,7.24,23.99,0.61
41.24,Bus,31,16.15,78.48,9.54
62.01,Sedan,2,8.73,106.69,5.41
23.04,SUV,4,9.06,59.32,2.4
28.77,SUV,1,9.45,60.76,3.01
29.87,Sedan,3,5.72,54.76,1.75
35.2,Sedan,4,5.38,62.93,2.15
26.48,Sedan,4,7.07,49.56,1.93
28.39,Van,3,11.39,59.01,3.85
12.7,Bus,22,15.63,26.03,2.55
4.64,Sedan,2,4.77,7.66,0.31
39.6,Van,5,8.71,76.92,4.2
8.89,Sedan,3,7.94,13.63,0.68
54.43,SUV,1,8.08,106.08,5.26
20.52,Sedan,2,6.09,35.52,1.3
71.43,Bus,5,22.35,135.8,15.26
28.2,Van,11,8.98,53.08,2.76
16.57,Van,8,9.69,24.8,1.89
33.62,Van,2,9.62,56.51,2.84
66.26,SUV,4,11.43,109.48,9.51
24.07,Bus,17,23.98,53.62,7.96
23.29,Van,11,12.35,44.01,3.41
21.97,Bus,24,20.35,52.7,6.93
16.35,SUV,7,8.13,23.97,1.34
26.63,Sedan,4,8.84,45.1,2.94
29.27,SUV,3,9.4,45.5,3.35
70.68,Sedan,1,7.52,122.98,5.95
16.59,SUV,2,8.84,32.96,1.6
58.81,SUV,6,8.6,116.67,5.79
30.43,SUV,5,11.49,29.52,4.38
33.83,Sedan,3,7.15,39.06,2.18
14.9,Sedan,1,8.24,31.28,1.33
20.74,SUV,5,9.38,38.52,2.4
18.14,Bus,10,15.45,44.36,3.6
35.95,Sedan,1,5.8,60.57,1.95
11.14,SUV,4,9.15,18.33,1.37
10.68,Van,11,9.87,16.6,1.42
3.7,SUV,6,7.34,14.35,0.29
33.93,Sedan,2,7.94,69.27,3.41
8.74,SUV,3,8.18,24.78,0.82
22.55,Sedan,1,6.67,52.0,1.56
7.62,Bus,14,18.89,23.27,1.62
22.98,Sedan,1,5.79,34.2,1.43
22.05,Sedan,4,8.24,39.99,2.28
15.44,Sedan,3,5.16,33.07,0.75
29.4,Sedan,2,6.81,44.47,2.12
14.78,Van,14,11.44,31.49,1.7
39.0,Sedan,3,6.43,67.29,2.39
44.88,Sedan,4,4.94,82.71,2.81
46.56,SUV,1,10.31,62.42,5.58
22.8,Sedan,4,7.39,41.01,2.05
32.9,Sedan,3,5.69,48.48,2.16
22.75,Van,7,12.27,34.39,2.89
30.48,Van,12,11.67,46.85,3.96
23.54,Bus,7,14.16,45.93,3.58
25.16,Bus,31,15.44,53.25,6.66
56.06,Van,5,13.05,77.9,8.67
4.88,Sedan,1,6.87,15.41,0.28
25.89,Van,10,9.98,34.54,2.98
25.77,Van,11,9.45,60.76,3.2
14.43,Van,9,10.07,33.58,1.58
32.3,SUV,3,8.33,51.11,2.74
21.98,Sedan,3,5.48,28.78,1.06
15.72,Van,14,7.86,33.43,1.67
24.98,Van,12,13.05,50.55,4.25
58.04,Bus,24,20.91,106.76,16.99
85.65,Sedan,3,4.97,127.54,4.23
19.58,Sedan,1,6.66,37.76,1.28
18.16,Sedan,2,5.42,27.24,1.12
21.84,Van,2,10.53,41.17,2.83
6.43,Sedan,2,6.09,13.47,0.52
20.28,Sedan,3,5.99,26.21,1.41
4.73,Bus,13,24.01,14.81,1.3
12.43,Sedan,2,5.97,24.82,0.89
30.61,Van,12,9.55,68.45,3.48
11.08,Sedan,2,5.58,25.81,0.49
27.09,Van,6,12.88,54.27,3.68
18.28,SUV,3,6.52,38.74,1.18
14.58,Bus,23,15.71,31.47,3.71
40.26,Bus,10,22.34,65.51,10.4
24.08,Sedan,2,6.79,43.5,1.53
29.65,Sedan,1,6.73,45.04,2.15
18.16,Sedan,1,9.06,35.62,1.45
36.83,Van,13,11.44,83.77,5.8
9.36,Bus,27,15.88,30.71,1.77
46.09,SUV,1,8.58,55.47,3.52
2.75,SUV,5,7.3,12.97,0.2
3.22,Sedan,2,8.01,7.23,0.34
15.53,Van,11,12.03,26.8,2.08
18.03,Bus,12,21.37,51.16,4.76
17.59,Sedan,2,7.96,29.89,1.56
11.13,SUV,6,8.38,23.6,0.97
60.16,Sedan,3,5.37,83.04,4.03
21.18,SUV,3,8.92,45.36,2.11
46.65,SUV,6,7.69,86.23,4.53
5.15,Sedan,2,6.7,10.51,0.41
11.56,SUV,6,10.7,19.29,1.43
9.4,Sedan,3,6.3,13.84,0.85
4.31,SUV,6,9.22,15.02,0.51
25.45,SUV,2,8.86,41.62,2.0
15.16,Sedan,4,7.46,24.05,1.2
7.5,Van,9,9.8,18.4,0.7
12.38,Van,9,7.05,28.05,0.92
33.25,Sedan,1,7.07,39.05,2.91
51.94,Sedan,1,7.69,68.54,4.52
15.53,Van,9,11.8,36.5,1.99
13.48,Bus,34,16.08,32.52,2.69
16.27,Sedan,2,5.14,26.64,0.95
12.93,Sedan,4,7.09,20.5,0.87
13.59,Sedan,3,6.67,29.17,0.82
55.14,SUV,7,8.81,84.11,4.73
34.3,Sedan,3,8.69,57.59,3.42
37.72,Sedan,4,5.36,64.64,2.12
10.98,Van,6,14.2,31.19,1.51
33.03,SUV,5,9.05,55.19,3.81
18.8,Sedan,4,4.3,25.48,0.97
9.84,SUV,2,8.73,14.18,1.0
77.0,SUV,6,10.44,128.3,8.43
28.73,Sedan,3,6.06,42.91,1.94
54.23,Sedan,3,4.73,85.28,3.11
42.95,Bus,27,17.51,78.06,9.04
4.82,Sedan,4,5.47,8.36,0.41
11.21,Van,7,11.89,29.49,1.69
32.96,Bus,11,20.32,67.05,8.82
17.52,Sedan,1,5.23,23.89,1.0
29.05,Sedan,2,5.65,35.68,1.54
42.15,SUV,1,10.13,60.01,4.21
4.63,Bus,32,15.42,16.05,1.29
27.61,Bus,10,14.75,74.81,4.31
15.07,Van,11,8.88,21.36,1.72
35.29,Sedan,1,6.92,49.97,3.08
46.62,Van,6,11.56,65.85,6.93
21.14,SUV,4,7.97,29.24,1.74
19.33,SUV,5,9.01,41.43,2.27
28.7,Sedan,2,8.33,43.19,2.68
34.91,Sedan,4,5.33,70.44,2.26
68.1,Van,6,7.49,99.18,5.08
3.33,SUV,6,9.68,5.0,0.34
65.73,Sedan,1,6.37,96.51,4.57
43.65,Sedan,2,5.65,67.21,2.55
53.82,Bus,25,19.96,123.98,15.71
20.89,Van,9,12.51,35.38,2.8
16.82,Sedan,2,4.0,27.96,0.66
5.51,Sedan,2,5.72,7.72,0.2
13.62,Sedan,2,9.28,23.7,1.29
33.15,Bus,18,19.75,75.54,7.83
13.39,SUV,5,10.01,19.19,1.7
23.81,SUV,3,10.76,36.72,2.43
30.19,SUV,5,9.03,50.75,2.77
35.85,Sedan,2,7.46,43.41,2.76
74.71,Van,5,12.29,138.1,10.17
23.54,SUV,7,9.81,57.2,3.02
34.4,Sedan,4,6.11,53.18,2.11
17.93,Sedan,3,6.71,26.29,1.5
9.88,SUV,7,8.12,14.19,0.74
14.7,Bus,16,18.04,27.76,3.54
20.12,Sedan,3,5.1,25.6,1.12
30.12,Bus,11,15.63,45.88,6.04
66.48,Van,5,10.49,89.39,8.79
22.22,Sedan,3,5.37,45.1,1.49
15.88,Sedan,3,5.89,27.98,1.16
15.8,Sedan,2,6.3,19.22,1.24
27.4,Van,7,11.72,58.19,3.85
26.95,Sedan,1,7.64,47.45,1.94
25.61,Sedan,4,5.94,37.09,1.4
20.8,SUV,2,11.0,23.66,2.49
36.97,Van,9,12.69,70.69,5.85
4.26,Sedan,2,7.1,14.08,0.35
32.84,SUV,3,9.23,40.4,3.18
16.85,SUV,1,9.48,26.14,1.94
29.25,SUV,2,10.78,36.08,3.01
32.29,Van,13,13.2,62.94,5.4
15.6,Sedan,2,8.1,18.59,1.52
81.27,Van,8,11.07,145.26,11.92
11.07,Van,13,12.0,22.19,1.55
50.27,SUV,4,11.02,86.33,5.46
20.66,Van,13,9.88,34.53,2.23
40.62,SUV,5,8.52,70.93,3.62
5.91,Sedan,3,6.52,12.95,0.46
31.32,Van,6,12.62,49.54,4.8
21.83,SUV,1,10.37,32.18,2.58
33.15,SUV,2,8.65,57.47,3.24
33.05,Sedan,2,4.69,28.31,1.74
38.76,Bus,39,18.74,91.07,11.26
49.65,SUV,1,7.62,66.67,4.65
58.07,Sedan,3,4.71,107.01,3.23
7.31,SUV,5,7.1,16.82,0.45
5.3,Van,8,11.59,10.83,0.78
16.52,Van,6,13.45,24.45,2.37
26.05,SUV,7,9.06,40.95,3.02
16.99,Bus,14,18.63,56.44,3.79
40.96,Sedan,3,7.92,54.04,3.67
54.86,SUV,6,6.68,103.81,3.93
37.3,Bus,31,19.56,80.46,9.47
8.12,Bus,36,17.97,19.68,1.85
50.65,Van,3,12.02,111.83,7.9
15.09,Bus,11,16.55,49.34,2.89
3.63,Sedan,4,5.52,10.3,0.3
9.55,Bus,30,18.42,28.28,2.72
40.51,Sedan,2,8.48,49.95,3.34
33.57,Sedan,2,7.53,46.11,2.6
22.81,Sedan,4,5.89,42.51,1.71
18.03,SUV,6,6.99,27.88,1.54
8.74,Sedan,2,4.48,10.06,0.38
16.26,Sedan,2,8.08,29.02,1.78
7.09,Sedan,2,5.35,17.3,0.35
33.43,Sedan,1,6.11,46.95,2.14
39.98,SUV,2,10.98,67.81,4.27
34.55,SUV,6,6.58,38.27,2.78
42.16,Sedan,1,8.29,63.65,3.12
25.26,Van,13,10.54,45.33,3.73
40.97,Bus,42,14.55,103.58,9.04
2.1,Van,6,10.55,5.0,0.26
21.29,Sedan,2,5.63,27.76,1.52
33.96,Van,12,11.79,70.36,5.32
14.81,Sedan,1,5.72,29.95,1.0
20.29,Sedan,4,4.21,24.7,0.88
20.65,Sedan,3,6.24,33.63,1.56
23.51,Van,7,8.56,48.02,2.23
11.72,Sedan,3,6.75,27.15,0.78
20.75,Sedan,3,5.08,28.6,1.19
39.9,Sedan,4,5.91,58.1,2.89
8.57,Bus,19,18.55,24.21,2.22
12.22,SUV,2,8.68,33.72,0.98
22.14,Sedan,3,6.8,42.22,1.49
33.49,SUV,2,10.02,59.8,3.17
8.61,SUV,5,7.26,16.06,0.68
14.52,Van,1,10.88,23.15,1.35
57.39,Sedan,3,4.0,87.06,2.13
23.97,Bus,37,18.74,64.48,7.89
32.13,Sedan,2,6.14,37.42,2.07
42.39,Van,11,9.23,79.26,4.2
24.05,Sedan,3,6.88,36.02,2.01
8.85,Sedan,2,7.91,20.47,0.74
19.17,Sedan,2,5.93,19.09,1.37
33.43,SUV,4,7.58,57.81,2.67
35.64,Sedan,2,6.7,52.82,2.47
15.15,Van,8,8.6,35.05,1.34
14.03,Sedan,3,5.71,30.66,0.85
13.99,Van,1,13.2,27.46,2.1
35.88,Van,1,11.11,71.05,3.9
16.01,SUV,4,6.18,20.18,1.36
4.53,Van,1,7.77,6.77,0.38
17.94,Van,1,11.29,32.44,2.28
32.99,Sedan,3,7.53,44.59,2.48
40.73,Van,10,8.09,86.65,4.44
14.78,Sedan,1,7.04,15.31,1.15
21.95,SUV,3,11.0,33.32,3.05
21.19,Van,3,14.4,48.57,3.43
19.3,Sedan,1,6.9,27.85,1.48
19.22,Sedan,2,7.11,19.13,1.52
4.66,SUV,2,5.8,11.93,0.46
30.23,Van,11,14.78,55.91,4.44
41.47,Bus,30,16.27,75.37,9.69
19.63,SUV,7,7.6,42.27,1.87
10.51,Van,10,10.54,24.26,1.42
28.61,Bus,40,22.54,63.96,8.54
66.23,Sedan,2,9.15,79.96,5.48
27.99,Sedan,1,6.65,31.01,2.21
24.94,Van,5,12.8,46.15,3.1
11.23,Van,7,11.08,22.9,1.16
5.04,Bus,40,14.89,16.35,1.18
20.62,SUV,1,11.22,31.78,2.17
28.13,Sedan,3,5.75,47.57,1.42
50.18,SUV,4,11.3,83.71,6.98
24.27,Sedan,4,8.06,39.47,1.97
6.12,Sedan,4,7.24,13.32,0.5
11.39,Van,8,14.29,18.07,2.11
25.53,Sedan,1,9.18,40.01,2.74
25.46,Van,13,10.68,35.37,3.62
35.28,SUV,1,7.79,67.0,3.39
12.61,SUV,2,6.2,22.13,0.77
51.15,Sedan,2,9.19,89.17,5.6
29.81,Sedan,4,5.97,53.1,2.16
12.34,Sedan,1,7.86,23.59,0.87
18.74,Bus,39,15.78,50.6,4.22
8.89,Van,5,13.77,19.91,1.53
35.04,SUV,7,7.95,59.22,3.08
44.69,Sedan,4,5.07,67.85,2.13
61.55,Bus,20,17.37,110.5,15.36
21.49,Sedan,4,5.86,31.04,1.13
26.22,Sedan,1,7.22,47.26,1.88
24.75,SUV,5,8.92,51.43,2.81
43.12,Bus,39,19.88,110.05,12.0
13.46,Sedan,3,6.15,23.72,0.98
18.75,Sedan,2,5.7,23.86,1.03
26.95,Bus,16,16.25,50.94,6.19
41.52,Sedan,3,8.95,66.16,4.42
48.25,Sedan,1,6.77,56.92,3.44
38.89,SUV,3,6.02,76.31,2.9
19.9,Bus,25,16.44,52.5,4.69
32.06,SUV,5,9.15,56.6,3.21
22.67,Bus,21,23.54,61.53,7.07
15.91,Van,11,12.85,36.65,2.06
24.59,Sedan,4,5.39,43.47,1.57
90.91,Bus,40,25.26,161.02,33.52
13.25,SUV,4,8.95,27.92,1.35
14.39,Sedan,1,8.0,27.24,1.31
21.58,SUV,1,7.27,30.01,1.57
40.56,Sedan,3,4.0,76.35,1.75
6.02,Sedan,1,4.81,5.57,0.26
36.32,Sedan,3,4.0,66.31,1.54
15.51,SUV,3,12.17,18.14,1.82
34.58,Van,2,11.39,68.25,4.82
27.21,SUV,1,7.61,53.87,2.36
18.36,Bus,20,19.36,49.69,4.32
8.17,Sedan,4,6.73,14.56,0.61
41.49,Sedan,2,7.25,50.82,3.24
21.11,Sedan,3,7.95,34.6,1.68
18.31,Sedan,1,6.15,31.75,1.54
13.78,Sedan,4,5.44,21.43,0.57
28.75,Van,6,12.49,53.49,4.52
40.82,Bus,20,20.41,67.85,11.72
22.79,Bus,39,18.3,41.65,6.46
13.74,Sedan,2,9.11,27.91,1.43
46.95,Bus,36,16.69,99.55,13.35
10.65,Sedan,1,5.42,19.28,0.68
20.3,Sedan,3,7.0,38.6,1.47
43.3,Bus,29,15.98,119.95,8.76
19.18,SUV,3,9.74,32.74,2.19
7.72,Sedan,4,5.5,24.47,0.34
26.04,SUV,2,8.4,49.18,2.47
47.74,Sedan,1,8.77,77.3,4.58
15.65,Van,8,10.27,44.22,1.92
17.07,SUV,2,7.8,26.12,1.54
41.18,Bus,7,21.51,67.58,9.73
2.0,Sedan,3,5.24,6.05,0.2
48.5,Sedan,1,5.67,55.97,2.93
14.78,SUV,1,9.86,31.03,1.48
6.29,SUV,7,10.41,12.53,0.75
19.68,Sedan,2,7.96,30.31,1.41
33.2,Van,3,9.66,59.37,3.12
18.41,Bus,40,19.79,57.08,5.81
9.62,Bus,30,16.6,25.99,2.3
40.82,Van,12,9.91,59.16,4.38
20.69,Bus,15,21.61,55.11,5.81
5.51,SUV,6,8.18,11.58,0.55
6.03,Van,9,11.5,15.41,0.82
28.77,Sedan,2,6.69,48.82,2.39
7.79,Sedan,3,5.22,20.78,0.45
62.19,Sedan,3,7.66,85.04,4.83
24.09,SUV,2,9.84,46.4,2.68
12.61,Sedan,3,4.12,25.84,0.63
12.36,Bus,25,18.83,28.76,3.3
23.43,Sedan,2,5.57,30.11,1.22
53.75,Sedan,4,7.82,72.17,5.32
14.58,SUV,2,6.83,31.28,1.16
18.92,Sedan,4,6.07,27.95,1.17
28.28,Sedan,4,6.93,49.64,2.21
19.16,Sedan,2,6.57,33.06,1.41
7.6,SUV,3,10.14,21.29,0.79
23.52,SUV,4,6.72,52.94,1.77
14.35,Van,4,13.97,20.12,2.56
18.45,Van,6,11.95,36.76,2.27
58.25,SUV,2,11.04,102.41,7.19
19.16,Sedan,4,7.55,31.74,1.64
3.43,Sedan,4,6.49,15.71,0.38
17.87,Van,10,8.69,37.57,1.55
21.18,Sedan,2,5.82,28.18,1.43
32.83,Sedan,1,8.41,53.58,3.13
25.94,Van,3,13.49,52.26,4.1
25.68,SUV,1,8.07,38.92,2.55
27.13,Sedan,2,4.0,42.67,1.28
35.78,Sedan,4,6.24,53.1,2.51
7.47,Bus,27,17.14,21.5,1.86
71.27,Bus,22,17.25,118.0,14.0
17.17,Van,5,11.95,34.49,2.0
10.18,SUV,4,10.31,22.73,1.21
28.78,SUV,4,10.49,51.07,3.41
18.58,Bus,40,19.34,49.75,4.9
38.85,Bus,29,12.6,102.08,7.58
14.85,Sedan,4,6.09,18.69,0.97
42.09,Van,5,15.15,57.29,7.32
10.34,Sedan,4,6.95,16.16,0.87
62.6,Sedan,3,6.94,119.16,4.27
21.85,Van,6,11.65,47.3,2.64
52.32,SUV,6,9.62,91.52,6.53
9.15,Bus,20,10.85,26.32,0.97
34.75,Sedan,2,6.21,55.11,1.91
34.2,SUV,7,8.94,42.31,3.87
19.62,Bus,13,21.84,41.79,4.94
3.61,Bus,39,18.14,12.37,1.19
34.95,Sedan,1,4.52,46.78,2.02
17.7,Sedan,2,7.02,28.71,1.48
47.22,SUV,5,7.79,74.25,4.57
39.72,Sedan,1,5.04,46.46,2.17
47.08,Bus,10,15.5,108.08,9.19
31.31,Bus,5,19.63,79.62,7.98
23.93,Sedan,3,8.01,35.3,2.23
53.45,Sedan,1,7.08,104.13,4.29
87.21,Sedan,1,7.26,121.99,5.98
22.51,Bus,32,19.42,57.69,7.34
46.6,Sedan,4,6.62,83.59,3.07
13.84,SUV,3,10.05,19.74,1.38
9.95,SUV,6,5.37,25.86,0.56
14.03,SUV,4,9.17,27.87,1.29
13.17,Sedan,3,5.25,14.18,0.84
35.67,Sedan,4,7.9,58.25,2.66
15.99,Bus,8,17.56,45.54,3.02
10.6,Bus,10,18.09,23.1,1.97
10.69,Van,12,8.29,28.35,1.07
30.88,Sedan,4,7.72,39.86,2.85
35.52,Sedan,2,7.25,40.49,2.76
32.33,SUV,6,9.84,53.63,3.87
34.67,Sedan,3,5.52,55.35,2.34
17.72,Bus,32,15.68,55.42,3.4
69.88,SUV,2,9.34,111.62,7.51
18.01,Sedan,4,5.67,31.68,1.14
15.35,Bus,11,19.3,33.04,3.11
35.06,Bus,7,11.52,57.26,4.4
17.53,Sedan,1,5.91,19.86,0.96
15.14,SUV,4,11.7,25.86,1.85
18.56,Sedan,3,7.03,25.91,1.51
25.35,Sedan,1,6.7,47.51,1.43
42.11,Sedan,3,8.88,71.31,3.52
5.88,SUV,7,5.5,14.64,0.27
42.25,Bus,27,15.55,81.95,8.16
7.4,SUV,7,8.4,11.94,0.6
8.26,Sedan,1,7.53,12.82,0.7
26.23,SUV,2,10.31,51.38,2.64
6.28,Sedan,3,5.46,5.0,0.32
14.85,Bus,37,20.99,44.17,5.38
39.35,SUV,7,8.4,58.89,3.92
35.0,Sedan,4,7.95,44.67,2.59
42.07,Sedan,4,5.26,74.43,2.71
14.13,Van,14,10.78,37.26,1.86
18.09,Sedan,1,5.91,19.09,0.97
7.71,Van,5,12.9,23.61,1.17
18.52,Sedan,4,5.87,35.44,1.16
7.99,Sedan,1,6.45,17.71,0.67
89.21,SUV,7,9.76,100.7,10.74
29.25,Bus,11,19.64,50.02,6.04
25.19,Bus,20,20.66,44.92,5.9
13.54,Sedan,2,6.75,21.21,1.25
12.65,Sedan,4,6.0,22.87,0.82
16.33,Sedan,4,6.08,25.74,0.95
27.29,SUV,6,9.04,50.12,3.0
10.05,SUV,7,9.37,36.11,0.98
7.83,Bus,19,17.56,13.47,1.93
2.0,Bus,5,18.06,13.4,0.35
29.72,Sedan,4,4.68,54.84,1.57
20.08,SUV,3,10.0,40.2,2.52
16.26,Bus,11,18.54,21.75,4.13
9.92,Van,2,12.8,17.58,1.26
16.31,Sedan,3,6.5,36.05,1.46
47.76,Sedan,3,4.41,62.4,2.02
12.18,SUV,5,8.46,17.89,1.14
31.96,Sedan,3,6.26,41.48,1.74
34.96,Sedan,4,7.39,57.01,3.01
9.34,Sedan,2,4.02,25.04,0.33
10.7,SUV,7,9.06,20.56,1.1
20.83,Sedan,4,7.12,40.36,2.07
67.7,Sedan,2,5.71,92.11,4.23
39.53,Sedan,4,6.59,62.73,2.72
20.85,Van,11,9.87,30.38,2.72
40.38,Bus,20,15.81,82.54,8.8
3.35,SUV,6,8.39,10.07,0.2
19.68,SUV,6,7.93,31.74,2.05
3.18,Bus,18,20.05,11.57,0.77
24.13,Sedan,3,5.62,38.3,1.66
33.92,Sedan,1,5.42,49.09,1.65
14.81,Sedan,4,8.62,26.69,1.31
14.28,Sedan,2,7.65,13.97,1.38
21.19,Sedan,2,4.27,25.54,0.83
15.72,Bus,10,15.71,27.11,3.37
17.45,SUV,6,9.36,29.59,1.78
42.97,SUV,3,9.49,59.93,4.6
35.05,Bus,42,13.53,77.74,7.99
27.5,Sedan,3,7.89,54.38,2.21
6.56,Sedan,3,7.49,7.59,0.64
30.73,SUV,7,9.72,62.1,3.11
20.64,SUV,3,11.04,27.81,2.55
15.89,Sedan,1,7.04,19.86,1.35
17.53,SUV,1,9.67,30.8,1.69
48.38,SUV,3,11.34,77.78,5.96
38.63,Van,1,12.98,53.88,4.92
17.31,SUV,4,7.74,34.0,1.36
55.14,Sedan,3,7.26,60.17,3.91
36.82,Sedan,2,5.7,58.02,2.59
12.58,SUV,2,9.76,31.86,1.29
12.35,Sedan,4,7.07,6.02,0.97
23.88,Bus,7,13.85,64.9,4.26
10.55,SUV,2,8.82,14.64,0.89
59.11,Sedan,4,6.82,75.01,4.91
24.32,Van,6,10.21,45.79,2.9
11.1,SUV,2,9.47,26.02,1.28
50.57,Sedan,4,7.47,82.96,3.79
3.07,Van,13,10.94,13.75,0.38
24.43,Bus,20,18.67,51.11,6.67
20.04,Van,7,13.49,30.03,2.6
7.68,Sedan,1,7.07,10.7,0.5
53.22,SUV,7,9.3,84.31,6.6
15.24,Van,10,9.28,22.55,1.51
13.88,Sedan,3,7.31,26.91,1.02
35.3,Sedan,3,6.9,34.14,2.33
23.76,Bus,36,21.85,60.94,7.41
11.38,Sedan,4,6.56,21.87,0.88
15.11,Van,3,7.73,26.47,1.19
48.96,SUV,2,6.45,93.36,3.05
18.47,SUV,6,10.1,22.95,2.48
66.81,Sedan,1,5.82,86.72,4.63
10.41,Van,8,11.79,19.62,1.36
16.79,Sedan,4,6.64,23.14,1.18
12.9,SUV,7,8.75,14.75,1.34
33.59,Van,1,10.83,64.47,4.52
68.77,Van,14,9.44,117.82,9.17
22.66,Bus,34,17.95,32.6,6.79
25.42,SUV,7,8.12,36.74,2.41
16.19,Sedan,4,6.05,25.84,1.03
7.1,Bus,5,17.03,17.74,1.58
18.55,SUV,6,8.66,21.77,1.86
29.02,Sedan,2,7.61,50.46,2.43
14.56,Sedan,1,6.34,26.54,1.07
7.75,Van,6,12.84,19.64,1.2
2.11,Sedan,2,8.35,8.03,0.2
55.06,Van,13,12.54,101.53,7.99
16.03,SUV,6,9.8,17.84,1.58
28.2,Sedan,1,6.89,41.4,1.98
41.5,SUV,7,10.3,76.7,4.74
46.87,Sedan,4,6.61,82.01,3.85
14.27,SUV,6,10.48,31.71,1.49
27.43,SUV,5,9.92,42.89,3.44
29.44,SUV,4,8.46,41.49,2.56
37.82,Van,14,12.61,67.97,6.7
29.22,Van,6,11.16,55.63,3.04
25.44,Van,13,10.81,36.65,3.35
10.54,Sedan,3,5.93,17.8,0.57
33.04,Sedan,1,6.7,54.31,2.45
21.2,SUV,2,10.49,39.72,2.0
50.92,Bus,35,20.67,113.14,16.81
33.2,Van,4,11.64,66.09,4.06
4.38,Van,6,12.08,17.9,0.7
9.97,Sedan,1,8.03,20.36,0.92
16.27,SUV,1,8.78,27.9,1.49
20.81,SUV,2,7.33,42.99,1.69
73.76,Sedan,1,8.06,81.27,5.51
35.65,Sedan,1,5.86,61.79,2.42
12.94,Bus,41,15.93,38.47,3.34
36.29,Sedan,3,4.34,61.85,1.35
24.66,Sedan,3,7.19,35.95,1.98
36.52,Sedan,4,4.55,65.97,1.83
17.35,Bus,28,15.75,39.81,3.8
77.83,SUV,1,9.88,95.11,8.99
54.89,Van,2,12.3,88.02,7.25
32.37,Bus,14,16.04,61.29,5.8
15.92,Sedan,4,6.34,21.91,1.16
36.49,SUV,2,7.69,57.59,3.28
7.12,Sedan,2,5.84,15.17,0.33
57.37,Sedan,1,6.82,108.88,4.66
49.88,Van,13,10.1,102.36,6.28
30.02,Van,6,10.56,66.42,3.78
10.81,Sedan,1,4.74,20.45,0.47
17.27,Sedan,2,7.86,26.26,1.36
3.3,SUV,2,9.77,21.0,0.35
3.43,Sedan,3,7.45,7.61,0.22
18.99,Sedan,2,8.05,30.83,1.45
10.04,Sedan,3,5.51,18.38,0.55
4.58,Sedan,4,6.07,7.31,0.36
15.89,Van,2,7.59,34.76,1.1
16.9,Sedan,4,10.27,16.21,2.19
8.16,Sedan,1,6.32,16.04,0.35
26.66,SUV,3,10.56,43.64,3.32
40.21,Bus,36,14.29,97.54,8.34
27.69,Sedan,1,7.7,40.66,2.67
20.8,Sedan,2,8.73,29.8,2.15
21.98,Sedan,3,6.43,39.42,1.31
18.0,Van,2,9.18,27.27,1.73
15.77,SUV,6,8.79,29.95,1.39
27.32,Van,1,6.99,53.22,2.34
28.29,Bus,44,17.89,62.54,9.15
22.1,Van,1,12.48,38.5,2.55
16.18,SUV,5,8.95,25.32,1.49
10.69,SUV,3,8.57,28.91,1.18
5.93,Sedan,1,7.13,13.34,0.57
10.7,Bus,36,19.81,17.29,2.97
16.08,Sedan,2,4.51,42.06,0.73
17.19,Sedan,3,6.61,23.2,1.37
88.14,Van,3,15.38,156.06,12.41
37.67,Sedan,4,4.9,41.76,1.94
27.43,SUV,4,8.87,52.16,2.42
32.42,SUV,7,11.91,70.7,4.27
76.82,SUV,3,10.66,112.09,9.41
13.16,Van,7,10.08,23.35,1.56
59.05,Sedan,4,6.75,95.3,4.41
2.2,SUV,2,9.0,6.66,0.23
18.78,SUV,3,7.88,33.9,1.84
9.56,Van,5,10.87,21.3,0.99
5.56,Van,1,10.5,16.56,0.71
49.82,Sedan,1,6.64,87.8,3.28
18.57,SUV,3,7.88,31.24,1.77
16.41,Sedan,4,4.97,36.24,1.02
18.76,Bus,5,17.88,36.5,3.42
23.87,Sedan,2,8.56,35.0,1.99
11.78,Van,1,11.15,26.91,1.62
5.49,Sedan,3,6.1,9.78,0.35
20.92,Sedan,2,7.4,35.06,1.64
24.01,SUV,6,8.76,47.59,2.6
52.24,Bus,29,23.6,120.95,19.7
20.37,SUV,4,8.99,35.64,2.11
22.96,Bus,41,20.1,65.01,8.01
10.09,SUV,3,7.87,18.26,0.81
10.12,SUV,6,9.75,18.56,1.21
27.55,Sedan,4,6.83,46.79,2.13
34.85,Van,12,10.9,85.73,5.14
42.07,Sedan,3,5.9,80.9,2.51
26.51,Bus,11,16.09,54.53,5.57
11.72,Bus,15,18.85,33.38,2.96
6.1,Bus,14,19.89,22.54,1.6
9.41,SUV,6,8.81,13.04,0.99
26.46,Van,3,11.52,33.82,3.4
6.74,Van,14,10.93,8.89,0.71
9.65,Sedan,1,6.62,16.53,0.87
12.8,SUV,4,8.7,15.51,1.32
30.63,Sedan,2,6.52,53.4,2.14
47.54,SUV,4,13.05,79.91,6.07
22.37,Sedan,1,6.87,31.52,1.78
25.33,Sedan,2,7.27,42.65,1.72
20.74,Sedan,3,7.03,30.82,1.21
18.89,SUV,7,8.61,23.86,1.69
28.8,SUV,5,10.94,47.14,3.86
19.0,Sedan,1,6.15,37.99,1.43
56.7,SUV,2,10.58,67.92,5.74
24.38,Sedan,1,6.1,29.52,1.87
26.17,SUV,4,7.56,50.76,2.3
21.17,SUV,3,9.55,29.42,2.63
36.05,SUV,2,7.34,70.4,2.5
12.53,Van,13,11.96,18.89,1.85
10.04,Sedan,4,5.07,18.45,0.59
32.99,Van,3,10.43,69.47,3.64
24.3,SUV,6,6.85,41.47,2.12
33.28,SUV,2,13.24,46.23,5.4
17.09,SUV,6,6.52,33.02,1.4
23.24,Sedan,2,6.51,49.75,1.42
15.57,Van,9,13.06,36.9,2.01
20.45,SUV,6,10.55,40.27,2.32
6.22,Sedan,1,7.52,5.35,0.52
3.29,Sedan,4,6.12,10.45,0.2
7.08,Sedan,4,8.12,14.1,0.76
35.46,Bus,31,20.74,60.7,10.38
34.76,Van,12,11.38,57.54,4.36
58.19,Sedan,4,6.79,95.96,4.94
33.69,Sedan,2,6.14,51.15,2.48
16.31,SUV,6,7.64,18.61,1.39
20.83,Van,2,13.23,50.93,3.37
3.2,Sedan,4,8.07,5.88,0.26
16.46,Sedan,2,5.44,28.54,1.09
23.28,Bus,42,17.54,68.46,7.37
39.94,Sedan,2,6.33,59.39,2.43
22.02,Sedan,1,6.46,36.53,1.49
8.88,Bus,36,18.19,23.76,2.51
38.4,SUV,2,10.42,40.21,4.31
14.99,Sedan,2,5.6,33.07,1.03
11.65,Sedan,1,5.48,28.1,0.94
20.05,Sedan,2,7.98,29.82,1.73
14.86,Sedan,2,5.94,23.88,0.93
23.25,Bus,15,14.21,47.76,4.19
32.04,SUV,6,8.27,65.18,2.84
16.5,Van,3,10.41,37.85,1.77
16.74,Bus,44,22.66,29.66,6.75
32.15,SUV,2,10.39,66.71,4.05
32.21,Sedan,2,7.88,45.69,2.96
24.71,SUV,2,10.23,28.38,2.72
19.31,Bus,39,20.84,47.2,6.66
44.32,Van,4,9.76,71.99,5.53
12.89,Sedan,1,6.26,23.44,0.79
32.42,Van,5,9.22,47.82,3.57
12.47,SUV,6,8.68,23.1,1.3
22.84,Bus,40,20.05,63.5,7.4
7.88,Sedan,2,6.66,13.38,0.44
23.32,SUV,3,10.97,41.61,3.33
45.96,Bus,11,14.58,102.54,6.9
37.07,SUV,5,9.75,69.59,3.68
4.29,SUV,4,7.13,15.23,0.27
44.81,Sedan,4,6.61,71.11,3.35
14.54,Sedan,3,7.39,27.65,1.1
29.11,Sedan,4,6.24,34.71,1.67
20.9,Bus,29,19.65,42.87,5.12
13.69,Sedan,2,5.35,28.5,0.69
26.99,SUV,4,6.5,36.51,2.12
14.09,Van,8,12.0,44.25,2.29
33.31,Sedan,1,8.59,57.19,2.8
13.93,SUV,1,7.51,24.76,1.28
12.77,Van,14,13.2,29.56,1.99
33.82,Bus,41,18.13,62.63,9.92
72.73,SUV,7,7.0,88.36,5.98
39.43,Van,7,8.96,66.99,4.03
35.93,Sedan,2,6.52,65.93,2.59
21.49,Bus,38,16.79,54.85,6.15
32.04,Sedan,4,4.92,53.99,1.93
16.46,Van,11,7.95,33.6,1.77
50.52,Sedan,3,5.48,63.73,2.78
5.56,Bus,43,18.58,20.79,1.29
20.83,Van,3,10.99,38.32,2.66
17.61,Van,9,10.1,29.15,2.12
21.59,Sedan,3,6.74,42.67,1.71
13.25,SUV,6,10.56,29.8,1.39
24.01,SUV,4,9.59,41.37,2.9
12.95,Van,12,10.78,29.47,1.7
15.69,Sedan,2,7.61,39.72,1.14
29.79,Bus,31,15.12,66.91,5.84
87.37,Bus,41,17.33,229.2,26.23
15.53,Sedan,3,6.26,18.37,1.0
26.98,Van,7,8.77,52.73,2.84
43.06,SUV,6,8.37,72.87,4.04
28.08,SUV,4,5.89,57.84,1.75
18.93,Sedan,4,8.79,30.16,2.13
18.71,SUV,4,7.59,25.46,1.49
45.03,Van,2,13.86,88.84,7.23
4.14,SUV,5,9.06,13.19,0.41
23.87,SUV,5,9.85,40.35,2.33
17.15,Van,8,10.12,38.11,2.12
6.13,Van,13,11.37,15.65,0.91
22.35,Sedan,2,7.28,31.17,1.62
13.96,Bus,41,19.99,46.1,4.41
9.67,SUV,7,10.16,18.88,0.98
48.29,Sedan,3,6.06,66.58,3.47
11.04,Sedan,2,5.92,21.93,0.78
8.99,SUV,7,6.61,16.18,0.81
7.1,Bus,27,19.57,21.35,1.79
26.18,Sedan,1,7.8,32.78,2.45
28.12,Van,1,13.91,48.41,4.31
71.99,Sedan,1,6.87,127.0,5.12
17.38,SUV,7,7.85,30.18,1.48
15.4,Bus,25,12.91,47.86,2.79
8.73,Van,11,12.88,19.72,1.28
29.17,Sedan,4,4.34,40.43,1.25
6.85,SUV,2,8.49,16.92,0.57
13.81,Sedan,3,6.23,32.19,0.94
25.21,SUV,2,8.9,36.48,2.31
14.21,Van,7,11.06,35.57,1.56
13.92,Van,9,11.25,17.38,1.58
12.14,Sedan,4,4.0,24.64,0.42
50.03,Bus,23,18.04,97.91,13.63
13.37,SUV,6,5.66,23.94,0.73
29.42,Sedan,4,7.38,52.66,2.62
12.72,SUV,5,8.17,25.33,1.33
15.26,SUV,5,5.76,29.7,1.06
21.73,SUV,3,7.78,33.5,1.96
47.22,SUV,5,8.14,74.45,4.04
3.29,SUV,4,10.79,10.88,0.47
43.78,Sedan,2,6.74,67.73,3.37
10.93,Van,12,11.62,24.55,1.65
23.64,SUV,5,10.77,29.61,2.35
20.13,Sedan,2,6.38,35.39,1.41
8.05,Van,6,12.36,19.31,1.33
14.01,Bus,18,20.05,34.15,3.44
20.18,Bus,36,14.14,57.18,4.95
7.47,Sedan,1,8.27,12.57,0.66
38.14,Sedan,1,4.8,61.16,1.76
21.82,SUV,3,10.38,46.83,2.16
14.44,Sedan,4,4.68,33.38,0.85
16.77,Bus,8,19.8,34.77,3.38
37.99,Sedan,2,8.73,63.96,3.56
43.57,Sedan,2,6.24,78.56,3.28
11.54,SUV,3,8.62,23.64,1.08
8.65,Sedan,3,7.23,19.48,0.66
31.89,Van,2,10.41,49.63,3.27
9.58,SUV,2,11.73,15.48,1.26
28.16,Sedan,3,6.73,51.47,2.25
10.61,Sedan,1,6.12,19.39,0.82
10.55,SUV,7,8.19,22.36,1.09
6.09,Sedan,2,5.38,17.83,0.42
61.11,SUV,6,8.06,79.13,5.89
43.74,SUV,1,8.47,61.03,3.56
17.27,Van,10,10.12,35.86,1.9
24.44,Bus,10,16.03,60.09,4.01
23.98,Bus,21,24.3,59.19,7.36
61.73,Bus,23,14.91,163.03,10.48
27.27,Sedan,4,6.68,36.35,1.95
35.79,Sedan,4,7.21,54.15,2.49
48.12,Sedan,1,7.26,82.92,3.85
11.34,Bus,6,17.82,32.75,2.06
12.71,Bus,19,17.28,35.5,2.85
43.63,Bus,27,19.35,85.13,13.65
16.86,Sedan,3,6.82,25.43,1.42
10.19,Bus,37,17.22,32.32,2.8
23.09,SUV,6,6.66,43.0,2.05
42.79,Sedan,2,5.94,51.05,2.22
65.66,SUV,5,7.28,93.92,5.02
54.33,Sedan,3,5.7,76.73,3.79
2.54,SUV,6,9.05,12.03,0.43
17.23,Sedan,2,6.93,36.75,1.17
8.28,SUV,3,11.67,19.98,0.96
11.75,SUV,4,8.19,16.5,0.95
23.63,Bus,9,20.32,52.15,6.35
23.54,Van,14,11.55,36.71,3.42
2.62,SUV,3,10.94,7.22,0.29
11.8,Van,12,12.04,17.82,1.71
56.62,Bus,43,14.97,140.82,12.62
6.86,Sedan,3,4.43,5.92,0.41
42.9,SUV,4,9.47,76.21,3.77
14.58,Sedan,1,5.87,31.1,0.95
20.87,Sedan,2,5.32,34.91,1.28
46.35,Van,13,8.72,96.75,5.33
17.86,Bus,43,18.48,48.58,5.68
58.79,Sedan,1,8.31,77.01,5.47
6.65,Van,10,10.26,11.33,0.84
37.59,Bus,32,19.77,98.25,10.25
34.64,Bus,34,17.69,56.04,8.23
54.77,Sedan,4,4.95,78.42,2.57
30.91,Bus,12,20.2,89.34,6.76
19.16,Sedan,3,5.19,34.43,0.97
11.16,SUV,6,9.03,30.27,1.29
16.8,Sedan,1,6.09,19.23,1.0
5.98,Sedan,1,7.57,9.22,0.4
36.34,Van,9,9.1,81.51,3.8
20.78,SUV,3,9.59,37.29,1.98
18.8,Sedan,1,5.49,21.97,0.98
15.92,Sedan,2,5.89,28.18,0.87
33.41,Van,7,4.46,63.48,2.03
18.71,Sedan,3,9.01,27.92,1.61
22.23,Van,4,11.99,41.26,2.7
21.96,Sedan,2,5.58,38.64,1.59
30.65,Sedan,1,5.15,52.12,1.61
29.19,Sedan,2,5.91,55.06,1.81
46.29,SUV,6,10.08,78.16,4.53
42.67,Sedan,3,4.23,64.69,2.11
15.74,Sedan,1,6.33,28.34,1.18
64.12,Bus,37,23.31,101.29,20.13
28.93,SUV,5,7.3,39.25,2.77
72.63,Sedan,4,6.6,113.52,5.32
26.44,SUV,6,12.3,33.06,4.1
16.84,Bus,31,19.9,44.62,5.25
14.3,Sedan,3,6.65,27.38,0.99
5.53,Sedan,3,7.11,12.55,0.49
24.96,Van,5,10.28,53.22,2.68
25.85,SUV,5,10.95,30.49,2.56
21.02,SUV,3,8.4,30.98,1.84
27.49,Sedan,2,4.15,36.93,0.96
7.62,Sedan,3,6.03,15.5,0.64
19.83,SUV,2,7.55,37.7,1.74
9.22,Sedan,3,6.16,10.61,0.56
28.04,SUV,2,8.61,39.44,2.43
23.77,SUV,7,10.8,41.48,2.89
42.42,Sedan,4,7.33,70.65,3.15
17.2,Bus,44,18.79,32.69,5.45
42.26,Van,5,10.99,90.13,5.17
19.72,Van,9,9.09,44.14,2.06
33.07,Sedan,1,4.0,37.09,1.48
12.2,Sedan,1,6.64,16.48,0.67
22.0,SUV,3,10.19,41.67,2.03
20.47,Sedan,4,6.37,32.91,1.19
43.98,Bus,41,16.4,78.36,12.15
20.43,Sedan,2,7.06,38.72,1.4
20.58,SUV,2,8.88,38.85,2.23
69.36,Sedan,1,8.52,126.93,5.34
36.52,SUV,5,10.85,69.43,4.53
17.7,Sedan,1,7.65,27.42,1.14
30.98,SUV,3,10.14,53.64,3.83
38.78,Sedan,2,4.95,62.23,1.97
23.26,Bus,18,19.99,64.71,6.19
35.65,Sedan,2,6.95,66.57,3.1
21.97,Bus,40,19.82,54.59,5.76
44.18,Van,7,11.89,96.26,5.96
4.78,Sedan,4,7.04,12.53,0.49
10.85,Van,11,15.86,22.8,1.96
16.21,Sedan,2,6.41,35.39,1.1
35.6,Bus,36,20.81,87.74,11.29
27.32,SUV,2,8.29,47.58,2.26
12.59,Sedan,1,7.45,20.95,1.05
23.83,Sedan,3,7.63,38.26,2.04
4.99,Sedan,2,6.94,11.59,0.37
6.9,Bus,29,23.01,11.43,2.5
6.12,Sedan,4,5.44,5.0,0.52
9.43,Van,10,10.12,15.89,1.15
34.62,SUV,2,9.32,48.17,3.79
27.97,Bus,43,20.64,73.73,9.5
18.09,Sedan,2,6.72,35.81,1.47
35.33,SUV,7,10.93,60.68,4.06
45.93,SUV,3,8.01,84.82,3.64
9.76,Van,4,8.95,21.14,0.98
43.2,Sedan,2,6.87,51.7,3.83
12.52,Sedan,1,6.41,28.23,0.76
14.19,Sedan,4,7.15,29.47,1.13
61.1,Van,6,10.95,126.27,6.32
24.4,Sedan,4,6.09,43.99,1.65
15.66,SUV,2,8.89,27.22,1.52
31.45,Sedan,2,6.53,61.9,2.14
38.09,Bus,5,17.09,92.68,6.94
24.59,Bus,27,17.39,68.33,5.42
15.67,SUV,1,8.39,31.05,1.68
27.19,Sedan,4,7.53,28.03,2.46
32.76,Sedan,1,6.73,36.84,2.02
19.97,Sedan,2,9.21,42.22,1.68
58.87,Sedan,2,6.69,64.82,3.86
26.45,Van,13,10.01,54.71,3.21
36.79,SUV,4,13.01,61.66,5.68
37.48,Bus,30,19.24,73.14,11.94
7.13,Sedan,3,7.69,11.06,0.61
31.55,Van,7,12.07,43.88,4.47
33.56,SUV,4,9.93,40.38,3.82
15.49,SUV,3,9.8,20.54,1.69
13.82,Sedan,1,5.18,14.3,0.68
7.03,SUV,4,9.55,11.29,0.89
48.51,SUV,5,7.01,82.08,3.45
12.07,Van,10,10.69,21.98,1.47
7.29,Bus,40,15.82,21.83,2.05
17.53,Sedan,3,6.93,33.38,1.36
10.56,Sedan,4,6.9,26.9,0.79
7.19,SUV,6,9.72,22.07,0.88
76.6,SUV,5,9.43,122.03,8.62
10.08,Sedan,2,5.77,22.51,0.6
12.63,Van,12,10.53,21.04,1.69
23.78,Bus,38,20.76,46.63,6.94
7.1,Bus,31,21.2,19.66,1.78
20.6,Sedan,2,5.12,31.15,1.22
32.24,Bus,16,13.41,74.82,5.93
25.41,Van,6,9.69,48.66,3.04
29.01,SUV,6,10.57,51.01,3.94
20.1,SUV,4,10.82,45.46,2.43
15.87,Van,8,9.34,25.46,1.95
29.35,SUV,1,9.46,49.74,3.14
28.06,Sedan,2,8.7,43.73,2.41
9.74,SUV,5,9.62,26.92,1.08
23.55,SUV,1,11.13,24.1,2.66
21.02,Sedan,4,7.7,34.97,1.67
32.77,Bus,29,15.27,70.39,6.09
27.05,Van,10,10.66,59.86,3.53
45.59,SUV,4,9.05,79.98,4.43
38.43,Sedan,4,6.62,50.35,2.47
41.28,SUV,6,10.37,57.44,5.15
33.35,Sedan,2,6.99,58.7,2.72
40.13,Sedan,2,4.0,54.69,1.41
16.87,SUV,1,7.03,25.47,1.5
37.49,SUV,3,5.72,56.41,2.68
21.09,SUV,7,9.26,32.61,2.51
7.31,Sedan,4,6.79,15.15,0.51
37.16,SUV,5,9.42,73.08,4.57
25.54,Sedan,1,5.35,50.86,1.8
50.43,Bus,35,20.02,96.87,15.17
23.37,SUV,7,10.07,47.3,3.18
12.38,Van,11,8.74,29.13,1.37
14.75,Sedan,3,4.74,20.71,0.68
18.81,Sedan,3,6.5,39.89,1.57
26.03,Bus,14,23.38,60.62,7.57
40.48,Sedan,4,8.54,66.94,3.56
25.68,SUV,4,9.85,56.19,2.36
9.57,SUV,3,7.91,18.66,0.75
26.24,Sedan,4,7.56,31.99,2.29
44.45,Van,8,10.19,82.32,5.85
23.71,SUV,2,7.85,41.48,2.1
28.88,Sedan,2,4.0,45.48,1.28
20.62,Sedan,1,6.62,29.97,1.42
20.5,Sedan,1,5.74,39.87,1.27
41.45,Bus,5,18.29,95.95,8.78
35.23,Van,3,6.86,78.76,2.62
80.23,Sedan,1,6.7,141.38,6.71
15.88,Sedan,4,4.0,19.86,0.74
13.58,Van,8,12.96,27.2,2.19
7.53,SUV,1,9.78,13.41,0.94
18.68,SUV,4,8.58,23.41,1.96
21.27,Sedan,4,7.18,32.59,1.57
13.13,Sedan,3,5.33,20.38,0.68
29.34,Van,4,11.13,51.86,4.03
35.67,Bus,37,20.38,70.53,12.79
28.51,Sedan,4,4.0,52.66,1.15
10.46,SUV,3,8.33,10.56,0.87
13.86,SUV,5,8.97,21.97,1.22
23.03,SUV,3,8.71,35.31,2.42
43.1,Sedan,4,8.25,70.32,4.38
19.95,Van,8,8.98,43.65,1.96
4.14,SUV,4,8.07,12.53,0.34
18.56,SUV,2,6.13,32.22,1.3
22.1,Sedan,3,8.31,32.88,1.97
53.65,Sedan,1,6.2,93.74,3.29
4.1,Sedan,4,5.97,14.64,0.31
35.84,Van,14,10.91,47.27,4.37
7.62,Sedan,2,7.26,12.88,0.6
16.2,Van,7,11.63,36.44,1.95
27.93,Sedan,4,9.68,40.72,2.48
38.75,SUV,4,9.68,51.79,3.69
13.96,SUV,6,8.3,35.86,1.25
16.58,Sedan,3,5.83,34.54,1.1
19.78,Sedan,3,6.03,34.54,1.16
13.4,Sedan,3,4.7,21.3,0.75
50.5,Van,1,11.07,68.21,5.82
25.46,Van,5,12.41,49.23,4.09
34.0,Sedan,2,5.76,67.36,2.39
19.94,SUV,6,7.79,41.89,1.58
4.07,Sedan,2,8.32,8.96,0.32
19.83,Sedan,3,4.79,40.42,0.94
40.9,Sedan,3,4.02,77.25,1.89
21.97,Bus,43,14.54,40.33,5.59
30.71,Sedan,2,4.65,34.16,1.34
17.39,Sedan,2,6.96,22.83,1.54
14.22,Sedan,4,6.07,31.27,0.94
24.82,Sedan,1,6.24,31.66,1.87
12.35,SUV,7,10.73,12.77,1.5
6.62,Sedan,3,5.67,6.76,0.46
17.48,Sedan,1,7.43,32.27,1.37
57.62,SUV,6,11.27,97.47,7.99
30.09,Sedan,2,5.95,49.05,2.2
15.62,Van,14,12.33,25.02,2.26
30.87,SUV,7,8.64,46.02,2.87
44.52,Sedan,1,7.61,57.07,3.37
13.26,Van,13,8.17,39.82,1.39
30.84,Sedan,2,4.53,50.59,1.81
17.18,SUV,7,8.41,26.28,1.47
47.56,SUV,1,7.67,57.2,3.85
15.47,Sedan,3,5.88,28.75,1.1
16.81,SUV,2,8.67,36.67,1.63
28.81,Bus,10,20.16,76.23,7.57
11.99,Bus,38,16.78,33.01,2.54
11.44,SUV,1,7.76,18.16,0.87
46.37,SUV,2,8.47,56.28,3.51
40.97,Sedan,4,5.58,62.89,2.43
34.69,Sedan,4,5.38,48.97,1.94
13.98,SUV,1,6.58,23.8,1.3
68.24,Sedan,2,6.58,90.57,4.43
22.52,Bus,39,16.29,57.01,5.41
24.41,Sedan,3,7.66,45.85,2.32
55.52,Sedan,2,4.76,63.67,2.89
21.35,Sedan,1,5.85,40.22,1.54
13.08,Van,6,14.26,27.48,2.19
32.82,Van,8,9.31,56.33,2.88
24.77,SUV,5,8.65,48.31,2.35
35.51,Sedan,2,5.04,51.96,1.72
49.92,Van,6,8.57,82.42,4.01
51.77,Sedan,4,8.36,92.72,4.61
15.17,Bus,44,18.51,34.48,5.2
17.47,SUV,7,9.2,31.45,1.65
3.33,Sedan,1,4.46,12.12,0.2
12.94,SUV,4,9.54,21.9,1.57
20.99,Van,1,13.08,39.95,2.91
46.98,Sedan,1,7.88,61.0,3.94
20.5,Bus,44,20.0,43.97,7.55
38.77,SUV,3,7.31,54.27,3.16
14.53,Sedan,2,6.88,21.4,1.18
9.91,Sedan,4,7.3,24.01,0.86
22.12,SUV,7,6.31,44.3,1.58
26.68,SUV,3,7.32,41.96,2.41
13.11,SUV,5,10.33,27.2,1.49
8.8,Van,14,12.58,20.48,1.31
15.67,SUV,5,6.68,31.54,1.07
32.62,Bus,43,20.39,84.51,9.62
22.07,SUV,4,9.14,39.11,2.09
11.17,Van,11,12.41,27.0,1.59
12.39,Sedan,1,5.74,15.44,0.82
34.97,Sedan,1,7.27,44.88,2.78
19.48,Sedan,3,7.51,28.12,1.72
7.12,SUV,4,8.47,12.76,0.66
43.82,Bus,26,18.05,93.91,9.74
7.5,Sedan,1,5.72,13.7,0.36
40.1,Sedan,2,8.48,44.73,3.26
14.8,Bus,8,17.64,48.26,3.42
10.69,Sedan,3,5.39,12.71,0.59
24.15,Van,9,9.71,46.62,3.08
18.67,SUV,5,9.19,40.13,1.68
15.49,Van,8,12.36,36.9,2.25
25.01,Sedan,3,4.9,30.29,1.34
8.34,Sedan,1,8.72,19.45,0.83
23.24,SUV,1,9.46,49.97,2.47
24.33,Bus,22,19.4,38.96,6.89
14.72,SUV,5,8.85,30.77,1.62
2.0,Sedan,4,6.52,7.99,0.2
19.26,SUV,2,8.78,30.69,1.5
18.87,Bus,33,21.05,49.57,5.96
17.57,Van,7,10.99,36.51,1.84
5.35,Bus,6,20.3,18.85,1.31
23.4,Sedan,3,5.98,43.4,1.94
37.36,Sedan,3,6.73,49.09,2.89
18.12,SUV,7,7.79,28.12,2.0
8.42,Van,4,13.19,25.39,1.23
28.5,Sedan,1,5.5,39.1,1.93
50.56,Sedan,2,6.11,72.58,3.35
11.12,Van,2,10.43,25.52,1.34
11.42,Sedan,1,6.08,20.25,0.89
44.54,Sedan,3,7.37,79.48,3.14
19.23,SUV,2,8.53,30.8,2.07
4.99,SUV,4,11.09,15.84,0.71
60.09,Van,4,9.53,123.39,6.74
2.31,Sedan,2,6.7,12.09,0.2
4.32,SUV,5,7.84,8.02,0.21
8.96,SUV,4,9.63,13.8,1.06
33.35,SUV,4,8.98,49.05,3.33
35.15,SUV,6,8.77,47.27,3.43
7.37,Sedan,4,7.93,12.28,0.83
11.73,Sedan,2,5.71,19.32,0.59
26.09,Sedan,3,7.2,32.63,2.02
50.13,Sedan,3,5.58,82.84,3.16
2.08,SUV,4,9.17,12.81,0.2
4.55,Van,14,8.85,8.44,0.47
14.77,Van,13,9.81,28.05,1.59
6.34,Van,3,10.85,19.77,0.93
42.94,Sedan,3,8.68,48.15,4.02
20.25,SUV,6,9.15,45.57,1.97
40.6,Sedan,3,8.49,46.73,4.3
26.3,Sedan,4,6.76,52.76,1.78
32.63,Sedan,1,6.04,39.86,2.06
12.99,SUV,7,11.31,24.45,1.4
3.92,Bus,11,19.31,10.1,0.93
18.53,Sedan,4,5.73,34.51,1.28
37.54,Sedan,1,7.06,51.54,2.5
59.05,Van,9,10.47,116.32,7.11
17.65,Sedan,3,4.11,37.44,0.72
33.49,Van,6,12.68,73.28,4.04
12.81,Van,5,12.97,34.12,2.13
15.74,Bus,34,23.51,46.5,6.2
19.98,SUV,5,9.63,45.53,2.57
52.63,Van,9,10.55,110.88,5.92
32.73,SUV,2,10.25,66.35,3.8
29.79,SUV,3,10.27,58.83,3.02
50.92,SUV,6,11.46,85.3,6.42
11.69,Sedan,4,6.45,27.13,0.88
17.53,SUV,7,8.75,24.42,1.48
29.94,SUV,4,7.93,35.31,2.45
14.12,Van,13,11.97,35.18,1.98
16.95,Van,1,8.21,36.27,1.55
24.75,Van,2,12.4,55.58,2.95
20.51,Sedan,1,7.21,43.89,1.45
9.36,Van,10,12.05,20.92,1.48
12.68,SUV,4,9.21,20.61,1.48
9.28,Bus,31,22.6,28.7,3.25
33.43,Bus,19,20.62,53.36,8.16
12.36,Sedan,3,5.77,28.82,0.6
30.04,Van,2,9.94,57.39,3.65
23.37,Sedan,4,5.44,38.31,1.12
20.83,Sedan,2,7.16,32.42,1.53
8.05,SUV,7,7.5,19.89,0.7
23.2,Sedan,1,7.8,33.74,1.7
28.1,Van,3,13.38,53.56,4.08
33.58,Sedan,1,5.45,46.33,2.31
9.19,Sedan,4,6.28,28.03,0.58
17.95,SUV,5,9.02,22.25,1.91
39.08,Van,9,12.59,83.6,5.51
36.52,Bus,34,22.83,101.23,14.39
19.99,Van,5,7.97,38.75,1.59
7.85,Van,5,10.43,14.77,0.92
34.75,Sedan,3,6.18,50.94,1.86
21.14,Sedan,1,4.82,38.2,0.92
10.72,Sedan,4,5.92,18.53,0.77
18.38,SUV,1,9.64,32.97,2.21
8.02,Van,4,10.5,13.93,1.0
34.62,SUV,6,6.68,65.88,2.97
5.15,Van,9,16.17,14.81,0.89
40.76,SUV,2,9.4,74.23,4.45
25.28,Sedan,3,6.63,28.52,1.78
8.13,Sedan,2,5.18,20.98,0.54
17.22,Van,1,11.47,34.21,2.42
15.93,Van,10,10.7,34.52,2.4
11.31,Bus,8,12.33,24.69,1.75
23.74,Sedan,2,5.22,28.16,1.56
51.39,Bus,15,20.38,138.99,13.86
12.09,Sedan,3,8.83,19.56,1.26
22.29,Sedan,3,6.94,34.65,1.9
21.35,Bus,36,21.31,47.49,6.01
23.58,Sedan,3,6.31,40.81,1.51
2.5,Van,12,10.84,9.3,0.22
42.54,Sedan,3,7.81,69.17,3.01
78.13,SUV,3,11.49,149.0,9.75
21.05,Bus,36,21.9,48.94,6.16
33.05,Sedan,3,5.22,53.76,1.6
27.45,Van,4,10.88,40.12,3.25
9.02,Sedan,4,6.83,16.09,0.67
19.96,SUV,6,8.61,43.92,2.25
12.81,Sedan,3,6.97,21.55,1.07
18.66,Sedan,4,7.48,33.5,1.75
21.8,Sedan,2,7.7,34.82,2.12
22.84,Sedan,1,8.52,39.9,2.21
12.03,Bus,28,17.01,29.47,3.09
22.9,Sedan,1,4.86,34.05,0.98
19.14,Sedan,4,6.93,32.27,1.33
40.52,SUV,4,11.83,50.58,5.69
32.08,Sedan,3,5.93,55.35,2.19
36.07,Van,8,12.24,55.54,4.64
37.71,Bus,5,20.09,109.02,7.42
10.48,SUV,6,9.29,14.12,0.98
31.2,Bus,35,18.02,52.67,7.6
10.13,SUV,2,7.61,22.18,0.95
47.58,Sedan,1,4.0,73.95,2.06
30.82,Van,4,9.0,51.8,2.83
9.61,SUV,2,8.41,18.72,0.78
23.4,Van,3,12.98,45.0,2.89
11.51,Bus,22,17.69,39.58,2.68
15.15,SUV,1,8.22,32.76,1.14
25.91,Bus,16,15.33,54.34,5.38
13.83,Van,12,12.18,23.51,2.3
17.58,SUV,4,11.04,37.22,1.79
38.23,SUV,5,10.6,64.61,4.84
18.69,Sedan,3,7.23,38.3,1.51
10.6,Bus,13,13.57,26.91,2.03
4.57,Van,8,10.37,15.42,0.55
32.24,Sedan,4,8.84,44.97,3.25
31.91,Sedan,2,7.85,45.44,2.7
23.48,SUV,5,6.69,36.01,1.53
71.87,Sedan,3,6.43,136.89,5.8
17.05,Sedan,4,6.94,30.74,1.38
40.91,SUV,5,7.86,45.8,3.67
12.84,Sedan,4,4.0,20.44,0.62
33.39,SUV,7,9.15,55.18,3.16
9.38,Sedan,3,5.55,17.62,0.65
32.94,Sedan,2,5.56,60.26,2.16
17.62,Van,6,10.36,36.66,1.87
28.83,SUV,2,8.8,55.05,2.67
24.11,Sedan,3,6.49,38.28,1.48
31.58,Sedan,1,5.44,40.75,1.7
4.23,SUV,1,8.67,5.0,0.41
19.04,Sedan,3,4.39,39.36,1.01
39.43,Sedan,3,6.87,52.05,2.84
42.85,Sedan,1,4.0,69.14,1.83
28.0,Van,8,10.48,45.1,3.79
40.35,Van,5,12.65,54.5,6.26
18.45,Van,11,9.09,44.41,1.62
2.0,Van,5,12.29,12.3,0.2
13.27,Van,5,13.08,23.11,1.84
22.28,SUV,3,4.04,36.72,0.85
24.34,SUV,7,8.77,42.06,2.71
26.95,Sedan,2,4.0,41.91,1.21
21.13,SUV,6,8.82,42.09,1.82
21.35,Van,1,10.99,42.38,2.46
34.18,SUV,3,5.28,56.92,1.67
11.32,Sedan,4,8.81,21.92,1.02
24.12,Sedan,1,6.84,45.26,1.55
28.03,SUV,7,7.73,41.91,2.74
13.88,Van,1,13.64,26.26,2.12
17.38,Bus,13,12.61,40.7,3.05
52.4,Sedan,3,5.02,86.14,3.13
23.38,Van,12,6.86,57.07,2.04
84.88,SUV,4,11.7,166.24,12.1
22.26,Bus,14,19.0,49.56,4.61
35.31,SUV,4,9.99,50.96,4.23
6.71,SUV,6,9.45,7.22,0.74
4.21,SUV,3,9.86,11.38,0.63
10.21,Van,1,11.14,20.66,1.2
38.08,Bus,24,18.81,64.82,11.38
17.62,Sedan,1,6.63,36.6,1.37
6.46,Sedan,3,5.77,19.54,0.49
21.98,Bus,28,17.86,57.16,6.27
35.83,SUV,6,9.41,58.68,3.64
11.12,SUV,7,9.17,22.36,1.08
37.2,SUV,2,6.78,69.39,3.08
8.02,Sedan,4,4.89,18.43,0.42
35.24,Van,14,12.95,78.73,5.17
41.38,Van,3,10.45,94.47,5.25
13.23,Sedan,2,7.2,19.78,0.91
45.02,Sedan,4,5.19,57.63,2.58
50.49,Van,6,8.35,76.59,4.81
27.17,Sedan,4,5.49,37.49,1.84
13.94,Bus,16,17.33,33.58,3.45
87.81,Sedan,2,5.7,130.41,5.28
12.49,SUV,5,10.94,23.43,1.52
54.69,Bus,40,18.54,120.36,17.79
66.84,Van,9,14.33,147.05,10.88
27.86,SUV,3,9.61,35.1,3.06
9.38,Van,5,6.66,16.51,0.54
26.35,Sedan,2,7.77,43.44,2.69
73.12,Sedan,4,4.69,137.81,3.89
13.87,Bus,33,18.69,34.17,4.04
20.21,Van,9,9.61,42.74,2.15
3.36,SUV,7,12.21,7.39,0.61
20.28,Sedan,3,8.23,41.16,1.84
32.45,Sedan,4,5.61,69.35,1.72
10.36,Sedan,1,6.35,12.57,0.9
53.38,SUV,7,9.37,80.42,6.25
7.21,Van,12,12.55,24.38,1.02
14.03,SUV,2,9.04,22.51,1.12
47.41,Van,12,9.16,76.62,4.86
19.21,Sedan,2,5.64,32.08,1.13
60.55,Sedan,4,6.49,98.67,4.2
4.64,Sedan,4,7.98,5.0,0.53
16.65,SUV,2,9.64,27.07,1.41
26.83,Sedan,3,5.57,53.2,1.59
71.5,Bus,39,19.95,147.45,23.62
23.6,Sedan,1,6.04,35.82,1.85
30.87,Bus,31,20.67,87.93,10.53
21.2,SUV,3,12.79,36.36,3.07
19.75,Bus,17,16.92,50.46,3.61
13.89,SUV,6,10.2,16.14,1.5
28.42,Bus,23,15.76,69.96,6.33
17.74,Sedan,3,6.37,38.44,1.17
32.01,Van,3,11.05,71.25,3.77
23.34,Bus,19,17.42,60.06,6.16
16.46,Sedan,4,9.46,25.92,1.49
53.83,Sedan,3,6.13,66.48,4.11
12.91,SUV,5,9.88,33.61,1.28
14.35,Bus,11,12.21,30.68,1.97
2.98,SUV,5,9.65,8.55,0.42
18.36,SUV,1,10.71,32.4,2.09
51.27,Sedan,2,5.87,75.16,3.7
52.1,Sedan,1,4.0,60.69,2.3
15.4,Van,9,10.93,32.2,2.13
30.32,Sedan,2,6.52,45.79,2.31
34.7,SUV,3,10.09,48.6,4.37
6.8,Bus,28,24.03,16.99,2.52
43.88,Sedan,2,6.04,70.15,2.84
7.89,Van,12,9.46,15.37,1.01
16.24,Sedan,3,5.1,24.5,1.01
9.57,SUV,3,9.3,14.74,0.99
26.7,Sedan,4,7.08,31.65,1.81
11.82,Van,4,10.02,22.61,1.19
13.91,Sedan,1,7.43,32.69,1.22
38.7,SUV,3,9.7,68.67,3.73
15.17,SUV,6,9.06,26.82,1.33
21.42,Sedan,2,5.42,30.64,1.17
7.79,Van,7,10.13,26.76,0.93
5.84,Sedan,4,4.0,6.53,0.39
24.29,Van,6,11.42,39.7,3.15
14.71,Sedan,4,6.53,28.52,1.07
59.36,Van,14,11.34,129.15,7.93
75.94,Sedan,1,7.11,99.41,5.42
8.39,SUV,5,9.58,16.03,0.89
6.04,Sedan,1,6.37,12.27,0.51
60.15,Van,3,11.09,94.61,6.07
28.95,Sedan,4,4.81,48.37,1.4
23.89,Bus,41,16.25,58.76,5.75
6.66,Bus,22,18.15,16.12,1.75
72.43,Sedan,1,5.62,93.03,4.41
11.46,SUV,2,10.29,31.69,1.37
35.5,Sedan,1,5.71,45.12,2.13
34.33,Sedan,1,6.76,51.12,2.47
5.55,Van,8,11.21,18.68,0.71
13.16,Van,13,12.34,19.05,2.34
7.12,SUV,4,10.35,10.7,0.83
3.63,Sedan,1,7.33,11.05,0.2
18.36,Sedan,2,4.0,39.38,0.86
7.93,Sedan,1,7.93,10.83,0.69
11.5,Van,7,13.75,27.8,1.68
6.48,SUV,5,8.28,22.12,0.58
16.74,Van,12,11.43,36.18,1.94
59.04,Sedan,1,5.43,80.52,2.93
26.35,Sedan,3,4.16,45.86,1.15
14.42,Sedan,2,5.61,26.28,1.04
20.33,Sedan,3,5.85,23.89,1.17
25.07,Sedan,2,6.07,30.54,1.81
25.34,Van,7,9.27,42.96,2.6
17.21,Bus,39,15.8,34.44,3.61
12.54,SUV,3,8.98,17.6,1.45
35.34,SUV,2,7.84,47.04,2.93
8.86,Sedan,1,7.15,12.3,0.57
35.7,Bus,28,20.04,63.76,9.65
15.44,Sedan,1,9.36,26.89,1.47
44.14,Bus,31,21.38,119.09,14.37
9.9,SUV,6,9.36,16.33,1.22
9.74,Sedan,2,5.76,13.97,0.55
21.97,Bus,29,18.88,41.7,5.86
11.39,Sedan,2,6.89,28.96,0.8
60.52,SUV,6,8.23,90.76,6.14
12.82,SUV,3,10.18,21.35,1.61
10.6,Sedan,2,4.82,21.02,0.58
28.21,SUV,2,8.63,37.03,2.44
2.54,Van,7,12.0,8.51,0.24
62.93,Van,1,10.48,85.25,7.19
31.77,Sedan,4,6.25,45.92,2.35
25.19,Bus,44,17.59,45.53,7.64
11.91,Sedan,1,5.5,14.59,0.68
19.19,Sedan,2,7.91,32.77,1.67
13.14,Sedan,3,5.28,24.09,0.68
15.1,Sedan,1,6.88,24.53,1.02
37.68,Sedan,4,7.0,55.73,3.21
26.93,Bus,34,15.15,55.92,5.59
16.23,Sedan,4,6.59,32.93,1.03
5.13,Sedan,4,5.41,7.48,0.36
78.52,Sedan,4,8.17,75.09,6.65
9.15,Van,1,8.95,26.66,1.0
37.88,Bus,14,16.04,98.98,7.68
12.83,Sedan,4,5.03,22.67,1.0
23.8,Sedan,1,4.87,41.74,0.97
10.65,Sedan,3,8.41,21.95,0.8
12.5,Sedan,3,7.15,18.99,0.96
11.77,Sedan,1,6.67,14.26,0.75
22.68,SUV,3,8.02,29.44,2.12
11.92,Sedan,4,7.59,19.88,1.16
22.02,SUV,5,7.76,46.1,2.01
47.74,Sedan,1,7.45,72.09,3.18
8.46,Bus,39,15.38,23.28,2.34
8.5,Bus,26,16.07,22.99,1.98
54.42,SUV,3,10.14,94.91,6.06
32.27,Sedan,4,7.54,53.05,2.8
21.05,Sedan,2,7.22,29.91,1.97
6.31,SUV,2,7.43,14.01,0.54
5.32,Van,4,10.2,19.38,0.41
10.5,SUV,6,9.24,22.51,1.07
23.12,Bus,10,15.45,54.92,4.46
39.79,Bus,18,22.11,78.66,9.94
22.66,Sedan,3,4.0,37.59,0.92
23.63,SUV,1,7.83,40.48,2.14
43.05,Sedan,4,5.89,60.37,2.99
28.06,Sedan,1,4.0,48.05,1.35
14.09,SUV,2,6.91,32.49,0.98
20.12,Sedan,3,7.25,28.55,1.76
40.5,Bus,36,18.09,94.2,9.35
25.07,Sedan,4,8.39,45.59,2.47
57.31,SUV,6,11.32,86.87,7.34
12.12,SUV,5,9.65,31.25,1.0
9.17,Van,1,11.56,25.9,1.13
26.36,Sedan,1,6.58,43.99,2.18
22.29,Bus,28,10.03,51.57,3.28
8.44,SUV,5,6.91,22.84,0.51
13.26,SUV,7,9.15,22.13,1.61
48.01,Sedan,3,7.24,60.86,3.89
28.86,SUV,5,9.43,55.45,3.06
13.97,Van,14,9.39,30.07,1.76
10.22,SUV,4,10.41,17.64,1.01
16.25,Van,2,13.67,40.36,2.21
39.13,SUV,4,10.41,75.78,4.06
21.75,Sedan,1,7.69,38.29,1.83
19.85,Sedan,3,5.83,37.14,1.42
40.38,Sedan,2,7.79,67.12,3.43
8.79,Van,7,11.26,20.78,1.16
11.66,Van,14,11.92,20.15,1.87
23.03,Sedan,4,6.94,46.77,1.94
19.82,SUV,2,8.82,32.27,1.69
16.99,SUV,3,7.71,26.97,1.58
41.63,SUV,6,8.88,60.98,3.89
4.05,Sedan,1,7.68,7.12,0.44
9.48,Sedan,4,5.97,13.08,0.54
9.44,Sedan,4,7.57,14.29,0.72
30.66,Sedan,2,7.38,42.94,2.56
15.17,Sedan,4,6.14,30.15,1.18
73.14,Sedan,4,8.17,115.48,7.02
42.88,SUV,3,8.47,78.85,3.81
15.24,Sedan,3,8.31,19.29,1.18
30.08,Bus,40,19.3,62.85,9.62
29.09,Sedan,3,6.48,56.93,1.87
50.89,Sedan,4,5.43,67.53,3.05
17.39,Sedan,4,6.39,30.43,1.04
13.73,Sedan,3,6.26,26.35,0.76
27.74,Van,11,8.74,32.01,2.46
17.54,Sedan,3,6.24,22.71,1.0
32.36,Bus,17,15.59,89.0,6.18
47.31,Bus,16,19.76,95.05,12.05
10.44,SUV,3,10.96,26.31,1.16
12.82,SUV,1,7.16,28.17,0.88
44.64,Van,11,14.08,106.39,6.55
20.98,Sedan,1,6.35,25.27,1.29
21.5,SUV,6,7.54,32.38,2.12
40.04,Sedan,2,7.41,64.65,2.8
19.39,Sedan,3,5.96,30.96,1.32
35.51,SUV,2,8.88,57.69,3.81
11.13,SUV,2,8.39,14.98,1.14
15.69,Bus,36,15.55,33.14,4.24
52.45,Sedan,4,7.37,82.83,4.53
21.21,Van,8,10.48,53.45,2.81
10.65,Sedan,1,4.78,20.93,0.63
10.37,Sedan,2,7.16,21.76,0.72
19.81,Sedan,3,5.05,29.88,1.13
36.36,SUV,5,7.27,49.39,3.05
2.07,Sedan,2,7.93,5.0,0.2
14.34,SUV,7,7.21,25.53,1.39
29.17,Van,5,6.83,63.85,2.45
24.5,SUV,7,9.93,44.6,2.64
27.39,SUV,2,8.54,36.24,2.49
12.02,Van,7,10.61,27.42,1.44
22.75,Van,4,10.43,35.35,2.81
41.02,SUV,2,9.35,79.97,3.72
15.37,Sedan,2,5.6,35.37,1.08
21.97,Bus,18,22.43,49.17,5.91
4.86,SUV,2,6.79,12.16,0.38
28.82,Sedan,2,7.03,34.64,2.25
12.34,Sedan,1,7.27,28.53,0.85
7.72,Van,4,9.63,17.54,0.9
14.27,Sedan,2,5.27,25.76,1.07
29.83,Bus,16,21.05,54.37,7.41
12.58,Sedan,1,5.31,18.76,0.77
9.0,Van,8,9.91,20.6,0.99
33.05,Sedan,4,7.56,51.57,2.61
10.41,SUV,3,9.05,13.33,0.96
70.66,Bus,13,12.61,125.77,11.83
39.96,SUV,4,11.62,51.5,5.46
52.62,SUV,5,8.2,76.34,4.83
23.32,Sedan,4,6.02,52.39,1.4
12.2,Sedan,4,6.81,17.48,0.87
41.79,Sedan,4,7.25,48.92,3.18
8.37,Van,1,14.53,13.24,1.3
4.31,Sedan,1,4.51,14.72,0.2
27.44,Sedan,2,7.49,42.27,2.28
7.02,SUV,4,10.11,19.13,0.69
19.74,SUV,7,8.79,37.18,2.03
18.92,Van,12,12.42,40.97,2.57
35.5,Sedan,1,7.62,41.67,3.15
7.96,Sedan,1,4.84,14.55,0.31
6.11,Bus,36,23.25,23.43,2.26
17.88,Sedan,2,4.63,29.38,0.86
2.0,Bus,29,14.59,9.86,0.31
26.1,Bus,30,17.21,61.58,6.81
24.51,Van,13,14.46,56.62,4.79
24.81,Sedan,1,6.13,45.31,1.83
17.63,Van,2,10.94,39.73,2.19
61.34,Van,4,13.58,76.02,10.51
27.99,SUV,4,8.55,50.12,2.68
33.06,Sedan,1,5.09,57.08,1.66
13.44,Sedan,4,6.0,21.42,0.93
18.11,Sedan,3,8.14,28.57,1.86
10.82,SUV,3,9.11,22.29,1.07
22.77,SUV,3,11.9,51.25,2.82
10.97,Sedan,2,7.39,12.63,0.88
33.67,SUV,6,8.03,65.29,3.38
20.43,Sedan,3,6.56,36.12,1.22
2.0,SUV,3,7.72,14.04,0.22
10.18,Bus,36,15.99,28.21,2.28
49.53,Sedan,2,11.87,72.16,5.84
51.68,Sedan,1,7.72,102.4,3.84
30.37,Sedan,1,7.53,62.16,2.3
18.06,SUV,6,8.07,27.69,1.68
45.41,Van,11,13.83,91.18,6.63
19.03,Bus,28,21.3,45.96,6.36
43.96,Sedan,4,8.76,53.62,4.62
22.66,Bus,26,23.5,40.58,7.13
16.83,Sedan,2,4.73,29.41,0.67
33.55,SUV,4,7.34,53.53,3.09
9.16,Sedan,2,5.3,20.28,0.61
10.99,Bus,6,15.17,37.43,1.79
6.56,SUV,2,9.49,14.42,0.67
28.17,Van,12,9.98,44.74,3.01
19.87,Van,7,14.73,38.02,3.82
98.42,Sedan,3,8.79,135.91,9.28
28.84,Sedan,4,6.49,49.54,2.47
16.45,Bus,33,23.87,22.0,6.67
18.84,Sedan,1,8.29,37.45,1.4
24.47,Sedan,2,5.96,31.77,1.8
13.49,SUV,2,5.99,18.26,0.85
2.24,SUV,1,8.67,10.75,0.26
6.62,Sedan,1,5.73,18.03,0.35
14.82,Sedan,2,6.75,36.76,0.82
5.06,Sedan,2,6.61,11.03,0.33
20.85,SUV,6,9.09,35.05,1.84
39.64,Bus,19,19.57,80.69,11.26
11.06,Bus,40,14.36,33.13,2.91
15.16,SUV,5,9.62,24.1,1.58
18.68,Sedan,4,5.97,28.59,1.29
16.7,Bus,29,18.6,42.81,4.39
21.01,SUV,1,10.44,45.4,2.34
3.28,Sedan,3,5.03,10.21,0.2
42.29,Bus,41,17.16,68.53,10.54
17.66,Van,6,10.79,31.28,2.27
10.22,Van,11,10.07,16.77,1.21
25.38,Van,13,12.62,52.32,3.65
38.35,Sedan,4,5.64,44.41,2.45
8.88,Sedan,3,5.83,5.0,0.5
26.1,Van,7,9.72,46.62,3.0
46.74,Sedan,4,7.81,89.43,4.14
46.97,SUV,4,8.26,79.65,3.64
34.16,Van,12,11.83,41.05,5.52
13.68,Van,10,14.56,30.3,2.57
9.26,SUV,3,8.89,14.1,1.01
10.97,Van,2,13.0,24.06,1.66
46.3,Van,10,14.01,87.12,7.02
30.27,Van,4,12.85,65.25,4.88
34.88,Sedan,1,6.48,58.62,2.79
19.94,Sedan,2,7.27,41.15,1.44
3.67,Sedan,1,4.96,11.17,0.2
25.86,Sedan,1,5.56,40.44,1.76
10.19,Sedan,4,5.77,21.61,0.51
40.35,Sedan,1,9.19,59.83,4.41
11.05,SUV,6,7.78,30.25,0.91
23.89,Bus,17,15.52,68.96,5.03
30.92,Sedan,2,5.25,57.14,1.75
99.98,Van,12,12.01,148.63,16.6
19.47,Van,10,11.26,24.27,2.86
20.07,Sedan,1,7.8,47.25,1.48
40.57,Bus,26,20.01,92.74,11.07
17.85,SUV,5,6.93,34.76,1.34
15.27,Sedan,1,5.53,32.22,0.81
12.48,Van,8,13.46,30.74,1.84
21.8,Sedan,1,6.26,17.32,1.42
14.0,Van,11,13.14,26.83,2.33
48.53,Sedan,2,6.32,81.74,3.17
34.03,Van,3,9.26,55.67,3.94
23.05,SUV,3,8.55,42.19,1.92
21.59,SUV,6,7.55,41.11,1.88
11.92,Sedan,4,5.82,22.93,0.82
19.83,Van,10,11.36,28.4,2.9
18.47,Van,8,11.92,37.96,2.81
62.6,SUV,1,6.61,80.47,4.15
17.69,SUV,7,8.97,28.4,1.83
28.81,SUV,2,8.12,56.48,2.78
29.89,Bus,13,16.05,73.86,5.31
9.93,SUV,6,9.2,25.52,0.75
17.42,Van,6,10.01,31.13,1.94
33.48,Van,13,13.49,68.54,5.63
9.01,SUV,6,10.78,11.88,0.91
71.91,Sedan,1,7.92,80.97,6.07
22.69,SUV,7,8.26,56.58,1.9
13.86,Van,9,9.27,11.59,1.19
7.6,Sedan,2,6.6,11.05,0.58
54.23,SUV,7,8.77,97.5,5.39
18.23,Van,1,9.9,40.73,1.58
28.44,Sedan,4,5.09,58.11,1.71
8.57,SUV,5,8.94,19.14,0.7
12.4,Sedan,4,6.02,16.69,0.99
39.02,Sedan,1,7.33,54.33,3.63
53.3,Van,3,12.2,92.19,6.29
10.72,Sedan,1,7.82,16.24,0.93
27.92,Sedan,4,4.99,44.96,1.58
27.61,Bus,6,19.2,67.38,5.95
39.01,Sedan,4,5.63,64.59,2.65
29.44,Bus,7,14.34,52.87,4.76
32.86,Bus,18,16.71,89.33,7.76
3.53,Sedan,2,7.78,14.94,0.23
27.04,Sedan,2,6.05,56.08,2.04
7.39,Van,1,13.82,23.48,1.18
25.49,SUV,1,9.82,46.87,2.71
42.6,Sedan,3,6.03,58.9,2.41
24.23,Van,1,13.09,35.49,3.05
33.35,Sedan,3,7.03,57.18,2.36
37.93,Bus,13,15.2,71.97,6.15
35.73,Sedan,4,8.73,57.21,3.08
25.44,Sedan,2,6.81,44.25,2.11
26.84,Sedan,1,6.52,37.62,1.91
41.58,Bus,8,15.43,111.07,8.33
79.59,Van,5,13.12,168.02,11.43
11.66,Van,5,11.93,16.99,1.48
15.09,Sedan,2,7.26,28.34,0.77
36.1,Sedan,3,5.89,48.07,2.5
64.28,Sedan,4,7.5,111.16,5.46
6.3,SUV,1,10.37,9.46,0.93
7.44,SUV,2,8.0,13.61,0.82
22.16,SUV,1,6.87,26.91,1.86
37.55,Sedan,1,7.2,51.39,2.51
22.27,Bus,34,13.28,52.5,3.74
24.24,Sedan,1,6.68,33.75,1.83
10.83,Bus,5,16.66,33.2,2.06
20.99,Sedan,4,7.96,31.35,1.85
13.69,SUV,4,8.41,27.14,1.13
26.26,Sedan,1,7.83,53.87,1.94
18.28,SUV,5,8.23,34.12,1.53
11.59,SUV,4,10.5,10.5,1.35
55.07,SUV,5,12.09,89.0,7.73
33.26,SUV,6,7.4,50.15,2.86
26.55,Van,10,11.53,67.28,4.02
12.37,Van,1,15.95,21.25,1.8
33.1,Van,1,11.12,55.83,4.16
10.05,Sedan,3,6.57,23.64,0.69
11.96,SUV,6,10.18,19.62,1.4
20.91,SUV,1,9.06,41.28,2.2
23.4,Sedan,3,4.45,38.03,1.32
15.32,SUV,2,10.7,35.18,1.7
6.17,Sedan,3,4.1,9.34,0.25
17.26,Sedan,4,6.0,35.36,1.26
51.17,Sedan,3,7.95,62.78,5.01
4.4,Sedan,4,6.07,13.18,0.3
29.91,Van,13,9.75,48.5,3.63
18.67,Van,13,12.58,30.6,2.39
7.65,Bus,22,15.45,25.82,1.79
46.87,Van,11,8.8,80.6,5.02
13.22,Sedan,3,6.83,30.51,0.93
57.51,Bus,13,17.45,120.85,12.05
24.3,Bus,29,14.27,59.44,5.36
26.28,SUV,2,9.96,38.73,2.58
17.95,SUV,7,9.7,28.7,2.23
40.58,Bus,36,16.92,88.26,9.68
19.39,SUV,2,8.56,24.9,1.85
42.04,Bus,7,19.41,103.5,7.85
26.65,Sedan,2,7.93,49.0,2.1
17.64,Sedan,4,6.16,37.12,1.08
5.14,SUV,1,9.98,5.0,0.73
49.21,SUV,4,9.85,87.67,5.13
23.57,Van,9,12.58,37.08,3.5
14.01,Bus,8,18.12,41.16,2.8
33.81,Sedan,1,5.41,53.59,1.7
26.58,Sedan,2,5.95,40.88,1.91
26.63,Van,7,11.62,39.83,3.26
92.34,SUV,1,11.73,156.3,13.21
12.15,Sedan,2,5.92,23.45,0.76
34.77,SUV,6,10.21,39.68,3.55
48.63,Van,9,10.41,82.86,4.95
18.27,Van,5,11.2,32.93,2.11
11.73,SUV,1,11.27,24.89,1.33
18.04,Sedan,1,7.42,35.74,1.4
26.29,Bus,14,14.28,58.51,4.45
44.01,Van,7,9.97,58.81,5.62
12.82,SUV,3,10.88,21.65,1.27
18.11,Sedan,2,6.67,25.81,1.49
34.52,Van,7,8.93,55.59,3.43
38.43,Sedan,4,5.52,60.6,2.61
40.92,Sedan,2,7.34,62.03,3.35
6.69,SUV,6,10.49,13.87,0.76
70.85,Sedan,2,6.52,126.48,5.67
15.52,SUV,3,12.71,29.54,1.88
69.54,Sedan,2,7.49,106.06,5.34
76.97,Van,10,10.56,140.34,11.16
5.63,Sedan,1,5.52,14.04,0.35
33.84,Sedan,1,5.33,64.51,2.09
16.94,Sedan,3,6.9,38.66,1.53
22.22,Bus,41,16.53,58.62,6.15
38.56,Bus,44,23.02,66.65,15.14
9.81,Sedan,1,8.26,17.25,1.05
16.27,Van,9,12.14,30.38,2.33
33.03,SUV,2,7.23,41.33,2.86
27.57,Bus,12,15.98,72.87,5.18
38.28,Sedan,1,8.01,70.95,3.62
15.79,Van,10,9.99,21.97,2.16
9.28,Sedan,3,7.85,12.07,0.72
75.58,Sedan,3,7.07,97.7,6.65
12.11,Bus,15,18.16,33.73,2.39
10.55,SUV,3,7.95,21.48,0.93
12.92,Sedan,3,6.39,23.06,0.97
24.73,Sedan,4,6.73,43.96,1.49
26.07,Van,1,12.86,55.3,4.13
6.93,SUV,5,7.67,17.78,0.68
11.25,Sedan,3,6.18,16.13,0.69
41.32,Bus,35,18.13,107.03,10.62
17.38,Sedan,1,7.3,25.29,1.55
26.95,Sedan,3,5.41,38.32,1.59
11.78,Bus,33,14.05,24.59,2.79
30.99,Sedan,4,7.31,42.13,2.36
11.37,Sedan,3,4.68,20.6,0.66
8.65,SUV,3,10.93,17.44,1.11
3.99,Van,2,10.72,12.54,0.36
21.48,Sedan,3,4.64,35.33,0.97
31.97,Bus,19,16.56,66.84,7.99
32.49,Van,14,11.68,69.74,4.48
24.16,Sedan,1,5.86,43.8,1.41
40.83,Van,7,11.04,73.17,4.43
7.5,Sedan,1,7.39,17.55,0.71
7.92,SUV,2,8.7,15.94,0.54
10.55,Van,2,9.31,19.64,1.06
16.45,Bus,18,17.1,39.51,4.02
20.95,Sedan,2,8.2,46.43,1.93
43.21,SUV,5,11.53,59.24,4.78
17.42,SUV,6,5.97,23.27,1.0
33.84,Sedan,3,7.81,46.47,2.45
29.97,Sedan,2,6.8,45.43,2.34
43.08,Sedan,1,7.61,65.11,3.3
28.57,Van,13,10.01,56.12,2.94
44.86,SUV,3,6.35,81.0,3.48
4.07,Sedan,4,7.2,12.98,0.29
17.76,Van,1,9.31,26.79,1.77
5.43,Van,14,8.5,19.38,0.67
10.51,SUV,7,7.02,16.25,0.81
9.97,Sedan,3,7.22,15.87,0.72
44.75,SUV,5,9.21,65.22,5.0
18.57,Sedan,3,7.44,23.0,1.32
70.66,Sedan,4,7.3,127.35,5.43
17.42,Van,14,10.24,31.34,2.41
5.07,Sedan,2,6.42,12.76,0.45
16.4,Sedan,4,5.89,21.67,1.1
28.84,Sedan,1,6.25,28.43,2.1
25.5,Sedan,2,5.34,40.72,1.21
21.57,Sedan,2,6.97,22.83,1.67
26.79,Bus,36,21.23,53.26,8.16
38.18,Sedan,1,5.52,45.84,2.31
2.45,Sedan,2,8.04,5.61,0.21
23.42,Sedan,1,6.64,20.17,1.74
9.88,Bus,21,18.72,29.81,2.12
31.52,SUV,1,6.45,53.21,2.17
11.01,Sedan,3,4.33,22.88,0.41
11.21,Bus,30,18.43,26.84,2.44
7.32,Sedan,2,7.45,8.33,0.51
22.27,Sedan,1,5.69,31.24,1.68
5.03,Sedan,4,8.5,8.39,0.57
7.26,Sedan,1,7.38,25.45,0.53
22.58,Sedan,2,5.41,29.91,1.37
17.88,Van,10,11.06,37.72,1.97
17.74,Sedan,2,9.47,27.32,1.5
3.8,SUV,2,7.14,5.05,0.2
22.64,Sedan,4,7.13,43.67,1.88
23.95,Sedan,3,6.11,46.76,1.39
40.41,SUV,5,10.06,64.97,4.09
29.64,Bus,37,21.8,74.07,11.08
9.59,Sedan,3,6.04,23.59,0.52
9.43,Van,11,13.01,19.17,1.42
42.43,Sedan,1,9.17,56.76,3.96
38.31,Sedan,3,6.58,56.08,3.06
19.64,Sedan,2,7.44,22.25,1.68
32.25,Sedan,4,5.79,61.73,2.01
35.7,Sedan,3,6.52,55.82,2.84
6.09,Sedan,3,6.29,9.26,0.29
8.26,Van,12,12.43,21.57,1.43
15.61,Sedan,2,7.95,31.52,1.5
42.88,SUV,2,8.84,63.19,3.75
57.95,Sedan,3,8.34,78.71,4.92
23.78,SUV,2,11.3,44.7,2.82
9.06,SUV,5,10.27,21.49,1.06
10.26,Sedan,4,5.88,28.48,0.71
16.37,Sedan,4,5.77,39.18,0.95
16.14,Van,1,9.54,35.13,1.45
9.95,Bus,22,20.85,19.55,2.76
17.6,Sedan,4,5.05,16.92,0.9
4.2,Sedan,1,7.31,18.62,0.41
18.39,Bus,25,14.76,38.13,3.44
11.81,Sedan,4,7.49,17.04,0.84
11.41,SUV,3,9.03,20.65,1.06
28.04,Sedan,4,8.1,42.33,2.38
28.98,Sedan,3,7.87,51.76,2.22
15.44,SUV,3,11.15,26.68,1.91
8.15,SUV,3,11.19,8.35,1.13
22.49,Sedan,4,6.67,34.36,1.48
15.05,SUV,5,7.26,23.22,1.33
33.54,Van,9,9.11,54.5,3.08
27.79,SUV,1,5.87,51.29,2.07
30.67,Sedan,4,5.2,64.54,2.07
2.94,SUV,4,9.1,14.63,0.28
52.65,Van,2,9.99,103.59,6.2
23.1,Van,12,10.68,36.16,2.42
3.68,SUV,1,9.74,12.85,0.46
16.84,Sedan,2,6.14,35.57,1.14
20.09,Van,8,8.98,42.37,2.09
44.76,Van,4,10.9,63.25,5.97
29.3,Sedan,4,5.42,33.41,1.49
25.16,SUV,6,8.59,48.23,2.3
20.43,Sedan,2,8.11,41.46,1.48
17.92,Van,6,10.51,32.39,2.2
5.83,Sedan,1,8.63,8.97,0.54
23.69,SUV,1,11.15,30.9,3.06
10.0,Bus,36,16.26,10.37,2.46
12.49,Van,1,9.0,29.89,1.39
30.06,Bus,21,17.84,75.34,6.33
11.93,Bus,9,21.46,32.05,3.16
4.05,Sedan,1,5.91,9.33,0.2
17.12,SUV,2,10.36,40.55,1.65
3.56,SUV,1,10.81,16.14,0.33
21.46,Bus,24,15.68,56.1,4.34
31.89,Sedan,2,5.69,50.42,1.79
18.12,Bus,23,20.14,46.25,5.48
5.06,SUV,1,9.23,9.15,0.66
34.5,Van,11,9.77,59.41,3.91
46.76,Sedan,4,6.08,63.69,3.14
16.83,Sedan,3,6.42,20.13,1.36
12.48,Van,13,8.18,19.73,1.2
5.82,Sedan,4,7.42,12.16,0.56
21.97,Van,4,10.14,35.09,2.28
41.61,Sedan,2,4.0,53.86,1.76
6.02,Van,4,10.96,10.0,0.49
3.15,Sedan,3,5.61,5.0,0.2
17.2,SUV,5,11.53,26.48,2.19
6.11,Van,10,9.95,12.6,0.77
19.9,Sedan,3,5.18,31.47,1.01
24.33,Sedan,4,7.11,49.05,2.03
25.2,Sedan,1,5.71,33.43,1.88
29.62,SUV,6,7.83,42.81,2.5
52.44,SUV,2,9.76,81.04,5.35
34.28,Van,9,9.13,51.76,3.14
36.0,SUV,3,6.81,47.52,2.59
7.3,SUV,5,11.59,19.7,0.81
21.24,Sedan,3,7.2,31.33,1.82
43.32,Sedan,1,6.18,59.73,3.12
13.51,Sedan,2,6.5,23.84,0.84
33.37,Bus,34,19.52,56.95,11.12
60.73,Bus,22,20.92,114.88,15.76
9.86,Sedan,2,5.59,18.23,0.53
5.96,SUV,4,9.55,16.28,0.61
25.65,Van,1,10.09,48.65,2.74
19.04,SUV,5,8.72,35.87,1.89
49.57,Sedan,1,6.69,56.55,3.51
8.4,Sedan,3,6.49,15.8,0.72
42.17,SUV,3,10.1,51.77,5.04
18.44,Bus,26,19.46,50.03,5.29
12.0,Van,2,8.29,24.6,1.3
21.34,Sedan,4,4.87,30.22,1.0
15.55,Sedan,3,6.06,26.76,0.8
20.38,Van,3,14.29,36.13,3.84
40.93,Van,1,9.47,84.32,3.81
64.04,SUV,7,8.69,81.72,5.49
19.34,SUV,4,8.2,34.34,1.61
26.9,Sedan,4,5.84,46.35,1.83
37.26,Van,10,11.32,74.85,5.07
26.65,Van,4,13.52,62.8,3.57
12.64,Sedan,1,7.05,20.24,1.0
24.24,Van,4,9.55,43.86,2.57
18.98,Sedan,3,9.8,27.69,1.59
3.63,Sedan,4,6.59,7.86,0.2
2.0,Sedan,1,5.81,7.46,0.2
24.22,Sedan,3,8.19,40.14,2.09
10.84,Sedan,3,5.94,24.0,0.65
37.75,SUV,3,11.49,51.19,4.65
12.25,SUV,2,7.69,35.62,1.09
13.88,SUV,7,11.15,31.32,1.56
32.24,Sedan,2,6.74,46.06,1.96
16.36,Sedan,4,8.05,35.45,1.57
10.48,SUV,5,11.85,20.2,1.01
28.51,Sedan,3,5.14,48.29,1.65
78.85,Sedan,4,8.03,131.42,7.6
12.03,Bus,37,13.77,41.33,2.23
34.81,Van,12,9.12,42.0,4.06
31.11,Bus,29,15.59,82.12,7.59
69.59,SUV,3,9.76,84.28,8.38
43.24,Sedan,3,6.54,58.85,3.2
20.32,Van,1,10.7,29.15,2.04
28.08,Sedan,3,6.68,32.92,2.36
4.94,SUV,4,9.89,9.87,0.4
49.56,Sedan,2,7.3,81.45,4.08
7.3,Van,14,12.97,11.87,1.31
27.87,Sedan,3,8.68,40.52,2.71
27.77,Bus,32,17.94,64.72,7.21
31.0,Bus,15,16.44,63.83,6.41
10.16,SUV,2,9.92,20.91,0.92
20.19,Van,12,8.94,51.89,1.75
33.08,SUV,6,7.98,58.66,3.13
31.14,Van,3,12.8,47.58,3.74
66.73,SUV,4,8.81,104.58,5.62
47.59,Van,11,8.83,83.42,4.73
18.74,SUV,5,6.77,25.72,1.57
18.29,Bus,21,18.15,54.12,4.35
11.63,SUV,3,10.71,31.92,1.26
31.5,SUV,6,10.69,47.1,4.29
4.99,Van,4,11.2,8.02,0.52
5.78,Van,6,14.62,16.04,0.79
29.49,SUV,3,8.84,42.29,3.02
40.14,Sedan,3,6.33,72.89,2.77
12.9,SUV,6,5.15,28.17,0.72
33.41,Bus,16,16.66,70.5,6.38
52.9,Van,12,12.53,114.52,6.93
38.37,Van,2,13.82,70.02,5.63
26.83,Sedan,3,5.5,49.06,1.45
29.06,SUV,6,9.69,53.11,3.12
32.35,SUV,6,10.57,46.45,4.17
23.08,Van,11,11.02,35.66,3.32
15.85,Sedan,4,4.0,24.44,0.73
23.88,Bus,25,18.74,66.81,5.86
15.2,SUV,1,10.14,19.46,1.82
39.0,Sedan,2,5.36,48.21,2.11
23.15,Sedan,4,6.2,33.04,1.83
11.84,Sedan,3,5.11,22.87,0.74
18.64,SUV,4,5.14,34.62,0.9
12.36,Sedan,2,7.73,24.99,0.78
54.08,Sedan,4,6.5,93.51,3.89
37.7,Van,8,13.88,58.06,5.89
16.63,Sedan,3,7.53,19.04,1.26
14.57,Sedan,1,6.07,16.28,1.12
16.45,SUV,4,8.88,37.29,1.46
7.4,SUV,5,9.85,17.65,0.66
24.13,Van,13,12.74,34.88,3.35
8.64,SUV,6,9.48,21.29,0.92
21.28,Van,1,12.99,31.82,3.22
37.41,SUV,1,8.55,69.04,3.14
51.58,Sedan,2,5.3,75.65,2.73
15.2,Sedan,3,6.42,29.99,0.93
14.38,SUV,1,9.31,19.06,1.61
6.75,Sedan,4,5.06,18.4,0.36
32.17,Van,11,8.59,52.15,3.71
21.68,SUV,3,9.67,37.88,2.53
12.62,Sedan,2,6.01,23.49,0.74
13.81,Sedan,3,6.3,30.45,0.92
42.04,Sedan,4,6.07,58.53,2.87
2.81,SUV,7,11.28,13.37,0.56
47.03,SUV,4,10.89,75.49,5.93
11.46,SUV,2,7.14,23.16,0.77
34.92,Sedan,3,5.86,59.31,2.31
9.1,Van,9,12.53,19.32,1.23
27.67,Bus,39,19.81,52.49,7.84
18.95,Sedan,3,6.45,28.87,1.38
46.42,SUV,3,7.29,84.74,3.07
18.38,Bus,32,15.95,47.51,3.93
49.51,Sedan,1,5.88,59.83,3.28
16.34,SUV,3,9.42,37.27,1.94
33.65,Sedan,3,8.54,58.32,3.47
38.23,SUV,5,7.97,53.88,3.75
18.03,Sedan,4,5.27,26.95,1.02
22.02,Bus,33,17.67,45.41,6.38
7.19,Van,3,12.86,15.74,0.86
26.05,Van,13,8.4,46.87,2.57
35.07,Van,1,13.62,48.24,4.79
52.54,SUV,5,8.74,84.49,5.77
36.89,SUV,2,7.9,51.58,3.15
24.4,Bus,20,13.2,45.24,4.41
17.42,Bus,15,20.12,45.84,3.95
20.69,SUV,3,8.74,40.91,1.96
18.42,Bus,17,18.51,40.03,4.89
39.71,SUV,7,7.65,66.5,3.74
46.99,SUV,2,8.52,67.6,4.81
18.22,SUV,4,8.27,29.69,1.64
30.16,Sedan,4,6.38,53.46,1.82
19.83,Sedan,3,5.7,32.73,1.18
5.79,Sedan,3,4.66,7.66,0.26
8.52,SUV,6,13.09,16.64,1.28
12.07,Sedan,4,4.86,25.18,0.65
19.86,SUV,6,9.27,42.42,1.82
25.05,Bus,17,12.68,57.8,4.69
53.05,Sedan,4,4.1,98.22,2.76
22.5,SUV,1,9.15,37.47,1.97
23.18,Sedan,3,6.71,44.35,1.46
34.98,Sedan,3,8.01,70.15,3.09
9.08,Van,7,11.72,25.12,1.08
25.3,SUV,6,8.78,36.05,2.83
32.91,Van,11,9.29,63.95,3.42
16.42,Sedan,2,8.3,26.32,1.45
21.11,SUV,4,10.39,39.03,2.2
17.86,Sedan,4,5.0,34.69,0.98
16.47,Sedan,3,6.55,31.07,1.4
24.04,Sedan,3,6.67,40.21,2.03
39.88,Sedan,4,6.09,49.07,2.59
29.18,Sedan,2,7.43,53.38,1.8
45.28,Sedan,2,7.5,68.27,3.21
16.34,Bus,39,17.43,43.51,4.93
30.59,Sedan,3,6.16,37.5,1.96
26.18,Sedan,4,8.3,41.99,2.23
39.52,Sedan,3,7.62,41.9,3.11
31.71,SUV,4,9.11,44.15,3.03
44.0,Sedan,1,4.54,46.68,2.51
14.03,Bus,31,19.03,36.06,3.68
53.9,Bus,10,20.09,113.24,13.13
16.37,Sedan,4,4.0,28.21,0.83
15.11,SUV,6,9.38,24.7,1.5
29.82,Sedan,1,6.0,44.93,1.91
4.05,SUV,2,8.67,11.75,0.35
21.14,SUV,6,7.64,37.75,1.81
12.87,Sedan,3,6.32,27.4,0.8
10.37,Sedan,2,8.17,18.53,0.72
12.71,Van,10,10.2,36.13,1.74
16.0,SUV,5,10.45,19.2,1.58
12.74,Sedan,2,5.53,24.76,0.88
9.81,Van,4,12.37,18.4,1.06
16.23,SUV,2,9.0,26.81,1.67
8.01,Bus,23,19.06,18.57,2.12
30.39,Sedan,4,6.51,38.69,2.21
15.21,Van,8,12.15,38.44,1.82
10.24,Van,7,6.38,18.61,0.77
33.36,Sedan,3,4.8,55.43,1.84
30.49,Van,5,11.75,66.34,4.14
11.71,SUV,4,5.93,30.03,0.68
62.78,Bus,19,16.41,125.37,11.77
57.6,Sedan,2,6.43,79.8,3.99
34.63,SUV,1,7.76,50.39,2.99
44.3,Sedan,2,5.67,66.16,2.36
9.74,Bus,42,18.81,29.86,3.44
28.49,Sedan,3,7.71,57.27,2.55
20.3,Bus,9,15.12,45.85,3.39
28.94,Bus,13,16.27,56.52,5.77
32.06,Sedan,3,5.62,45.07,1.95
32.42,Van,8,6.64,56.62,2.19
12.46,Bus,20,18.43,31.06,3.02
80.33,Sedan,1,7.62,108.67,5.85
22.55,SUV,2,10.52,29.71,2.54
9.11,SUV,5,7.69,15.9,0.97
37.56,Sedan,1,5.0,68.14,2.06
13.28,Sedan,3,6.53,16.85,0.72
22.38,Sedan,3,7.5,38.92,2.05
17.72,Sedan,4,6.69,23.02,1.55
29.13,SUV,5,9.43,46.58,2.77
43.93,Sedan,4,7.87,63.24,3.98
25.45,Bus,11,15.78,67.08,5.3
15.76,Van,8,10.6,33.09,2.09
58.82,Sedan,4,8.46,78.14,5.95
48.87,Van,11,10.65,71.98,7.12
81.33,Van,8,8.72,115.82,6.91
14.95,Bus,42,15.99,32.08,3.22
9.74,Sedan,4,5.37,17.84,0.57
6.36,Sedan,2,6.93,8.91,0.46
7.91,Bus,41,15.31,16.1,1.58
17.95,Bus,26,18.81,49.63,5.13
26.71,Van,7,9.68,61.86,3.5
12.57,Van,6,7.18,18.56,0.96
9.57,Sedan,4,6.87,16.31,0.85
29.36,SUV,4,9.22,45.67,2.95
42.98,Sedan,3,7.12,56.92,2.93
3.4,Sedan,3,5.69,13.36,0.28
3.51,Van,1,9.6,10.08,0.38
21.95,Sedan,3,6.98,23.36,1.5
32.55,SUV,2,11.28,55.12,4.41
10.7,Bus,34,18.03,23.84,2.99
7.09,Sedan,2,7.01,22.28,0.57
40.56,Bus,6,17.04,68.28,8.89
21.75,Bus,17,13.37,70.1,4.07
11.56,SUV,4,10.45,23.64,1.3
61.1,Sedan,2,7.59,81.32,4.25
33.87,Sedan,3,7.35,73.46,2.46
20.17,SUV,1,8.73,30.93,1.8
38.6,Sedan,2,7.22,47.84,3.41
6.19,Sedan,3,7.57,12.99,0.73
16.23,Bus,7,22.86,38.39,3.6
13.86,Sedan,2,7.69,27.05,1.35
17.92,Van,3,11.11,31.53,1.89
49.08,Sedan,1,4.93,97.33,2.81
54.87,SUV,5,9.23,83.79,4.9
25.29,Bus,44,18.77,47.64,6.97
14.4,Sedan,3,7.35,22.6,1.13
8.83,Sedan,4,8.12,12.99,0.79
50.84,Van,5,10.83,70.81,5.8
30.27,Van,4,14.78,66.27,5.44
12.76,Van,12,7.83,14.47,1.42
13.68,Sedan,3,7.0,28.59,0.98
24.59,Sedan,3,5.54,44.51,1.63
5.98,Bus,29,12.28,18.21,0.99
19.13,Bus,6,17.39,48.25,3.62
12.26,SUV,5,6.81,31.71,0.92
39.27,Van,11,10.71,72.57,4.86
23.94,SUV,1,9.05,43.97,2.71
14.79,SUV,1,10.68,27.32,1.5
11.17,Sedan,3,4.69,19.0,0.47
59.21,SUV,2,10.36,85.49,7.55
52.52,SUV,6,9.15,78.0,5.34
2.0,Sedan,1,7.73,6.83,0.2
55.22,SUV,3,8.35,80.06,5.18
10.3,Van,11,8.6,21.48,1.09
27.31,Van,14,8.81,41.78,3.07
24.73,SUV,4,7.06,35.97,1.58
8.9,Bus,39,19.43,23.19,2.9
35.56,Sedan,3,8.27,42.6,3.37
11.48,SUV,1,8.15,14.57,0.81
24.55,Van,4,12.13,50.35,3.64
70.01,SUV,1,6.71,101.78,5.54
18.27,Sedan,2,6.72,25.66,1.34
20.86,Sedan,2,7.3,30.21,1.67
20.16,Bus,29,13.66,57.13,4.17
12.85,SUV,7,8.69,26.4,1.29
4.68,Bus,27,20.15,13.22,1.31
18.43,SUV,5,4.6,22.64,1.07
7.03,Van,5,13.4,14.14,1.17
32.76,Van,13,11.64,43.6,5.03
18.58,Van,9,12.29,31.62,3.09
5.64,Sedan,3,6.0,15.67,0.43
52.75,SUV,4,6.42,84.59,3.73
15.98,Van,11,11.96,31.54,2.2
21.17,Sedan,2,6.4,40.34,1.34
21.87,Sedan,1,6.54,34.59,1.43
41.61,Sedan,2,7.81,55.33,3.11
20.59,Bus,19,20.29,44.08,6.31
16.67,Sedan,2,8.81,27.32,1.75
14.71,SUV,3,9.23,18.75,1.25
13.41,SUV,7,7.96,19.48,1.25
7.64,SUV,6,8.72,16.3,0.68
15.74,Van,2,11.75,24.72,1.73
17.99,Sedan,4,7.72,32.08,1.33
41.71,SUV,1,6.8,45.39,3.31
40.69,Van,8,11.02,93.2,5.78
14.98,Van,12,13.9,44.57,2.24
7.13,Sedan,3,6.21,13.8,0.4
10.93,Bus,17,20.79,20.33,2.93
25.16,Van,13,11.89,60.03,4.32
12.22,Bus,22,20.87,28.02,3.61
22.1,SUV,1,7.79,35.13,1.61
4.24,SUV,5,7.79,9.6,0.35
45.34,Bus,43,18.06,116.65,12.07
19.98,Bus,32,13.4,49.58,4.52
17.71,SUV,2,8.6,39.71,1.75
32.86,Sedan,4,6.8,61.31,2.29
16.19,Sedan,2,8.64,24.46,1.67
4.93,Sedan,1,6.98,13.27,0.46
18.91,Sedan,3,7.25,23.43,1.54
20.1,Sedan,4,7.9,42.26,1.38
23.76,Bus,28,15.11,40.51,5.58
61.88,Sedan,1,6.3,115.15,4.88
29.88,Van,10,15.37,69.26,6.05
22.35,Sedan,1,6.41,28.24,1.33
34.53,Sedan,3,7.84,56.0,3.17
5.22,Sedan,4,7.66,12.42,0.34
43.44,Sedan,1,4.73,70.29,2.46
32.69,Van,2,11.56,57.28,3.83
45.44,Bus,12,18.44,69.56,8.7
16.37,Sedan,3,6.9,32.49,1.38
26.89,SUV,7,7.87,45.09,2.12
16.89,SUV,7,7.32,23.71,1.49
59.34,Bus,23,16.57,134.54,12.63
17.66,Van,4,10.82,28.85,2.41
9.72,SUV,7,10.78,17.87,1.15
11.16,Van,5,14.27,16.54,1.91
24.06,Van,7,13.51,46.77,3.14
31.95,Sedan,2,7.53,41.93,2.83
11.25,SUV,4,7.49,13.03,0.74
30.55,Bus,19,16.77,89.38,6.12
43.25,Van,2,11.38,83.26,5.01
39.86,SUV,4,8.05,61.11,4.04
30.26,SUV,6,9.87,54.53,2.76
32.44,Sedan,2,7.36,39.91,2.78
28.29,SUV,6,9.8,52.11,3.53
5.68,Van,6,12.85,18.08,0.74
36.11,SUV,1,7.64,55.84,3.34
15.84,Van,6,12.68,29.18,1.97
41.85,Bus,30,15.91,73.08,7.99
13.38,Sedan,1,5.37,25.24,0.81
17.19,SUV,7,9.8,36.33,2.01
25.47,SUV,2,10.82,50.51,2.67
72.09,Van,1,11.88,136.8,9.35
26.24,Sedan,1,6.52,37.26,1.74
26.24,SUV,1,9.47,60.84,2.38
10.07,Bus,23,18.41,23.66,2.51
8.28,SUV,5,7.31,19.7,0.78
15.37,Bus,30,14.27,26.25,2.96
31.8,Bus,38,17.76,81.18,9.31
26.24,Sedan,3,6.6,39.39,1.78
21.35,Sedan,1,6.51,37.34,1.53
16.39,Bus,22,20.03,43.06,4.0
36.1,Bus,36,17.35,78.78,9.19
52.11,Sedan,4,7.18,87.01,4.76
34.58,Sedan,4,6.33,56.9,2.65
45.85,Sedan,2,8.69,50.05,3.88
20.06,Bus,35,18.24,50.31,6.14
32.06,Sedan,2,9.31,56.89,3.05
63.03,SUV,5,9.53,123.26,6.22
45.66,Van,13,10.62,87.07,5.88
57.0,Sedan,4,5.42,83.38,3.09
46.38,SUV,7,6.84,54.45,4.22
53.54,Sedan,3,5.31,77.19,3.04
16.01,Bus,39,15.36,41.39,3.66
13.22,Sedan,1,6.97,27.69,0.91
19.46,Van,3,10.05,41.84,2.41
17.28,Van,11,11.34,41.26,2.8
14.64,Sedan,4,8.04,26.6,1.4
53.67,Sedan,1,6.39,79.89,3.27
8.61,SUV,6,12.12,13.2,1.28
45.94,Sedan,3,5.09,67.21,2.28
33.58,Van,2,10.73,71.44,3.24
2.0,Van,6,10.03,11.54,0.2
16.57,SUV,6,10.4,38.5,1.95
15.07,SUV,6,5.64,32.16,0.79
12.4,SUV,7,6.84,26.58,0.9
12.24,Van,11,10.81,24.19,1.75
13.6,SUV,3,11.33,20.31,1.49
12.74,Sedan,1,6.77,20.14,0.86
16.53,Sedan,1,4.88,27.44,0.87
13.47,SUV,6,7.2,33.03,1.01
14.88,SUV,4,11.51,21.12,2.03
68.82,SUV,1,8.07,102.44,6.51
31.44,Sedan,2,5.37,52.99,2.0
49.61,Van,14,13.66,73.52,8.7
8.82,Sedan,3,7.71,24.49,0.84
14.45,Sedan,3,8.03,26.42,1.09
11.73,SUV,1,7.57,22.26,1.04
72.84,Sedan,3,4.67,106.52,4.15
38.98,SUV,1,9.2,52.36,3.9
20.26,Sedan,3,6.9,34.44,1.77
42.69,SUV,4,9.55,79.18,4.21
19.76,SUV,7,11.22,36.62,2.49
20.13,Sedan,1,4.42,36.36,0.87
13.35,Sedan,2,7.53,24.74,1.1
18.25,Bus,33,14.71,52.68,4.32
21.33,SUV,7,10.28,31.12,2.7
11.28,SUV,6,8.29,21.56,1.0
46.8,Sedan,3,5.52,59.29,3.11
44.58,SUV,3,8.09,74.6,4.4
14.59,SUV,3,6.83,31.52,1.22
4.43,SUV,6,9.06,7.04,0.37
19.51,Van,7,9.61,47.25,2.03
20.31,Sedan,4,7.44,33.67,1.47
39.32,Sedan,1,7.27,64.78,3.0
23.83,Van,4,14.04,42.9,3.32
5.53,Bus,5,19.1,17.86,1.25
19.12,Sedan,1,7.12,25.64,1.44
24.63,SUV,2,11.1,43.74,2.71
13.96,Sedan,4,5.75,24.24,0.95
40.97,Sedan,4,4.71,82.79,1.81
40.91,Sedan,1,6.74,54.47,3.47
22.99,Sedan,3,4.79,34.51,0.91
46.24,Van,4,15.42,92.36,8.31
3.29,SUV,2,11.18,9.86,0.53
28.05,Sedan,3,9.1,41.81,2.98
29.15,Sedan,4,6.57,36.31,2.11
17.22,Van,3,11.99,46.97,2.1
3.59,Sedan,4,5.95,6.16,0.2
18.3,SUV,7,10.32,40.79,2.43
15.27,Sedan,4,5.04,22.87,0.84
51.49,SUV,5,5.19,84.33,3.41
34.61,Sedan,1,5.55,55.48,2.15
22.46,Sedan,2,4.75,33.33,1.16
20.36,Sedan,4,8.27,33.53,2.14
53.62,Sedan,2,8.68,92.5,5.23
4.33,SUV,5,6.9,13.77,0.33
4.52,Van,8,13.33,18.02,0.7
68.94,Sedan,1,7.64,124.75,4.66
18.15,Sedan,3,4.62,34.14,1.0
8.36,SUV,1,8.41,12.65,0.63
4.7,SUV,3,8.13,12.47,0.35
54.7,Bus,29,20.24,100.38,18.1
10.81,SUV,3,7.16,11.8,0.89
9.47,SUV,5,8.85,18.94,0.97
27.32,SUV,1,7.97,49.42,2.25
36.31,Bus,32,19.42,75.31,10.1
26.53,Van,12,10.61,50.69,3.47
26.56,Sedan,2,5.86,35.0,1.66
11.86,Sedan,2,6.24,20.34,0.92
27.43,Sedan,3,8.94,44.46,2.89
48.8,SUV,6,8.37,60.12,4.08
28.84,Van,10,9.13,56.59,2.81
12.85,SUV,1,9.88,29.64,1.35
37.33,Sedan,3,6.33,59.56,2.19
13.41,Van,14,8.45,25.92,1.28
22.94,Van,8,15.02,47.04,3.88
23.68,Sedan,2,6.08,29.66,1.71
69.54,Van,5,10.32,96.76,6.89
29.52,SUV,4,9.24,40.86,2.87
10.55,Bus,8,23.19,28.46,2.91
9.75,Van,5,7.98,19.93,1.02
23.61,SUV,4,9.41,31.26,2.76
52.74,Van,1,14.76,101.26,8.08
3.55,Bus,19,18.39,7.67,0.82
23.87,SUV,5,7.15,38.0,1.59
48.62,Sedan,3,5.76,83.76,2.6
33.57,Van,1,11.37,52.06,4.56
60.52,Sedan,2,8.1,83.37,5.68
18.85,Sedan,4,6.09,33.11,1.14
9.82,Bus,17,20.48,31.07,2.88
18.65,Van,5,8.42,28.45,1.94
10.93,SUV,6,6.83,15.04,0.99
67.39,Sedan,2,5.92,92.67,4.26
25.0,Sedan,4,8.23,32.27,1.92
28.61,Sedan,2,6.58,55.18,2.08
10.01,Sedan,1,6.85,16.85,0.59
14.5,Van,8,11.5,30.33,2.05
40.37,Sedan,4,7.83,56.77,3.81
21.6,SUV,4,8.08,31.38,2.02
16.84,Sedan,4,7.33,21.79,1.28
24.32,Bus,38,15.51,66.64,6.02
17.08,Sedan,3,8.88,33.94,1.48
2.5,Sedan,3,5.54,8.24,0.2
7.6,Sedan,3,5.44,21.98,0.43
23.3,SUV,5,9.82,47.24,2.69
40.55,SUV,7,9.12,51.34,3.7
15.48,SUV,4,9.49,25.83,1.42
53.69,SUV,5,9.34,80.24,6.05
39.81,Sedan,2,5.19,68.81,2.39
43.54,SUV,1,11.42,51.8,4.72
6.49,SUV,1,10.34,10.45,0.72
38.59,Sedan,4,8.13,57.97,3.05
14.76,Sedan,2,5.87,26.79,1.07
55.75,Sedan,3,7.0,86.31,4.43
18.84,Sedan,3,6.74,26.37,1.09
14.29,SUV,7,10.69,34.22,1.53
14.67,Sedan,2,7.89,23.46,1.04
34.84,Sedan,1,6.73,39.42,2.22
6.05,Sedan,4,4.68,16.95,0.27
25.66,Bus,14,23.34,66.14,6.59
20.82,Bus,40,19.67,54.01,6.29
11.83,Sedan,2,5.77,27.19,0.66
43.04,Sedan,2,6.99,75.51,3.51
33.06,Sedan,2,4.69,60.74,1.81
12.4,SUV,1,10.58,25.53,1.47
8.84,Sedan,4,4.73,16.95,0.37
19.77,Van,7,10.6,45.5,2.34
33.63,SUV,4,9.37,54.92,3.24
29.23,Bus,40,21.12,53.56,11.28
34.13,Sedan,2,6.63,41.64,2.11
4.1,Van,9,12.14,11.16,0.62
11.15,Van,2,10.95,19.9,1.07
27.55,Sedan,1,6.46,37.49,2.07
12.4,Sedan,2,6.6,20.13,0.86
43.56,Sedan,3,6.27,75.71,3.33
18.52,Sedan,3,4.48,28.49,0.92
9.14,Sedan,2,5.58,19.83,0.65
8.41,SUV,3,9.37,26.76,0.92
24.56,SUV,6,8.63,47.85,2.14
9.95,Bus,25,17.53,29.21,2.05
4.46,Sedan,1,6.11,13.36,0.2
12.64,Bus,25,15.41,28.19,2.39
68.47,Sedan,1,5.91,75.1,4.59
2.91,Van,8,10.45,12.01,0.37
14.87,Sedan,4,6.51,12.29,1.08
14.64,Sedan,2,6.97,21.01,1.08
12.81,Bus,35,17.46,23.62,3.64
20.04,Sedan,1,5.26,25.88,1.28
26.78,Van,11,8.48,59.15,2.42
37.88,SUV,6,12.9,71.95,5.72
84.16,SUV,7,7.31,144.23,6.26
34.25,SUV,7,8.22,54.24,3.2
43.41,Van,11,11.93,72.06,5.61
15.3,Sedan,4,6.93,22.7,1.0
20.49,Van,6,11.94,33.16,2.26
18.89,Bus,22,16.67,38.21,4.63
13.3,Sedan,3,6.79,15.18,0.87
22.6,Sedan,4,6.57,37.01,1.79
7.04,Van,13,10.44,13.78,1.04
14.72,SUV,4,9.37,23.53,1.45
47.37,SUV,5,10.58,93.12,5.94
24.66,Sedan,3,6.47,35.31,1.64
47.85,SUV,4,8.98,67.7,4.82
24.99,Sedan,4,7.78,34.61,2.43
18.93,SUV,5,10.44,42.29,1.9
10.16,Van,13,13.85,27.22,1.69
21.51,Sedan,3,4.39,32.52,0.82
13.45,SUV,4,10.36,28.68,1.52
8.09,Bus,25,19.8,20.17,2.32
11.02,Van,4,9.41,26.12,1.29
30.16,Van,10,11.45,59.5,3.61
46.49,SUV,4,10.58,67.68,4.54
31.81,Van,1,9.51,74.62,2.74
10.55,Sedan,4,7.03,29.58,0.84
24.69,Sedan,4,7.55,35.52,1.97
17.6,Sedan,3,5.21,23.12,0.87
27.54,SUV,7,8.79,51.91,2.95
14.71,Van,8,11.54,26.57,1.72
36.34,Sedan,2,5.54,70.02,2.13
36.34,Van,2,9.42,43.32,3.23
33.46,Van,10,10.76,81.58,4.92
23.75,SUV,6,10.2,40.27,2.45
37.05,Sedan,3,7.27,51.8,2.7
6.83,SUV,7,7.71,10.53,0.55
16.93,Sedan,3,7.28,36.61,1.12
43.92,Sedan,2,5.5,64.15,2.74
10.51,Bus,11,13.17,25.27,1.61
38.15,Sedan,1,6.06,57.98,2.2
25.69,Sedan,1,7.85,46.3,2.18
20.26,Bus,17,19.97,33.4,5.93
17.13,Sedan,2,6.5,25.76,1.3
10.55,Van,2,10.25,23.43,1.26
38.33,Sedan,3,6.03,51.52,2.9
24.48,Sedan,3,6.63,18.9,1.95
44.01,Sedan,2,5.22,69.52,2.3
32.25,Sedan,4,6.08,55.73,2.24
22.31,SUV,4,8.68,31.87,2.24
15.71,Van,4,8.57,26.27,1.21
9.8,SUV,1,7.74,13.77,0.85
8.07,Bus,27,19.23,24.23,1.92
42.83,Sedan,4,6.51,63.49,2.94
18.32,SUV,1,8.54,34.59,1.89
30.3,SUV,3,7.63,53.53,2.69
10.47,Bus,44,22.73,27.72,3.27
12.86,Sedan,4,5.49,28.18,0.83
17.25,SUV,1,9.38,19.17,1.82
20.49,Bus,11,16.54,63.19,4.38
5.75,Sedan,4,6.54,12.07,0.51
6.38,Bus,9,19.37,28.21,1.39
12.28,Sedan,4,4.86,25.0,0.75
24.68,Van,9,10.99,41.38,3.56
29.06,Bus,34,21.57,67.03,10.7
29.95,Van,7,14.17,60.69,4.73
39.03,SUV,4,8.8,53.02,3.29
7.06,Sedan,1,6.55,20.73,0.59
22.3,Bus,26,24.63,64.11,6.66
25.8,SUV,3,10.7,37.4,3.09
61.09,Sedan,4,5.76,74.08,3.5
40.84,Van,2,9.89,84.67,4.4
18.88,SUV,5,10.43,28.59,2.36
17.52,Sedan,3,5.29,27.05,0.93
9.5,Sedan,1,7.81,18.74,0.92
14.53,Sedan,4,6.9,25.91,1.24
28.84,SUV,5,9.78,66.39,2.8
25.26,SUV,6,8.61,34.14,2.46
12.1,SUV,1,8.06,30.93,1.24
10.06,Van,7,13.63,24.33,1.8
32.28,Bus,37,17.26,79.1,7.89
27.05,SUV,1,8.38,32.01,2.4
12.87,Sedan,4,6.4,24.13,0.91
32.69,Van,9,11.35,75.48,4.58
20.41,SUV,2,7.45,39.56,1.87
18.67,SUV,3,8.15,29.32,1.79
4.88,SUV,6,8.07,9.96,0.45
23.4,Sedan,1,7.51,39.4,1.91
12.85,Bus,25,15.34,29.82,2.34
19.57,Sedan,4,4.39,40.03,1.11
27.42,Van,6,7.46,49.56,2.05
13.03,Sedan,1,4.74,24.04,0.58
10.48,Bus,32,22.08,35.12,3.79
9.07,Sedan,1,6.52,24.78,0.66
51.96,Sedan,2,7.1,92.57,3.8
14.43,Sedan,2,7.14,28.87,1.04
16.09,Sedan,1,6.57,29.74,1.17
24.77,Sedan,4,6.41,39.84,1.65
36.14,SUV,7,10.57,69.18,4.82
26.85,SUV,5,9.22,46.52,3.08
12.02,Sedan,1,8.18,16.47,1.28
11.4,Sedan,3,7.24,16.87,0.88
16.2,Van,13,9.89,33.69,1.76
43.66,Van,14,10.11,85.49,5.19
24.33,Van,2,9.69,56.45,2.55
20.84,Van,8,13.19,33.72,3.31
16.55,Sedan,3,6.01,31.42,1.0
29.29,Sedan,1,5.54,50.45,1.61
25.35,Sedan,2,6.88,32.01,1.72
40.34,Van,5,10.83,68.48,4.81
4.02,Bus,35,18.88,9.65,1.06
47.91,SUV,2,11.83,69.21,6.17
27.63,Sedan,3,7.6,44.51,2.31
23.38,Sedan,1,6.53,36.38,1.76
17.87,Sedan,4,4.81,34.01,0.95
3.34,SUV,5,8.25,11.65,0.25
23.52,Sedan,1,7.35,42.02,1.89
23.42,Bus,15,14.49,39.9,4.43
63.74,Sedan,2,9.07,93.18,5.22
9.81,Bus,38,18.04,21.0,2.69
14.84,Van,9,11.09,24.03,1.74
26.17,Van,13,9.8,38.78,2.6
46.54,SUV,4,9.75,83.8,4.18
25.32,SUV,3,7.26,45.17,1.85
19.24,SUV,6,12.25,32.28,2.52
8.19,SUV,4,10.98,13.83,0.9
22.84,SUV,4,10.48,32.12,2.83
11.45,Bus,41,13.83,23.67,2.65
2.71,Van,5,11.37,5.0,0.32
12.82,Van,7,13.18,13.18,1.59
23.8,Bus,11,19.78,44.62,5.23
19.23,Sedan,2,5.3,35.07,1.2
25.56,Sedan,4,5.72,40.86,1.61
16.02,SUV,1,8.32,30.16,1.51
22.7,SUV,6,8.09,43.32,2.3
10.83,Van,4,13.75,19.82,1.59
12.0,SUV,2,6.12,27.23,0.78
40.41,SUV,6,9.98,72.02,4.05
62.95,SUV,7,7.06,70.77,5.49
58.27,Sedan,4,5.35,78.96,2.99
13.74,SUV,2,5.99,21.59,0.81
28.64,Van,2,10.01,57.61,3.46
15.45,Sedan,2,8.31,25.63,1.38
22.9,SUV,3,9.4,32.23,2.1
22.95,SUV,7,7.2,30.33,1.83
19.11,Sedan,1,7.72,26.2,1.51
18.48,Sedan,3,7.98,22.99,1.39
3.77,Bus,23,18.31,11.92,1.06
14.61,Sedan,4,8.94,24.14,1.49
29.01,Sedan,4,7.49,29.59,2.26
36.18,Sedan,2,7.32,57.81,3.24
19.13,Van,9,9.55,42.17,1.87
50.41,SUV,7,9.94,100.24,5.14
23.57,SUV,1,9.33,26.84,2.13
45.0,Sedan,4,7.12,60.39,3.01
23.83,Bus,34,15.95,55.97,5.22
2.0,Sedan,3,6.65,10.74,0.2
46.18,Sedan,2,5.52,67.29,2.88
18.1,SUV,6,5.78,26.11,1.17
17.45,Sedan,4,7.7,32.56,1.35
8.05,Bus,37,13.49,20.38,1.67
37.31,Bus,19,18.32,71.18,8.52
150.0,Sedan,1,6.9,230.74,12.44
8.74,Bus,18,18.98,25.08,2.07
45.87,Van,8,10.49,72.06,6.29
17.77,Bus,29,18.81,44.27,4.36
36.05,Sedan,1,7.07,68.6,2.5
10.54,SUV,6,10.1,20.64,1.15
48.12,Sedan,1,8.58,76.31,4.4
31.32,Van,5,11.42,59.34,4.66
17.27,Sedan,2,6.58,26.1,1.13
42.05,SUV,7,7.64,76.97,3.69
23.59,Sedan,4,7.02,36.25,1.49
59.06,Sedan,3,7.3,90.96,4.98
13.38,SUV,7,8.71,30.48,1.27
39.65,Bus,42,19.63,88.81,13.33
33.54,SUV,4,8.56,45.22,3.51
6.31,Bus,21,20.01,22.84,1.4
7.95,Sedan,3,7.6,14.06,0.73
16.65,SUV,1,10.35,24.47,1.74
27.35,SUV,6,9.18,49.9,3.19
35.54,Sedan,3,5.25,56.73,1.81
26.95,SUV,6,8.08,56.64,2.78
39.19,Van,4,12.07,58.93,4.95
18.63,SUV,5,12.67,25.4,2.88
36.21,Van,9,10.39,53.7,4.86
23.32,SUV,6,9.68,45.67,3.0
16.62,Sedan,2,5.83,34.76,0.9
8.13,Sedan,4,5.33,12.11,0.45
4.35,SUV,7,7.99,11.73,0.34
18.3,Sedan,4,4.0,27.31,0.88
24.4,Sedan,2,8.12,41.78,2.01
13.04,SUV,4,5.65,28.17,1.03
15.74,SUV,1,8.6,29.02,1.22
2.0,Sedan,1,5.09,14.85,0.2
16.87,Van,14,9.41,27.66,1.9
9.85,SUV,6,11.06,15.94,1.18
12.44,Sedan,3,6.74,20.39,0.66
32.17,Van,5,9.26,67.54,3.22
19.76,SUV,1,8.12,40.61,1.62
26.94,SUV,4,7.85,53.89,2.44
5.37,SUV,1,8.93,13.32,0.59
43.81,Sedan,2,6.71,60.11,2.95
22.42,Van,1,14.41,44.64,3.78
35.31,Sedan,4,4.2,53.57,1.7
8.7,Bus,32,17.9,20.88,2.3
29.55,Van,11,10.43,50.0,3.85
16.88,SUV,4,10.42,33.45,2.23
67.01,Sedan,4,6.93,124.67,5.95
13.71,Sedan,2,7.21,24.9,1.05
23.14,Sedan,4,6.91,42.95,1.96
9.35,SUV,3,7.6,24.22,0.8
22.89,Sedan,3,7.95,38.05,2.02
20.74,SUV,6,10.2,52.41,2.07
41.3,Sedan,3,7.6,67.89,3.1
23.86,Bus,6,21.79,64.23,5.55
17.26,Sedan,1,7.0,27.72,1.47
20.48,Bus,32,22.44,57.32,5.89
5.21,Bus,40,19.13,21.84,1.53
24.94,SUV,4,8.67,41.47,2.14
37.67,Van,12,10.99,74.04,5.4
23.43,SUV,2,8.96,39.26,2.43
6.18,SUV,4,8.22,13.4,0.53
26.88,Sedan,3,8.46,43.06,2.6
27.63,Sedan,3,6.86,33.46,2.32
29.19,SUV,1,9.14,47.5,3.26
20.49,SUV,2,9.58,41.09,2.1
24.58,SUV,1,13.47,50.49,3.33
27.53,Sedan,4,5.14,49.07,1.31
11.07,Sedan,3,5.49,16.31,0.47
12.45,Sedan,2,4.84,22.11,0.76
29.56,Sedan,3,6.22,50.1,2.04
12.26,Sedan,2,6.79,24.67,0.81
19.64,Sedan,1,5.94,32.94,1.14
29.26,Sedan,4,5.85,39.63,1.76
39.24,Van,5,11.26,67.57,5.17
14.08,Sedan,4,5.9,29.13,0.76
12.02,Van,1,11.56,11.75,1.28
29.34,Sedan,1,7.84,58.3,2.29
40.49,Bus,27,20.03,103.02,12.36
6.08,SUV,6,10.32,14.09,0.89
21.81,Sedan,3,7.8,32.56,1.6
51.5,SUV,6,9.42,88.78,5.09
11.31,Sedan,3,6.31,18.54,0.77
30.03,SUV,2,7.84,49.08,3.01
20.15,Sedan,4,6.03,25.49,1.56
20.56,Bus,29,16.43,44.78,4.42
18.69,SUV,3,10.1,31.71,1.75
25.57,Sedan,3,6.92,42.63,1.97
41.54,Van,10,12.25,85.42,5.83
11.67,Sedan,1,5.11,15.18,0.56
12.45,Van,4,13.58,32.51,1.96
25.01,SUV,5,8.36,46.95,2.05
25.9,Van,6,9.02,50.43,2.44
18.56,Sedan,3,5.97,23.0,1.3
37.91,Van,5,15.47,78.61,6.95
13.38,Van,7,10.3,29.07,1.57
12.68,Sedan,4,6.11,19.61,1.01
23.29,Sedan,2,6.27,37.65,1.44
11.42,Sedan,3,6.32,19.99,0.86
78.42,Bus,25,15.66,195.94,14.7
7.56,Sedan,2,6.67,12.58,0.49
48.23,SUV,5,10.61,96.44,5.72
12.93,Sedan,3,6.88,20.79,0.83
7.38,Sedan,3,5.17,19.07,0.53
24.73,SUV,6,8.48,37.42,1.89
18.36,Bus,16,16.35,40.25,3.91
64.79,SUV,1,9.08,81.61,5.9
27.03,Van,4,13.39,42.81,3.35
17.94,SUV,5,8.78,28.67,1.81
20.28,Sedan,1,6.39,34.98,1.41
3.6,Sedan,2,8.63,7.32,0.22
2.88,SUV,7,10.31,6.39,0.35
5.92,Bus,23,19.72,21.42,1.37
18.68,Bus,7,23.87,35.95,4.95
21.4,Sedan,4,7.09,19.98,1.83
27.63,Sedan,1,4.12,38.07,1.29
32.63,Sedan,2,7.5,52.34,2.81
3.75,Bus,40,13.22,17.69,0.58
25.46,Bus,13,19.36,60.8,5.41
43.63,Van,2,7.92,58.8,3.26
16.05,Sedan,1,5.94,24.92,0.92
75.49,SUV,2,8.45,117.25,7.02
20.42,SUV,4,7.84,40.39,1.64
13.57,Sedan,1,6.08,21.23,0.98
35.57,SUV,1,10.55,46.37,3.5
27.6,Sedan,4,5.64,59.17,1.86
44.9,Sedan,2,7.15,71.16,3.69
32.43,Bus,15,15.1,77.6,6.94
21.51,Van,3,10.66,35.6,2.76
33.3,SUV,6,9.49,55.91,3.87
5.47,SUV,2,7.51,13.78,0.32
29.02,Sedan,3,4.93,35.2,1.43
19.81,Van,1,11.89,33.36,2.48
8.01,Van,4,13.02,21.15,0.98
31.87,Van,11,10.86,46.4,4.27
41.1,Van,6,10.18,62.93,4.99
17.0,Sedan,1,6.69,25.58,1.05
11.3,Sedan,2,6.57,23.4,0.83
37.56,SUV,7,9.36,53.11,3.43
11.1,Sedan,4,4.0,16.96,0.58
21.58,Van,1,9.08,41.18,1.71
20.93,Sedan,4,5.49,40.83,1.26
10.68,Sedan,3,6.68,11.19,0.67
7.5,Sedan,3,6.72,9.78,0.73
34.87,Bus,35,19.91,90.16,9.04
26.37,Sedan,4,6.81,42.42,2.27
15.47,SUV,5,7.05,27.96,1.31
15.88,SUV,7,11.17,27.24,1.89
27.67,Sedan,3,8.03,44.7,2.21
14.38,SUV,6,7.11,33.75,1.14
18.36,Van,3,11.6,29.92,1.87
13.49,SUV,1,8.11,22.0,0.91
17.13,Bus,38,18.42,50.69,4.88
18.1,Sedan,1,7.76,24.14,1.79
28.39,Sedan,3,9.06,42.22,2.34
13.01,Bus,28,20.25,39.64,3.15
38.98,Sedan,2,6.85,66.04,3.15
27.9,SUV,6,8.49,47.82,2.87
19.95,Van,14,11.33,41.37,3.07
17.38,Sedan,1,8.13,22.81,1.64
15.65,Van,14,10.92,18.11,2.02
34.78,Sedan,4,5.44,42.96,2.1
14.39,Sedan,4,4.56,16.52,0.71
3.91,Sedan,2,7.12,11.31,0.51
14.08,Van,9,11.45,30.69,1.79
45.76,Sedan,1,5.72,66.04,2.29
9.23,Van,13,12.85,21.68,1.33
52.97,Bus,5,16.73,97.97,11.37
15.05,SUV,1,8.8,23.44,1.43
14.43,SUV,6,8.98,24.93,1.44
58.93,SUV,7,8.47,89.87,5.29
23.42,Sedan,2,6.78,29.93,1.56
33.27,SUV,5,10.73,53.94,4.22
10.58,SUV,1,7.29,21.52,0.9
16.25,Bus,10,19.47,43.84,3.49
2.98,Bus,43,18.52,9.82,1.15
13.56,Bus,14,18.46,47.57,3.38
16.61,Bus,25,20.62,44.36,4.81
15.58,SUV,3,9.07,30.26,1.75
18.25,Van,3,11.86,37.89,2.58
16.2,Bus,32,20.15,45.61,4.94
3.61,Sedan,2,5.89,11.34,0.2
13.13,Bus,31,18.9,43.14,3.14
21.86,SUV,4,8.62,25.9,2.12
25.15,SUV,4,8.8,27.75,2.42
44.01,Van,1,10.42,55.06,5.63
3.04,Bus,44,19.41,5.93,0.63
13.69,Sedan,1,6.6,18.03,1.09
34.3,Van,9,11.71,63.46,4.38
20.97,SUV,2,8.97,40.65,2.25
14.03,Sedan,2,4.58,23.29,0.75
36.69,Van,13,11.06,54.88,4.78
20.55,SUV,5,9.1,34.23,1.86
31.36,Van,4,11.44,61.17,3.54
18.92,Sedan,4,5.79,33.32,1.24
3.2,SUV,3,7.21,14.75,0.27
44.71,SUV,4,9.94,63.77,5.49
17.38,SUV,4,8.59,30.28,1.8
5.87,Sedan,4,6.71,20.56,0.34
13.37,Bus,39,17.16,37.8,3.76
9.81,SUV,7,8.99,10.44,1.15
2.12,Van,3,10.19,5.01,0.27
15.86,SUV,4,7.55,26.31,1.35
3.35,Sedan,2,7.07,14.28,0.24
15.77,SUV,7,8.1,36.04,1.53
23.22,SUV,3,9.25,43.83,2.42
22.88,SUV,3,9.62,28.4,2.23
12.05,SUV,5,8.12,25.95,0.98
7.43,SUV,4,7.19,12.54,0.48
33.26,Sedan,3,9.41,56.69,3.52
25.88,SUV,4,8.21,45.0,2.64
13.85,Sedan,2,7.25,16.47,1.04
5.05,Sedan,4,8.83,9.62,0.39
8.84,Bus,41,20.37,21.5,2.97
53.84,SUV,7,8.55,89.59,5.67
31.59,Van,5,10.88,51.72,3.9
23.45,SUV,7,7.75,40.48,1.61
9.79,Bus,10,20.65,31.17,2.47
9.93,SUV,1,9.85,23.32,1.19
34.14,Van,5,10.07,59.64,3.23
47.73,Sedan,1,5.25,53.63,2.28
34.46,Bus,32,14.04,69.68,7.86
15.47,Van,5,12.78,26.26,2.18
11.12,Bus,28,18.36,29.45,2.99
9.11,Sedan,3,6.76,23.17,0.55
14.57,Sedan,4,5.51,27.47,0.77
9.89,Sedan,3,4.74,11.73,0.4
20.5,Sedan,3,7.66,29.87,1.41
5.05,Bus,26,18.13,15.91,1.25
18.84,Sedan,2,7.59,32.07,1.43
62.72,Sedan,2,6.04,116.06,4.56
34.55,Sedan,2,6.22,58.56,1.92
20.72,Sedan,1,7.36,32.59,1.45
62.36,Sedan,2,7.38,75.67,4.61
25.84,Van,5,12.44,51.72,3.24
9.43,SUV,1,8.56,19.84,0.73
33.04,Sedan,1,7.24,45.65,2.3
7.52,SUV,3,10.66,11.78,0.86
3.84,SUV,7,8.84,10.82,0.49
25.28,Sedan,1,5.88,50.19,1.56
28.27,Van,2,13.42,50.07,4.07
33.11,Van,9,9.82,73.13,3.1
28.11,Van,11,12.13,72.72,4.19
24.55,Van,6,10.89,31.16,2.28
12.49,Sedan,3,4.29,31.34,0.64
22.45,Bus,42,21.39,60.31,7.49
33.19,Van,5,6.04,59.51,1.93
24.52,Bus,8,12.05,64.14,2.99
29.75,Sedan,3,7.13,40.91,1.89
52.97,Bus,22,19.58,101.42,14.02
29.13,Van,7,9.85,42.92,3.62
36.03,Van,6,11.27,75.5,5.06
5.39,Sedan,3,4.0,7.77,0.31
24.86,Van,12,12.27,53.66,4.2
60.75,Bus,11,18.75,102.1,15.21
21.72,Van,9,10.92,43.82,2.89
21.88,SUV,2,9.03,42.25,2.08
16.29,Bus,5,19.48,44.35,3.85
15.48,SUV,4,8.96,28.9,1.47
51.57,SUV,3,6.19,71.29,3.15
3.17,SUV,4,12.29,13.78,0.55
23.75,Bus,22,21.6,65.06,7.93
16.65,Sedan,1,4.96,30.12,0.91
4.35,SUV,1,8.48,14.62,0.23
33.07,Van,2,10.58,55.16,3.3
18.6,Van,7,12.94,39.17,2.57
23.47,SUV,7,5.76,48.12,1.52
14.59,Bus,21,16.5,35.23,3.17
26.17,Bus,5,12.72,54.03,3.94
28.51,Sedan,3,6.16,35.88,1.89
8.74,SUV,6,8.29,24.82,0.81
8.71,Sedan,4,6.6,23.24,0.56
14.55,Sedan,3,5.77,21.23,0.89
47.41,SUV,7,7.87,70.25,4.35
15.1,Bus,25,19.86,31.76,4.55
14.81,Van,5,11.82,29.23,2.19
12.65,Sedan,3,7.16,26.69,0.82
53.74,Sedan,3,6.29,71.6,3.03
22.04,SUV,6,8.14,36.66,1.91
38.12,SUV,6,8.82,53.92,4.36
40.36,Sedan,4,7.1,46.39,2.94
9.43,Bus,18,11.47,30.64,1.52
11.53,Bus,39,19.18,37.95,3.29
23.3,SUV,5,9.46,36.57,2.4
9.15,Bus,8,18.19,26.54,2.24
11.29,Sedan,3,6.32,31.24,0.91
15.59,Van,12,6.38,27.43,1.36
11.63,SUV,4,8.34,21.89,1.1
7.68,Sedan,2,8.65,11.08,0.7
12.87,Bus,34,18.04,34.22,3.12
20.45,SUV,1,8.54,28.27,1.97
9.96,Van,3,11.03,18.14,1.29
13.32,Sedan,4,6.93,28.39,0.91
16.56,Sedan,2,7.29,22.49,1.11
54.69,Sedan,1,6.23,73.68,3.0
11.0,SUV,6,9.64,21.2,1.31
43.77,Van,13,14.02,85.99,6.63
3.11,Sedan,3,7.71,5.0,0.23
32.2,Van,12,15.21,52.96,5.97
28.46,Van,5,9.82,44.66,3.61
32.12,Van,4,14.02,59.37,4.8
29.71,SUV,3,7.81,66.35,2.5
36.23,Bus,6,19.06,58.84,6.98
15.28,SUV,3,10.1,23.4,1.68
44.28,SUV,4,8.23,79.76,3.77
11.4,Sedan,2,6.61,23.59,0.93
3.55,Sedan,4,7.59,9.07,0.21
4.34,Sedan,2,5.65,6.74,0.2
21.92,SUV,3,11.5,43.09,2.26
26.79,Sedan,1,4.84,38.0,1.44
33.29,Sedan,3,8.83,42.46,3.12
21.35,Van,4,12.8,49.03,3.39
12.15,Sedan,3,6.39,26.11,0.95
32.75,Sedan,1,6.02,44.95,2.22
19.79,Sedan,4,5.89,35.95,1.42
11.7,Van,8,10.76,22.62,1.63
25.69,Sedan,2,6.44,46.72,1.85
19.39,SUV,6,10.88,31.06,2.36
93.33,SUV,7,11.95,110.02,14.13
75.63,Van,13,11.36,161.48,8.91
10.95,SUV,1,7.73,18.14,1.02
4.12,Van,5,10.02,9.2,0.58
9.22,Sedan,1,6.28,17.45,0.65
4.86,Sedan,4,5.26,10.54,0.4
28.31,Sedan,3,5.09,44.9,1.64
41.55,Sedan,4,9.02,59.56,3.97
9.27,Sedan,3,6.86,18.15,0.81
39.41,Sedan,2,5.5,50.7,2.1
7.08,SUV,1,10.22,20.9,0.76
38.59,Van,3,8.88,79.55,3.36
10.54,Sedan,4,5.18,24.1,0.54
20.75,Van,12,9.55,33.69,2.81
33.37,Sedan,4,8.49,41.19,2.82
15.34,Sedan,4,6.2,26.77,1.1
6.62,SUV,7,5.34,14.84,0.38
66.25,Sedan,1,7.95,106.11,5.66
6.65,Sedan,4,6.13,13.08,0.41
54.35,SUV,5,6.23,116.01,3.94
27.89,Bus,37,17.05,76.42,7.89
41.94,Van,10,11.94,67.38,5.74
29.95,Sedan,2,6.98,37.37,2.51
6.87,Van,13,14.24,18.38,1.28
5.04,Van,13,9.47,16.39,0.56
12.12,SUV,7,9.07,25.57,1.21
2.84,Van,8,9.74,19.4,0.39
21.37,SUV,1,6.69,44.76,1.37
22.18,Sedan,1,7.56,42.32,1.8
16.8,SUV,6,9.69,48.38,2.01
9.18,SUV,1,9.43,21.11,0.93
24.26,SUV,7,9.64,49.55,2.69
10.56,SUV,4,7.97,17.73,0.82
20.17,Bus,40,14.98,60.4,5.28
10.18,Bus,27,18.11,19.55,2.25
14.77,Bus,21,21.48,33.71,4.78
87.02,Van,13,13.89,181.1,14.67
35.36,Bus,14,20.39,87.77,9.54
7.17,Sedan,1,6.54,18.72,0.62
55.16,Sedan,2,6.82,101.83,3.93
29.66,SUV,1,9.02,50.59,2.59
16.07,Van,10,9.15,34.25,2.12
18.0,SUV,3,9.04,39.53,1.38
24.27,Van,1,8.6,49.15,2.0
54.59,Sedan,1,6.35,101.33,3.54
27.64,Sedan,4,8.46,49.34,2.91
12.02,Van,2,12.48,26.56,1.48
16.01,Sedan,2,5.39,24.43,0.72
12.22,Sedan,4,6.41,17.92,0.93
24.8,Sedan,1,5.5,46.03,1.25
29.21,Sedan,2,6.42,45.26,1.68
29.42,Van,1,12.87,48.62,4.15
44.92,Sedan,3,7.28,84.65,3.47
28.36,SUV,2,12.73,51.25,3.53
8.75,Sedan,1,7.93,10.77,0.71
46.44,Van,11,11.37,81.51,6.09
18.2,Sedan,1,7.31,39.61,1.65
19.88,SUV,5,8.7,39.85,2.01
15.36,Van,11,8.97,37.76,1.27
11.06,Sedan,2,8.07,20.27,1.2
11.72,Bus,28,21.03,33.39,3.14
36.39,SUV,7,8.64,69.66,3.65
21.33,SUV,5,9.41,39.69,2.56
15.71,Sedan,4,7.99,34.03,1.33
45.48,Bus,20,20.54,97.88,11.71
28.38,Van,9,8.37,48.62,3.15
17.04,Sedan,3,6.79,37.51,0.99
48.94,Sedan,2,6.3,73.3,2.7
42.63,Van,8,13.0,73.12,7.13
15.8,Van,6,12.86,21.5,2.68
13.15,Van,8,13.37,25.31,1.96
30.93,SUV,4,7.32,51.27,2.59
15.12,Van,1,9.59,25.15,1.42
21.55,Sedan,3,7.84,28.99,2.0
18.84,Sedan,4,5.79,36.38,1.21
22.04,SUV,5,6.72,57.04,1.66
51.6,Bus,7,19.6,110.87,10.01
21.75,Sedan,2,5.84,33.31,1.49
33.43,SUV,3,11.68,64.95,4.42
22.81,Van,13,11.53,44.13,2.93
21.37,SUV,1,9.24,29.75,2.57
9.19,Van,14,10.34,14.69,1.11
4.91,Van,13,13.86,15.53,0.96
11.66,Sedan,2,6.93,14.26,0.75
3.74,Bus,34,16.77,20.59,1.02
12.11,Van,5,9.57,18.87,1.28
21.6,Bus,42,17.78,35.94,5.96
14.23,Van,9,9.24,29.74,1.43
4.36,Bus,36,21.09,12.09,1.43
100.13,Sedan,4,4.33,148.83,4.55
19.4,Sedan,4,6.33,37.9,1.24
19.04,Bus,10,19.83,45.23,3.99
43.17,Sedan,3,6.91,83.69,3.64
38.99,Sedan,1,5.64,68.85,2.5
19.05,Van,9,12.19,45.66,2.64
20.42,Van,8,9.41,37.08,2.07
60.42,Sedan,2,6.47,88.17,4.24
19.26,Bus,7,19.96,57.76,4.16
37.49,Van,11,11.83,67.47,5.45
13.36,SUV,5,7.99,18.84,1.19
10.11,Van,14,13.16,30.68,1.33
28.68,SUV,6,9.13,55.99,2.62
37.13,Sedan,1,7.39,50.55,2.75
7.67,Sedan,3,8.33,19.62,0.72
27.85,SUV,2,10.68,46.52,3.75
13.75,SUV,6,10.68,18.4,1.74
2.41,Van,13,11.35,5.0,0.34
8.13,Van,9,12.43,14.42,1.09
15.4,SUV,3,9.32,24.9,1.49
36.95,Van,11,8.82,55.08,4.15
31.0,Sedan,4,6.86,46.18,2.56
7.31,Sedan,2,6.81,16.05,0.53
28.95,Bus,41,19.75,49.83,8.88
10.77,Sedan,1,6.35,14.94,0.91
27.16,Sedan,4,5.59,40.88,1.74
11.51,Van,3,12.18,25.43,1.31
57.57,SUV,3,7.03,77.23,4.56
12.38,Bus,32,22.38,31.42,4.63
16.15,Sedan,4,6.22,26.1,1.22
10.77,Sedan,2,6.79,14.61,0.94
29.2,Sedan,4,7.17,53.92,2.16
10.43,SUV,1,9.89,22.91,1.14
4.37,Sedan,3,4.81,14.35,0.2
25.91,SUV,5,10.24,31.18,2.52
25.19,Bus,14,18.91,69.66,6.51
8.9,Bus,19,16.09,27.84,1.49
10.99,Sedan,4,5.6,18.9,0.83
17.33,SUV,3,8.5,33.33,1.41
30.2,SUV,2,7.05,58.79,2.12
66.92,Bus,34,23.17,113.1,19.69
30.07,Bus,37,22.46,89.09,8.85
32.44,Sedan,1,7.04,47.75,2.77
51.56,Van,9,10.6,78.36,5.5
33.6,Sedan,3,6.26,47.77,2.45
56.12,Sedan,2,7.41,79.16,5.09
22.09,Sedan,4,8.61,31.81,2.39
25.36,SUV,4,8.14,48.1,2.6
10.89,SUV,5,7.32,16.97,1.11
9.19,Sedan,3,8.36,16.32,0.96
14.11,Van,9,7.78,26.09,1.59
34.38,Sedan,2,5.29,56.56,1.66
35.58,SUV,4,8.63,50.24,3.01
20.66,Sedan,4,4.63,17.5,0.83
41.11,Sedan,4,7.83,53.17,3.75
15.26,SUV,4,10.29,24.94,1.52
8.39,Sedan,2,5.81,23.33,0.51
30.24,SUV,7,10.92,48.36,4.15
24.54,Sedan,3,8.24,34.02,2.14
25.04,SUV,2,8.83,57.54,2.03
57.51,Sedan,4,5.96,77.2,3.82
24.93,Van,6,15.07,55.82,3.97
38.08,Van,1,12.3,74.0,5.21
2.0,Sedan,2,6.81,5.78,0.2
24.45,SUV,5,11.05,41.29,3.46
6.72,Sedan,3,6.86,21.54,0.6
18.03,SUV,1,8.24,38.89,1.29
14.58,Sedan,2,6.6,33.58,0.9
50.32,SUV,3,10.56,80.32,6.6
52.21,SUV,7,6.01,73.47,3.63
55.25,Bus,18,17.14,110.17,13.1
23.47,SUV,7,11.07,34.96,2.93
3.02,SUV,2,8.23,12.8,0.38
27.85,SUV,5,11.32,37.55,3.12
15.76,Bus,33,22.24,31.31,5.54
22.72,Van,4,10.88,33.8,3.12
9.86,Sedan,3,5.82,12.63,0.61
49.69,Van,10,10.48,64.16,5.98
33.9,SUV,2,13.0,52.0,4.95
17.96,Van,13,14.37,38.92,3.61
11.66,Van,1,11.23,20.2,1.57
36.65,Sedan,3,5.77,57.17,2.26
41.28,Van,14,11.21,62.27,6.05
15.72,Sedan,4,6.79,17.85,1.38
12.01,Sedan,3,5.01,22.53,0.59
23.57,Sedan,3,6.6,40.85,1.79
27.09,Van,6,13.38,46.25,3.79
8.58,Sedan,1,4.34,18.57,0.44
38.83,Sedan,2,7.49,53.93,3.46
18.44,Van,2,13.47,38.71,2.71
44.93,Sedan,4,5.83,56.32,2.59
45.4,Sedan,4,8.53,79.45,4.71
43.02,Sedan,4,5.67,49.06,2.8
6.37,Sedan,2,7.03,12.53,0.52
7.96,SUV,4,8.54,19.09,0.74
35.42,Sedan,4,6.13,39.88,2.05
35.35,Bus,31,16.15,92.73,7.34
9.14,Van,11,12.26,23.47,1.36
20.18,Sedan,2,7.52,35.03,1.65
40.23,Sedan,3,6.42,59.77,3.32
3.39,SUV,7,6.96,9.6,0.29
29.93,SUV,5,9.6,48.6,2.91
34.89,Sedan,2,7.01,60.9,2.31
26.93,Sedan,2,6.24,48.74,1.65
30.8,Bus,18,23.6,57.12,10.62
20.92,Sedan,2,4.62,28.43,0.88
18.19,Sedan,3,4.0,36.24,0.8
23.07,Bus,33,15.81,63.64,5.98
38.87,Van,7,12.28,77.97,6.17
14.61,Sedan,1,5.23,23.13,0.83
16.7,Van,6,9.23,31.88,1.57
8.62,Sedan,4,7.64,22.69,0.5
18.31,Van,6,11.83,26.82,2.29
8.75,SUV,6,9.57,14.41,0.96
42.7,Van,4,12.41,79.44,6.17
19.73,Bus,40,16.72,38.9,5.54
10.07,Bus,14,16.86,29.18,1.97
39.16,Bus,26,20.43,74.69,11.58
10.3,SUV,1,6.98,22.27,0.64
7.6,Sedan,3,4.0,22.25,0.52
4.05,SUV,6,8.35,9.75,0.42
4.89,Van,2,12.68,19.77,0.82
19.33,Bus,8,18.77,39.22,3.88
20.85,Sedan,1,7.53,39.41,1.76
31.01,Bus,17,11.95,76.41,5.1
23.37,Van,10,11.57,49.74,2.75
22.52,Bus,17,19.96,60.42,5.57
9.62,Bus,16,13.95,22.98,1.36
40.29,Sedan,4,7.53,80.23,3.04
26.1,Sedan,3,6.37,36.89,1.39
18.52,Sedan,3,10.19,27.54,2.24
24.18,Sedan,1,4.0,26.59,0.93
33.09,SUV,5,11.05,56.73,3.87
8.79,Van,6,10.29,24.46,0.89
12.52,Bus,44,13.15,35.63,2.07
3.22,SUV,4,8.21,5.0,0.29
20.34,Sedan,1,6.83,35.85,1.55
28.49,Sedan,4,7.74,55.69,2.37
26.52,Sedan,3,8.57,42.99,2.15
33.3,Sedan,1,8.21,43.06,3.18
31.61,SUV,7,7.55,63.25,3.01
21.2,Sedan,2,7.86,33.9,1.85
30.1,Sedan,3,6.97,48.35,2.08
52.64,Sedan,1,5.71,88.32,3.42
38.26,SUV,7,8.68,44.46,3.24
36.48,SUV,3,7.94,44.57,2.78
15.83,SUV,1,9.06,27.84,1.45
17.04,SUV,6,7.91,22.99,1.41
41.13,Bus,19,14.92,104.85,9.07
8.43,Sedan,1,7.07,23.79,0.77
22.5,SUV,3,9.94,37.07,2.21
38.09,Van,3,10.66,68.84,5.09
22.86,SUV,4,11.05,43.42,2.57
19.45,Bus,27,17.22,44.67,4.76
33.17,Sedan,1,6.14,47.08,2.19
28.44,SUV,5,9.99,49.12,3.4
36.26,Sedan,4,6.34,55.64,2.46
66.92,SUV,3,9.13,132.09,7.46
17.88,Sedan,4,4.0,34.01,0.8
31.2,Sedan,2,6.52,49.27,2.36
18.08,SUV,4,6.26,32.45,1.31
8.72,SUV,5,7.17,18.57,0.72
19.74,Sedan,4,4.9,27.55,0.99
6.66,Van,14,9.12,19.85,0.77
10.0,SUV,6,8.18,11.92,0.77
30.47,Sedan,4,5.92,37.97,2.15
28.61,SUV,4,10.0,34.87,3.37
46.27,Van,8,11.4,79.84,5.97
41.35,SUV,5,6.15,61.62,2.7
12.4,Sedan,1,6.6,23.78,0.83
33.48,Sedan,2,6.88,53.04,2.1
28.43,SUV,7,8.51,51.55,2.83
15.42,Bus,26,17.82,28.08,4.35
24.5,Van,9,11.34,50.8,3.42
11.74,Sedan,3,7.42,20.48,0.99
43.97,SUV,4,6.64,68.92,3.79
29.49,Bus,12,17.27,82.52,6.21
46.93,Sedan,4,8.31,53.97,4.19
7.18,Bus,21,22.25,27.14,2.09
21.81,Bus,30,20.55,43.46,6.38
11.77,Sedan,3,7.14,20.37,1.2
4.69,Bus,37,22.96,10.5,1.82
13.39,Sedan,2,8.8,25.49,1.47
13.17,Van,6,10.77,18.93,1.44
33.44,SUV,3,7.55,75.26,2.62
25.25,SUV,7,8.59,42.37,2.65
37.42,SUV,6,13.65,66.84,5.44
14.87,Van,2,8.18,25.58,1.45
39.84,Sedan,1,5.94,56.42,2.76
19.15,SUV,7,6.88,36.77,1.62
12.45,Sedan,2,6.65,26.78,0.83
4.91,Sedan,2,5.06,14.44,0.33
8.22,Sedan,4,6.37,23.17,0.63
13.71,SUV,7,6.07,23.53,1.0
24.12,Sedan,1,7.24,41.75,1.93
12.02,Sedan,1,7.97,23.4,1.15
69.53,Sedan,4,6.04,98.24,4.01
32.26,Sedan,3,6.34,70.98,2.64
9.63,SUV,1,8.75,25.29,0.82
15.44,Bus,36,18.54,42.4,4.44
16.95,Sedan,1,6.45,31.39,1.46
26.38,Bus,18,20.3,70.81,7.03
5.1,Van,2,13.22,8.15,0.6
55.87,SUV,1,7.78,107.6,4.74
66.72,SUV,7,8.54,113.79,7.52
28.57,Van,12,12.62,59.25,4.06
46.06,Sedan,1,4.79,75.39,2.63
24.81,SUV,7,6.04,46.3,1.92
17.26,Van,4,11.41,28.45,2.52
10.03,SUV,2,9.74,22.06,1.15
28.01,Van,7,9.7,46.11,3.04
21.85,Sedan,3,5.81,41.44,1.29
57.19,Van,14,9.63,110.89,6.72
34.17,SUV,6,7.7,60.03,2.51
11.08,Sedan,1,7.33,18.86,0.84
31.54,Sedan,4,5.08,52.49,2.2
14.77,SUV,1,8.6,28.83,1.55
10.89,Bus,9,15.28,33.99,1.85
13.94,SUV,5,6.82,25.07,1.01
12.42,Van,6,12.57,24.37,1.91
26.81,SUV,6,8.22,47.47,2.6
33.65,Sedan,4,6.73,49.6,2.53
6.83,Sedan,4,4.69,13.32,0.37
13.27,Sedan,4,5.61,10.14,0.82
31.22,Sedan,2,7.41,37.16,2.41
34.74,Sedan,3,9.6,50.36,3.95
25.29,Van,3,7.44,57.68,2.22
20.37,Van,11,10.64,38.51,3.09
11.41,Sedan,1,6.99,21.89,0.78
7.69,Sedan,4,5.76,9.21,0.47
17.14,Sedan,3,7.52,18.41,1.23
17.42,SUV,1,7.7,28.56,1.53
19.97,Sedan,1,6.68,33.1,1.54
27.19,Sedan,1,5.87,38.31,1.55
26.15,Bus,25,21.66,66.72,7.99
30.51,Van,7,9.78,52.17,3.13
21.1,Sedan,2,6.08,21.75,1.29
11.16,SUV,1,10.42,17.54,1.37
58.29,Sedan,4,5.27,66.38,3.84
8.81,Van,5,11.12,23.15,1.13
11.36,SUV,4,6.27,26.75,0.56
25.9,Sedan,1,5.19,46.78,1.36
14.66,Van,2,11.69,21.53,1.66
46.71,Sedan,1,5.31,57.18,2.48
21.26,Sedan,2,5.85,27.54,1.5
30.13,Sedan,4,7.09,47.81,2.69
18.83,SUV,3,8.13,37.07,1.84
6.16,Sedan,1,7.49,10.19,0.52
75.36,Sedan,2,6.76,88.84,4.97
24.99,Sedan,4,7.02,44.54,2.04
11.15,Sedan,1,7.99,24.4,1.09
20.29,Van,5,11.58,39.35,2.68
34.24,Sedan,1,8.35,61.36,2.76
4.98,Sedan,2,7.59,5.0,0.48
21.34,Van,12,10.06,50.51,2.44
17.04,Van,2,13.33,41.55,2.77
9.0,Van,7,11.47,24.25,1.11
34.77,SUV,4,8.41,62.09,3.23
11.73,Sedan,2,6.83,16.88,0.98
44.21,Van,2,13.0,92.63,6.84
14.93,Van,11,11.82,36.32,2.09
31.41,Sedan,4,8.69,58.13,3.28
25.59,Bus,7,21.26,76.14,5.74
23.78,Sedan,3,7.13,32.3,1.74
20.5,Bus,37,14.92,60.14,4.72
22.96,Bus,29,17.46,48.82,6.35
31.26,Van,5,11.13,55.03,3.96
45.29,Bus,40,20.09,106.63,14.09
14.65,Van,3,12.15,40.16,2.02
68.1,Sedan,3,6.7,108.69,5.52
37.42,SUV,5,9.18,52.81,4.15
28.39,Sedan,4,7.36,54.88,2.29
27.08,Sedan,3,5.47,36.52,1.84
3.5,Van,1,14.05,14.09,0.35
66.32,Sedan,2,4.04,116.76,2.77
32.74,Sedan,3,8.25,63.53,3.23
10.74,SUV,6,8.93,24.13,1.06
6.54,Bus,35,21.01,18.75,2.09
33.25,Sedan,3,6.94,49.21,2.14
15.22,Sedan,3,6.92,26.28,1.17
20.0,Sedan,2,7.17,30.13,1.83
19.43,Van,4,12.46,41.18,2.31
19.94,Sedan,2,6.11,36.41,1.17
5.72,Van,5,12.86,8.75,0.85
41.44,Sedan,4,5.2,68.88,2.25
14.79,Sedan,2,6.49,25.01,0.94
17.7,Bus,22,20.51,41.06,4.42
12.51,Sedan,4,7.69,25.4,1.09
35.45,SUV,6,9.69,70.53,3.77
12.32,Sedan,4,6.03,28.55,1.04
9.75,SUV,1,10.35,15.71,0.93
31.75,SUV,2,8.0,46.79,2.86
17.21,Sedan,1,8.6,20.81,1.71
26.69,Sedan,4,6.4,38.85,2.04
14.07,Sedan,4,4.65,19.0,0.75
9.98,Van,7,8.85,22.22,1.1
15.96,Van,2,11.08,21.93,2.02
37.56,SUV,3,9.21,54.43,4.18
15.77,SUV,2,11.95,22.9,1.76
39.59,Sedan,1,5.25,56.49,2.29
15.1,Sedan,4,6.55,24.17,1.21
28.34,Sedan,1,5.23,55.66,1.72
19.26,Sedan,1,5.91,19.58,1.4
15.25,Sedan,3,8.52,29.03,1.21
10.73,SUV,5,7.3,15.71,0.75
14.63,SUV,4,9.88,26.55,1.67
22.44,Bus,32,19.18,38.1,6.35
5.85,Sedan,1,6.47,5.59,0.51
10.09,SUV,6,9.78,15.94,1.06
27.88,Van,4,8.91,61.1,3.09
7.87,SUV,6,11.48,12.32,0.7
21.01,Sedan,2,8.81,28.86,1.94
32.85,Sedan,2,6.56,56.36,2.68
45.4,Sedan,1,9.41,68.65,4.41
4.7,Sedan,2,6.02,19.51,0.39
21.7,Van,3,11.72,33.58,3.0
56.51,Sedan,3,8.22,90.42,4.2
46.93,Sedan,2,5.95,62.61,3.26
6.46,Van,1,8.51,21.57,0.48
24.57,Van,14,8.1,29.42,2.3
13.13,SUV,3,12.09,36.79,1.86
13.43,Van,8,10.05,28.12,1.65
14.29,Sedan,2,6.28,31.07,0.84
32.39,Sedan,3,5.16,62.34,1.51
26.24,Sedan,4,7.64,50.71,2.07
26.19,SUV,1,7.83,54.05,2.58
25.35,Bus,37,16.53,74.25,5.64
11.11,Sedan,1,6.86,20.37,1.06
10.08,SUV,1,7.4,22.85,0.82
8.58,Sedan,2,6.29,17.48,0.64
19.51,SUV,4,11.1,27.75,2.63
4.61,Sedan,1,7.01,8.15,0.35
25.78,Sedan,4,6.66,46.38,1.66
50.58,Van,6,11.39,108.91,5.82
26.97,SUV,7,8.42,54.22,2.66
29.08,SUV,7,11.99,38.29,4.55
12.61,Sedan,1,5.53,22.83,0.84
15.46,Sedan,2,6.75,21.53,0.94
19.05,Sedan,4,6.64,33.77,1.52
18.46,Van,1,12.82,39.26,2.41
25.87,Bus,15,21.31,70.61,7.68
47.53,SUV,2,8.95,93.37,4.97
18.75,Sedan,3,6.85,30.47,1.6
41.23,Van,9,11.59,66.61,5.35
20.69,SUV,1,5.59,40.1,1.4
7.55,SUV,1,6.62,17.54,0.47
22.34,Sedan,3,5.77,36.85,1.34
23.42,Van,8,9.99,53.37,3.11
7.78,SUV,3,7.2,12.5,0.68
44.47,Van,7,12.35,81.08,7.29
29.71,Van,1,11.0,67.46,3.9
36.76,Sedan,3,6.24,64.62,2.7
38.04,Van,11,8.74,77.5,3.39
10.65,Van,1,10.92,14.97,1.31
38.12,Sedan,3,4.0,47.29,1.88
5.65,Sedan,4,6.3,15.13,0.43
21.37,Sedan,2,6.58,33.3,1.59
15.13,SUV,7,9.36,27.98,1.64
7.85,Sedan,4,4.62,18.86,0.49
28.97,SUV,1,9.34,34.9,3.23
31.54,Sedan,2,5.25,44.83,2.01
10.36,Bus,13,15.56,23.32,1.98
20.62,Sedan,1,7.36,33.72,1.57
28.15,Sedan,1,8.92,54.35,2.36
3.06,SUV,2,9.08,10.2,0.31
30.92,SUV,4,7.77,60.29,2.9
9.17,Sedan,4,6.73,19.02,0.47
9.56,Sedan,4,7.63,17.18,0.77
30.6,Sedan,4,7.25,50.01,2.68
9.0,Van,10,15.94,24.13,1.48
38.38,Van,5,9.71,66.87,3.98
17.41,SUV,7,9.38,33.49,1.89
14.06,Van,2,13.79,21.73,2.08
34.04,Van,5,13.68,63.71,4.72
20.92,Sedan,3,4.16,44.2,1.03
22.69,Bus,13,17.99,40.55,4.29
8.1,Van,8,13.67,24.56,1.26
62.66,Sedan,2,9.97,74.82,7.24
52.52,Sedan,2,7.34,97.51,4.35
21.55,Sedan,3,6.06,29.51,1.37
15.7,Sedan,2,5.29,31.24,0.8
26.95,Van,13,14.99,41.28,4.25
6.01,SUV,1,10.09,14.17,0.73
25.1,Van,7,9.47,34.95,2.85
2.01,Van,3,10.63,5.22,0.27
16.64,SUV,3,9.47,27.55,1.5
8.48,Van,12,11.98,21.31,1.1
31.07,Sedan,1,5.42,50.0,1.73
13.48,Sedan,1,5.76,16.12,0.9
7.5,SUV,5,6.52,17.08,0.57
38.86,Sedan,1,7.75,72.21,2.92
117.27,Sedan,4,6.09,167.03,7.81
19.24,Bus,26,19.4,38.22,5.43
26.68,Van,13,13.56,57.18,5.01
11.88,Sedan,2,6.76,23.45,0.66
13.96,Van,8,10.8,37.95,1.45
47.85,Van,8,11.35,73.64,5.83
29.74,Sedan,3,6.58,61.77,1.76
30.12,Sedan,4,8.0,38.83,3.1
12.77,Bus,26,18.93,28.94,3.53
10.18,Sedan,4,5.85,19.47,0.61
53.66,Sedan,3,7.76,91.82,4.27
19.29,SUV,2,10.85,31.28,2.54
28.7,Van,13,8.59,58.33,3.11
10.87,Sedan,3,8.34,10.72,0.96
4.41,Sedan,3,6.94,5.0,0.34
16.6,Sedan,2,6.84,27.63,1.35
54.38,Bus,42,21.02,146.56,16.24
26.98,Sedan,2,5.82,42.06,1.34
26.79,SUV,2,10.43,47.22,3.39
15.78,Bus,26,16.87,37.43,3.35
19.59,Sedan,3,4.73,34.13,0.9
21.99,Bus,42,15.01,58.57,6.22
24.4,Bus,32,19.7,59.93,6.91
7.77,Bus,21,15.16,20.63,1.62
42.88,Sedan,3,8.43,61.23,4.38
30.21,SUV,2,10.78,46.65,3.35
22.72,Van,11,13.4,53.81,3.58
34.8,Bus,6,18.37,56.59,6.91
39.65,Sedan,3,6.81,55.99,2.81
34.81,Van,12,8.85,71.78,3.7
36.02,Sedan,4,7.69,55.7,3.45
13.99,Sedan,4,6.96,24.96,1.21
20.1,SUV,5,9.85,31.74,2.15
38.45,Van,7,14.04,73.3,5.67
17.5,SUV,2,8.09,31.24,1.67
33.45,SUV,2,8.81,56.1,3.09
13.17,Bus,19,18.98,37.45,3.52
11.93,Sedan,2,5.38,19.45,0.78
24.65,SUV,5,8.72,49.91,2.05
47.43,Sedan,2,7.09,62.3,3.14
30.43,Sedan,4,6.11,42.84,2.07
23.23,Van,4,13.36,35.46,3.76
30.22,Bus,30,13.47,80.17,5.99
26.32,SUV,3,10.68,46.78,3.23
12.06,Van,9,12.19,14.59,1.88
17.99,Sedan,1,5.82,25.19,1.19
7.88,Sedan,2,5.39,14.94,0.47
26.94,SUV,2,5.88,46.11,1.31
39.82,Sedan,4,5.55,53.67,2.66
43.61,Sedan,3,7.76,53.66,3.94
17.01,SUV,4,8.92,24.44,1.42
11.52,Sedan,3,7.9,11.51,0.85
28.05,Sedan,4,5.76,45.34,1.5
7.45,SUV,1,10.06,13.17,0.68
6.01,SUV,7,7.92,15.15,0.34
31.76,Bus,5,15.1,76.83,5.59
22.85,SUV,1,8.84,30.69,2.12
28.88,SUV,1,8.0,55.29,2.72
7.01,Bus,19,13.37,27.0,1.11
58.22,Van,11,10.67,88.89,7.91
6.74,Sedan,1,6.63,12.33,0.54
46.83,Sedan,3,8.02,65.92,4.07
47.4,Van,3,12.69,105.21,5.97
37.98,SUV,5,10.83,60.82,4.63
30.29,Van,8,12.3,46.95,4.83
27.5,Van,13,11.6,40.4,4.4
9.08,SUV,3,7.16,15.7,0.58
11.64,Bus,43,18.45,20.4,3.58
16.09,SUV,4,9.9,24.67,1.81
22.48,Sedan,1,8.25,43.58,1.71
16.71,Van,7,12.24,25.46,2.11
18.8,Sedan,3,7.99,41.85,1.44
9.05,Van,2,9.14,19.05,0.74
50.34,Bus,43,17.02,76.76,12.46
25.38,Van,3,11.77,56.7,3.17
57.84,SUV,5,10.74,100.43,7.22
7.28,SUV,4,8.78,13.57,0.86
7.82,Sedan,2,6.4,12.62,0.46
39.08,Sedan,3,7.32,54.21,2.61
15.78,SUV,4,7.31,25.44,1.08
42.81,Van,8,13.89,101.99,7.73
35.9,Van,3,9.42,64.05,4.32
19.65,Sedan,4,4.2,40.17,0.88
10.01,SUV,1,9.02,19.67,0.91
10.62,Van,5,14.06,21.12,1.82
13.22,SUV,2,9.88,19.72,1.67
21.87,SUV,6,10.13,47.56,2.56
30.61,Van,8,11.07,40.4,3.95
10.28,Van,10,10.73,20.4,1.45
11.43,SUV,5,6.68,28.22,0.81
10.74,Bus,5,11.22,23.75,1.19
77.49,Sedan,1,6.74,122.74,4.78
14.77,Bus,38,21.94,38.95,5.13
26.58,Sedan,2,6.91,31.07,2.21
37.4,Sedan,4,7.25,56.8,2.83
11.56,Bus,10,22.75,27.36,3.53
29.21,Sedan,1,6.89,34.29,2.4
29.01,Van,9,10.78,54.69,3.32
10.25,Van,1,9.53,27.7,1.14
14.81,Bus,13,24.07,42.68,4.0
29.21,Bus,28,19.58,60.48,6.95
18.56,Sedan,4,5.37,37.5,0.89
40.2,Van,7,8.89,91.18,3.46
7.69,Sedan,2,8.0,9.91,0.66
42.72,SUV,6,7.44,71.53,4.09
19.54,Van,7,14.34,48.25,3.21
17.03,Sedan,2,4.0,31.21,0.7
31.15,SUV,1,11.13,39.04,3.98
17.78,SUV,4,9.73,27.29,1.99
22.96,SUV,4,9.18,32.99,2.21
35.35,Bus,6,17.47,71.45,6.15
26.11,Sedan,1,8.77,46.78,2.44
38.2,SUV,1,10.06,49.89,4.5
16.47,Bus,40,15.29,45.91,4.23
26.4,SUV,5,6.42,42.17,1.58
52.07,Sedan,4,6.71,81.48,3.91
6.14,SUV,3,9.0,18.22,0.54
27.36,Sedan,2,4.68,52.79,1.59
33.85,Sedan,1,6.43,60.33,2.33
48.96,Van,14,9.97,99.67,6.37
26.9,SUV,3,9.01,49.09,2.86
29.31,Bus,12,20.18,63.13,7.18
13.51,Van,10,13.69,30.11,1.96
44.18,Van,10,12.64,51.5,7.25
31.55,Sedan,4,5.63,47.53,2.16
13.1,SUV,6,9.55,16.34,1.38
11.95,Sedan,2,6.58,17.01,1.13
17.99,Bus,35,14.0,34.81,3.5
21.98,Sedan,2,6.98,27.76,1.52
20.34,Sedan,4,8.73,37.86,1.81
20.99,SUV,4,9.05,24.16,2.45
17.7,Sedan,4,4.59,25.3,0.88
20.94,Sedan,1,6.54,26.01,1.73
38.96,SUV,3,7.18,54.28,3.22
31.25,Sedan,2,7.54,37.4,2.35
6.98,Sedan,2,7.13,9.43,0.72
41.45,Sedan,4,6.29,66.56,3.08
26.84,Van,12,10.4,64.39,3.53
10.13,SUV,4,8.68,17.25,0.86
22.95,SUV,4,9.01,46.24,2.06
13.04,SUV,1,7.84,22.17,0.89
13.07,Sedan,3,4.83,22.22,0.63
17.69,Bus,23,21.42,43.33,4.82
41.24,Sedan,1,6.04,56.08,2.73
3.08,Van,10,11.3,11.43,0.39
14.73,Bus,19,18.86,41.3,3.61
32.36,Van,14,11.58,64.95,4.46
69.77,Sedan,1,5.09,77.97,4.44
90.52,Sedan,1,4.49,109.67,4.5
18.18,Van,2,9.94,32.65,2.2
8.95,Sedan,1,6.97,10.38,0.75
28.12,Van,12,9.69,62.44,2.94
31.29,Van,11,10.36,75.34,4.33
39.65,Van,6,14.83,54.07,7.16
28.09,Sedan,4,4.29,50.23,1.24
8.19,Van,4,9.64,25.49,0.85
3.46,Van,5,14.41,7.56,0.4
43.42,Van,13,10.92,74.13,4.78
36.48,Sedan,3,5.65,43.02,2.41
10.49,Sedan,3,7.9,19.76,0.96
10.07,Sedan,2,6.57,14.43,0.7
60.22,Sedan,3,6.08,106.17,4.15
39.91,SUV,4,9.29,68.23,4.34
17.83,Bus,28,16.03,44.77,4.28
11.88,Sedan,4,5.28,35.69,0.86
17.44,Van,14,10.8,42.24,2.37
14.76,Sedan,1,5.29,21.18,0.83
31.44,Sedan,3,6.51,50.55,1.81
25.07,Sedan,2,6.93,31.47,2.0
13.56,Sedan,3,7.52,33.01,1.26
33.15,Bus,25,21.38,68.84,9.32
12.43,Sedan,3,6.01,17.97,0.72
13.9,SUV,3,9.75,23.56,1.56
18.95,SUV,4,9.74,37.66,1.84
40.34,Bus,43,18.98,80.77,13.32
12.77,Sedan,1,5.92,21.1,0.78
35.93,Sedan,3,5.27,56.2,2.39
59.93,Sedan,4,7.1,72.22,5.17
15.32,SUV,2,6.44,19.22,1.2
37.84,Sedan,4,6.18,56.85,2.61
43.03,Bus,37,10.34,71.26,5.88
95.45,SUV,5,7.0,180.54,7.88
28.95,SUV,1,7.68,36.02,2.28
19.49,SUV,3,10.65,28.46,2.02
51.97,Sedan,1,7.33,60.78,4.47
33.57,SUV,6,8.17,44.8,2.64
31.87,Bus,34,20.19,89.25,9.49
29.47,Van,4,12.6,53.5,4.35
61.75,Bus,11,17.52,122.93,11.69
14.79,Van,10,8.51,32.28,1.74
38.22,Sedan,2,6.25,50.4,2.46
29.57,Sedan,1,6.38,44.63,2.09
45.11,Sedan,3,5.02,76.13,2.14
14.13,Sedan,2,6.94,21.82,1.05
8.86,Sedan,2,6.84,23.13,0.66
61.64,SUV,5,9.67,102.18,7.75
5.68,Van,14,11.5,20.15,0.81
13.26,Bus,42,20.19,21.22,4.77
6.95,Van,1,10.68,19.0,0.71
40.95,Bus,17,18.61,107.54,10.38
10.71,Sedan,4,6.02,29.36,0.74
27.3,Sedan,1,5.8,38.55,1.62
10.64,Van,4,13.41,23.79,1.79
8.37,Sedan,3,4.05,16.11,0.2
58.86,Sedan,3,7.55,95.81,4.17
33.47,Sedan,3,5.76,68.99,2.36
16.99,Sedan,3,5.6,31.28,1.06
23.44,SUV,1,9.39,42.83,2.17
8.58,SUV,6,6.77,17.89,0.59
69.34,SUV,5,7.78,84.98,6.56
12.9,Van,6,9.47,22.48,1.53
35.98,Sedan,1,6.23,44.5,2.67
7.2,Sedan,3,5.54,19.6,0.37
25.32,Sedan,2,8.42,47.54,2.63
29.81,Sedan,1,8.66,39.62,2.88
21.39,Van,5,7.36,39.35,1.79
35.29,Van,9,11.98,64.36,5.47
17.3,Van,3,12.55,29.89,2.69
13.34,Sedan,1,7.15,23.99,0.93
22.15,SUV,5,8.01,33.13,2.02
8.99,SUV,3,8.63,15.11,0.92
9.24,SUV,2,7.88,23.61,0.61
12.96,SUV,2,8.37,32.14,1.27
53.36,SUV,7,7.19,89.12,4.92
20.13,SUV,6,8.83,43.34,1.83
73.96,Van,8,8.29,124.46,7.82
19.07,Sedan,1,6.26,32.44,1.18
13.44,Van,13,8.75,23.34,1.33
57.33,Sedan,2,6.75,79.2,3.54
12.96,Sedan,2,5.68,20.81,0.7
18.62,Bus,14,18.87,40.57,4.42
8.3,Bus,16,21.24,12.34,1.82
47.17,Sedan,4,8.41,70.41,4.63
20.83,SUV,6,5.21,46.15,1.12
45.78,Sedan,3,5.5,57.45,3.34
30.27,SUV,6,8.55,36.98,2.55
20.43,Van,3,11.83,31.32,2.71
27.18,Bus,23,13.05,68.77,4.32
50.37,SUV,5,7.53,97.66,3.78
23.2,Sedan,2,6.66,33.25,1.34
18.81,SUV,1,9.13,33.72,1.58
4.19,Sedan,1,6.95,7.78,0.46
29.39,Bus,11,19.33,69.1,6.2
20.93,Bus,15,19.02,37.42,4.16
55.23,SUV,5,9.29,85.45,6.06
8.15,Sedan,3,6.57,18.21,0.61
30.0,Sedan,4,7.3,59.7,2.39
6.18,Sedan,4,4.0,14.41,0.25
17.75,Van,13,13.78,35.36,2.88
52.68,SUV,5,5.69,66.61,3.34
52.04,Sedan,2,5.21,94.54,3.41
29.08,SUV,2,8.66,54.53,2.62
29.35,Van,7,12.21,49.79,3.43
38.65,Sedan,1,4.0,71.78,1.66
20.98,Bus,16,17.92,39.23,4.54
19.34,Bus,34,20.38,38.83,5.87
8.33,Bus,37,20.98,31.42,2.98
23.5,Sedan,1,5.66,42.3,1.38
9.02,Sedan,2,6.14,18.45,0.8
