Distance_km,Passengers,Nominal_L_per_100km,Duration_min,Vehicle_Type_Bus,Vehicle_Type_SUV,Vehicle_Type_Sedan,Vehicle_Type_Van
-0.22132547248973658,-0.3458369769424627,0.7441941134064848,0.17247583564364377,0,0,0,1
-0.5655867872968361,-0.45620020704895675,-0.7758743754516351,-0.5075442688350662,0,0,1,0
-0.5510048163197399,-0.5665634371554509,-0.8716267212064773,-0.4121156307132548,0,0,1,0
-1.1361856516179953,-0.3458369769424627,-0.44552878259742956,-0.9664758872834723,0,0,1,0
-0.2885293387320066,-0.3458369769424627,-1.3120875116787514,-0.713699265693636,0,0,1,0
0.5749769426073476,0.5370688639094903,2.7262676705317173,0.6354139999673932,1,0,0,0
1.2153156681233153,-0.5665634371554509,-1.070312838647775,0.9187860627871233,0,0,1,0
0.35054138930769185,-0.676926667261945,-0.5173430419135612,0.65071172058234,0,0,1,0
-0.5028209122215086,-0.23547374683596853,0.17686146480904458,-0.019109903486405108,0,0,0,1
-0.36524318604629585,2.7443334660393726,1.1870487125226297,0.2558848361394255,1,0,0,0
0.27446154073153733,-0.12511051672947443,-0.01703703534451097,0.717366074690323,0,0,0,1
-1.1260416718078412,-0.676926667261945,-0.7543300976567956,-1.0884934207598342,0,0,1,0
-1.0588378055655714,-0.676926667261945,-1.0463747522090643,-1.3026615093690905,0,0,1,0
-0.6315226560628366,-0.12511051672947443,-0.1774222144838716,-0.27662153383801086,0,1,0,0
-0.19216153053554416,2.523607005826384,2.599395812406552,-0.030401078226008838,1,0,0,0
-1.419583087564171,-0.014747286622980312,-0.30190026396516634,-0.959555489862425,0,1,0,0
-0.9092141033658009,-0.12511051672947443,-0.10800176381161081,-0.7934659517572874,0,1,0,0
-0.012105888905311706,-0.23547374683596853,-0.23247981329290554,0.20452820264638943,0,1,0,0
-1.2553774143873042,-0.014747286622980312,-0.15827174533290317,-1.223987517635078,0,1,0,0
-1.1228716781171684,-0.45620020704895675,-0.8333257829045404,-1.1107115387958286,0,0,1,0
-0.9929019367995708,-0.676926667261945,-0.0625193995780609,-0.8444583538071104,0,1,0,0
-0.6334246522772405,3.296149616571843,2.704723392736878,-0.0045406457578843285,1,0,0,0
-0.42357106995468086,-0.5665634371554509,-1.0224366657703536,-0.6211844791175287,0,0,1,0
-0.7862183481676843,-0.45620020704895675,-0.7064539247793744,-0.8706830177184479,0,0,1,0
-1.0601058030418407,3.185786386465349,1.9817931822878196,-0.8965434501865723,1,0,0,0
-0.9016061185081854,-0.23547374683596853,1.0458140025342375,-0.8440941223638974,0,0,0,1
0.9820041324897746,-0.45620020704895675,-0.5125554246258192,1.2797394230112273,0,1,0,0
-0.48189895386306614,-0.23547374683596853,1.5652704782542564,-0.05626151069413335,1,0,0,0
-0.07296976776623519,-0.5665634371554509,0.23191906361807893,-0.4499957008074088,0,1,0,0
0.35561337921276875,-0.45620020704895675,-0.5652192147909822,-0.08540002615117491,0,0,1,0
-0.33481124661583395,-0.5665634371554509,-0.254024091087745,-0.36294438587949696,0,1,0,0
0.014522058096342499,-0.3458369769424627,-0.3114754985406504,0.04718021917836469,0,0,1,0
0.007548071976861701,-0.45620020704895675,-1.0583437954284196,-0.09559850656113954,0,1,0,0
0.2719255457789987,-0.014747286622980312,0.038020563464523385,-0.05006957615951193,0,0,0,1
3.034258047831544,3.9583289972108076,3.5018616711459396,4.699144211895066,1,0,0,0
1.3471874056553168,2.6339702359328783,2.2522935590452495,2.5286890417886756,1,0,0,0
-1.1938795367882458,-0.014747286622980312,-0.4239845048025901,-1.0615402939620708,0,1,0,0
0.06460795840897754,-0.23547374683596853,-0.3904711837883952,0.10727840730851307,0,1,0,0
-0.3392492377827763,-0.45620020704895675,0.22952525497420792,-0.5767482430455401,0,1,0,0
0.6320368290394638,0.5370688639094903,-0.1367274675380637,-0.0835788689351099,0,0,0,1
-0.693020533661895,-0.3458369769424627,-0.30429407260903735,-1.0338587042778813,0,0,1,0
-0.05521780309846594,-0.676926667261945,-0.6513963259703404,-0.3563882199016626,0,0,1,0
4.817696498204234,-0.676926667261945,-0.41919688751484785,3.90985467445245,0,1,0,0
-1.0575698080893023,-0.676926667261945,-0.8069938878219587,-1.029123695516112,0,0,1,0
-0.6923865349237603,0.7577953241224785,2.154147404646536,-0.43032720287390586,1,0,0,0
-0.40074711538183455,-0.12511051672947443,0.5766275083355107,-0.10288313542540005,0,0,0,1
-0.9478880263920128,-0.45620020704895675,-1.1852156535535854,-1.1861074475409241,0,0,1,0
-0.44322503083685405,-0.3458369769424627,-0.6537901346142113,-0.7013153966243932,0,0,1,0
-1.2515734219584966,-0.45620020704895675,-0.5340997024206586,-1.1788228186766636,0,0,1,0
1.564648972835492,0.316342403696502,1.246893928619406,1.4108627425679146,0,0,0,1
-0.5180368819367394,-0.5665634371554509,-0.2109355354980661,-0.6182706275718245,0,0,1,0
-0.022883867453600153,-0.5665634371554509,-0.8261443569729272,-0.2875484771344016,0,0,1,0
0.8437924075764272,-0.676926667261945,-0.8692329125626064,0.49846297731929723,0,0,1,0
0.18696971486895944,-0.676926667261945,-0.3593516714180717,-0.16808056376053074,0,1,0,0
0.7880005186205807,-0.3458369769424627,-0.5508563629277561,0.8659725035212351,0,0,1,0
-0.637862643444183,-0.676926667261945,-0.6346396654632429,-1.0557125908706624,0,0,1,0
1.1449418081903724,-0.3458369769424627,-0.05294416500257645,1.1624568982966341,0,1,0,0
0.3112334675433453,-0.676926667261945,-0.39525880107613764,0.2890298974718103,0,0,1,0
-0.8844881525785506,-0.5665634371554509,-1.1421270979639064,-0.6521441517906353,0,1,0,0
-1.0607398017799754,-0.014747286622980312,0.5718398910477687,-0.907470393482963,0,1,0,0
-0.18899153684487102,0.42670563380299614,1.907585114327817,0.07012680010078483,1,0,0,0
-1.173591577167938,-0.5665634371554509,0.2869766624271133,-1.0487921934496152,0,1,0,0
-1.2445994358390156,3.627239306891325,2.259474984976862,-0.8178694584525599,1,0,0,0
1.016874063087179,-0.5665634371554509,-0.9889233447561591,0.9657719189616032,0,0,1,0
-1.443041040875152,-0.3458369769424627,-0.12475842431870826,-1.1467704516739177,0,1,0,0
-0.8546902118862234,0.6474320940159843,-0.04815654771483444,-0.5800263260344573,0,0,0,1
-0.9992419241809171,-0.014747286622980312,0.48566277986841083,-0.698401545078689,0,0,0,1
-1.1831015582399573,-0.3458369769424627,0.8399464591613266,-0.7829032399041098,0,0,0,1
1.2330676327910848,-0.676926667261945,-0.6250644308877586,0.6678305984133521,0,0,1,0
1.0073640820151593,-0.45620020704895675,-0.459891634460656,0.23730903253556151,0,0,1,0
-1.172323579691669,-0.676926667261945,-1.2283042091432645,-1.152233923322113,0,0,1,0
-1.0055819115622633,-0.12511051672947443,-0.14869651075741872,-0.8193263842254119,0,1,0,0
0.7486925968562339,-0.45620020704895675,-0.9386533632348669,0.4689602304190427,0,0,1,0
-0.20547550403637105,0.316342403696502,-0.5747944493664665,0.011121306300275555,0,0,0,1
-0.11798367817379336,-0.676926667261945,-0.9338657459471247,-0.36767939464126603,0,0,1,0
-0.5548088087485475,-0.676926667261945,-0.7471486717251824,-0.5301266183142734,0,0,1,0
0.2643175609213834,-0.12511051672947443,0.21037478582323949,0.24459366139982178,0,1,0,0
-1.0271378686588404,-0.12511051672947443,-0.050550356358705445,-0.8379021878292761,0,1,0,0
-1.3637911986083242,-0.676926667261945,-1.252242295581975,-1.1719024212556162,0,0,1,0
1.0942219091396028,-0.3458369769424627,-0.44074116530968754,1.1974231168450844,0,0,1,0
-0.5104288970791241,-0.23547374683596853,0.05238341532774984,-0.5060873430622141,0,1,0,0
0.33088742842551844,1.5303379348679373,1.950673669917496,1.1307687627371017,1,0,0,0
-0.9060441096751277,-0.5665634371554509,-0.2085417268541951,-1.0801160975659347,0,1,0,0
-0.9637379948453783,2.302880545613396,2.6903605408736517,-0.590589037887635,1,0,0,0
0.7024106889724068,0.09561594348351381,2.0631826761794354,1.2684482482716235,1,0,0,0
0.6865607205190413,-0.5665634371554509,-0.8452948261238956,0.6328643798649021,0,0,1,0
-0.5231088718418164,-0.5665634371554509,-0.20375410956645307,-0.4128440935996807,0,1,0,0
-1.3295552667490547,-0.014747286622980312,-0.19657268363484007,-1.238921006806812,0,0,0,1
-0.5763647658451246,-0.5665634371554509,-0.9865295361122879,-0.647773374472079,0,0,1,0
-1.0753217727570716,-0.45620020704895675,-1.1062199683058405,-0.4445322291592134,0,0,1,0
1.7548485942758782,-0.12511051672947443,-0.12954604160645025,1.227654326631765,0,1,0,0
-0.18708954063046707,-0.5665634371554509,-0.7998124618903457,-0.38006326371050886,0,0,1,0
-0.036197840954427254,-0.12511051672947443,0.05477722397162084,-0.4321483600899708,0,0,0,1
0.9775661413228323,2.7443334660393726,3.27684365862206,1.576952280673052,1,0,0,0
-0.5947507292510286,0.7577953241224785,0.7202560269677739,-0.4984384827547406,0,0,0,1
-0.7450084301889339,-0.676926667261945,-0.251630282443874,-0.39681791009830786,0,1,0,0
0.1299098284368436,-0.23547374683596853,0.15771099565807611,-0.5654570683059364,0,1,0,0
0.8773943406975622,2.302880545613396,0.23670668090582095,1.7149959976507867,1,0,0,0
-1.0734197765426678,-0.23547374683596853,-0.19417887499096864,-1.0721030058152483,0,1,0,0
0.5331330258904627,-0.676926667261945,-0.6274582395316296,-0.19102714468295115,0,0,1,0
-0.5655867872968361,-0.3458369769424627,-0.8022062705342168,-0.8153198383500687,0,0,1,0
0.6326708277775983,-0.3458369769424627,-0.462285443104527,0.5046549118539186,0,0,1,0
-0.24731942075325605,0.20597917359000792,0.5981717861303502,0.12585421091237706,0,0,0,1
1.430241240350952,-0.3458369769424627,-0.907533850864543,0.3320092077709467,0,0,1,0
-0.5300828579612973,-0.3458369769424627,0.38512281682582655,-0.30830966939754384,0,0,0,1
-0.29994131601842977,-0.676926667261945,-0.4910111468309797,-0.35165321113989323,0,0,1,0
-0.47302297152918144,-0.23547374683596853,0.11941005735613922,-0.23437068642530054,0,0,0,1
-0.6594186005407601,0.6474320940159843,0.38033519953808415,-0.5654570683059364,0,0,0,1
0.25417358111122945,3.296149616571843,1.7136866141742622,0.4569405927930131,1,0,0,0
1.3636713728468168,-0.676926667261945,0.059564841259362844,1.5864222981965903,0,0,0,1
-0.5750967683688554,-0.5665634371554509,0.5407203786774448,-0.7792609254719797,0,1,0,0
1.1214838548793915,-0.3458369769424627,-0.25641789973161644,0.7942189092082701,0,1,0,0
-1.009385903991071,-0.45620020704895675,-0.639427282750985,-1.0032632630479874,0,0,1,0
-0.8489842232430118,3.7376025369978194,0.9907564037252032,-0.751215104344577,1,0,0,0
0.6745147444944831,-0.676926667261945,-0.27078075159484244,0.6616386638787307,0,1,0,0
-1.0176278875868212,-0.014747286622980312,0.3755475822503421,-0.8564779914331401,0,0,0,1
0.11215786376907413,1.7510643950809255,1.2660443977703746,0.27300371397043743,1,0,0,0
0.38414332242882665,-0.3458369769424627,-1.1469147152516486,0.31598302426957386,0,0,1,0
0.36195336659411503,1.309611474654949,1.6945361450232932,1.6421497090081825,1,0,0,0
-0.9035081147225893,-0.5665634371554509,-0.8046000791780877,-0.8499218254553057,0,0,1,0
0.6821227293520988,-0.3458369769424627,-0.45510401717291377,0.65071172058234,0,1,0,0
-0.7887543431202227,-0.5665634371554509,-0.5747944493664665,-0.8783318780259214,0,1,0,0
-1.119701684426495,1.5303379348679373,3.0063432818646314,-0.6248267935496589,1,0,0,0
0.17048574767745941,-0.014747286622980312,0.2223438290425945,-0.28281346837263227,0,1,0,0
-0.7215504768779529,-0.12511051672947443,-0.2827497948141979,-0.8593918429788443,0,1,0,0
-0.9434500352250703,0.20597917359000792,0.7346188788310003,-0.6011517497408125,0,0,0,1
0.8108244731934271,-0.3458369769424627,-1.3623574932000435,0.49991990309214956,0,0,1,0
-0.6131366926569327,4.068692227317301,2.111058849056857,-0.3574809142313017,1,0,0,0
0.24085960761040234,-0.45620020704895675,-0.7279982025742139,0.14042346864089783,0,0,1,0
-0.8959001298649738,1.199248244548455,1.3139205706477954,-0.7614135847545416,1,0,0,0
-0.21181549141771736,-0.45620020704895675,-0.6585777519019533,-0.5348616270760427,0,1,0,0
0.03227402276411197,3.296149616571843,1.6370847375703883,1.0910675354268822,1,0,0,0
-0.4102570964538538,-0.3458369769424627,-0.16784697990838718,-0.1932125333422291,0,0,1,0
-0.35383120875987245,-0.5665634371554509,-0.2181169614296795,-0.4955246312090364,0,1,0,0
-0.16997157470083232,-0.23547374683596853,0.5981717861303502,-0.3206935384667864,0,0,0,1
1.2793495406749122,-0.3458369769424627,-1.077494264579388,0.4857148768068417,0,0,1,0
-0.6885825424949525,-0.45620020704895675,-0.8333257829045404,-0.7388312352753343,0,0,1,0
0.03227402276411197,-0.676926667261945,-0.7160291593548587,0.11711265627526449,0,0,1,0
1.8417064214003214,3.406512846678337,0.6484417676516425,3.5011869951674406,1,0,0,0
-0.7221844756160876,-0.676926667261945,0.2941580883587263,-0.8284321703057375,0,0,0,1
-0.15095161255679365,-0.014747286622980312,-0.687303455628406,-0.11271738439215147,0,1,0,0
-1.0905377424723026,0.09561594348351381,0.44496803292260295,-0.5690993827380666,0,0,0,1
-0.43751904219364246,-0.23547374683596853,-0.2181169614296795,-0.5690993827380666,0,1,0,0
-0.7697343809761842,1.6407011649744314,1.4216419596219931,-0.6652564837463041,1,0,0,0
1.7611885816572241,-0.23547374683596853,-0.3569578627742007,1.1671919070584036,0,1,0,0
-0.7602243999041649,-0.5665634371554509,-0.2109355354980661,-0.7082357940454406,0,1,0,0
-1.1089237058782067,1.8614276251874196,1.4168543423342508,-0.7639632048570327,1,0,0,0
0.15843977165290152,-0.3458369769424627,-1.3623574932000435,0.17575391863256082,0,0,1,0
-0.13953963527037047,-0.3458369769424627,-0.6130953876684034,-0.02275221791853537,0,0,1,0
-0.9650059923216476,0.316342403696502,0.2558571500567894,-0.8586633800924183,0,0,0,1
-0.8597622017913005,-0.45620020704895675,-0.5388873197084006,-0.8878018955494598,0,0,1,0
0.26685355587392184,-0.3458369769424627,-0.3785021405690402,0.09926531555782665,0,0,1,0
-0.07804175767131227,-0.5665634371554509,-0.9625914496735773,-0.2340064549820876,0,0,1,0
0.30933147132894134,0.6474320940159843,1.1128406445626269,1.0797763606872786,1,0,0,0
-0.7887543431202227,-0.676926667261945,-0.7399672457935693,-0.7472085584692338,0,0,1,0
-0.4641469891952967,-0.45620020704895675,-1.1469147152516486,-0.696944619305837,0,0,1,0
-1.0062159103003978,-0.676926667261945,-0.04336893042709244,-1.1154465475575979,0,0,1,0
0.4665631583863277,1.6407011649744314,1.5173943053768355,1.5565553198531228,1,0,0,0
-0.632790653539106,-0.5665634371554509,-0.8979586162890588,-0.7435662440371037,0,0,1,0
-0.41596308509706537,-0.23547374683596853,-0.34977643684258725,-0.3705932461869704,0,1,0,0
-0.7811463582626074,-0.676926667261945,-0.7854496100271193,-0.5851255662394396,0,0,1,0
-0.436885043455508,2.0821540854004077,2.182873108372988,0.19432972223642506,1,0,0,0
0.17175374515372863,-0.676926667261945,-0.773480566807764,-0.24784724982418221,0,0,1,0
0.89768230031787,-0.45620020704895675,-0.7806619927393773,0.83756245095062,0,0,1,0
1.2958335078664123,-0.5665634371554509,-0.5245244678451744,0.8732571323854956,0,0,1,0
-0.719648480663549,-0.5665634371554509,-0.8859895730697036,-0.9482643151228213,0,1,0,0
-0.4850689475537391,-0.676926667261945,-0.8931709990013168,-0.6769118899291208,0,0,1,0
-1.3498432263693627,-0.3458369769424627,-0.5029801900503349,-1.2829930114355874,0,0,1,0
0.9870761223948514,-0.12511051672947443,0.06914007583484728,1.0098439235903784,0,1,0,0
0.053195981122554366,-0.676926667261945,-0.3880773751445242,-0.19576215344472025,0,1,0,0
1.974212157670457,-0.45620020704895675,-0.5029801900503349,2.2544227650492705,0,0,1,0
-0.6391306409204521,-0.5665634371554509,-0.9147152767961563,-0.6375748940621146,0,0,1,0
0.678318736923291,-0.23547374683596853,-0.3904711837883952,0.4511128897016046,0,1,0,0
-0.24668542201512156,0.20597917359000792,1.2804072496336005,0.34220768818091135,1,0,0,0
0.1489297905808823,-0.3458369769424627,-0.5173430419135612,-0.5924101951037,0,0,1,0
-0.7519824163084148,-0.45620020704895675,-0.1463027021135477,-0.6503229945745702,0,1,0,0
0.038614010145458046,-0.676926667261945,0.05238341532774984,-0.16225286066912228,0,1,0,0
-0.5769987645832593,-0.45620020704895675,-0.8309319742606694,-0.5774767059319661,0,0,1,0
0.8152624643603694,-0.5665634371554509,-0.9649852583174484,-0.011096811735718692,0,0,1,0
0.24529759877734472,-0.3458369769424627,-0.7519362890129246,-0.02639453235066563,0,0,1,0
2.0236640592449575,-0.5665634371554509,-0.2827497948141979,0.8157085643578385,0,1,0,0
3.341747435826835,-0.3458369769424627,-0.2755683688825849,2.03369851046218,0,1,0,0
-0.11100969205431256,-0.12511051672947443,-0.7256043939303429,-0.04715572461380783,0,1,0,0
-0.9529600162970897,-0.014747286622980312,-0.16784697990838718,-1.2330933037154037,0,1,0,0
-0.11544768322125493,-0.014747286622980312,0.040414372108394395,-0.29483310599866186,0,0,0,1
1.2134136719089113,-0.45620020704895675,-0.2659931343071004,1.0466312993548936,0,0,1,0
0.6662727608987333,-0.12511051672947443,1.8621027500942668,0.9890827313272365,1,0,0,0
-0.2695093765879679,-0.3458369769424627,-0.8405072088361536,-0.20122562509291553,0,0,1,0
-0.9161880894852816,-0.5665634371554509,0.3611847303871157,-0.7238977461036005,0,0,0,1
0.11976584862668965,-0.12511051672947443,-0.2659931343071004,0.13459576554948963,0,0,0,1
-0.03683183969256175,-0.45620020704895675,-0.680122029696793,0.33820114230556814,0,0,1,0
0.06714395336151596,-0.676926667261945,-1.077494264579388,0.09052376092071408,0,0,1,0
-0.3157912844717953,-0.5665634371554509,0.3755475822503421,-0.609164841491499,0,1,0,0
0.09884389026824704,1.4199747047614433,2.16372263922202,0.3575054087958583,1,0,0,0
2.215765676899748,-0.3458369769424627,0.46411850207357136,2.8561331092371804,0,0,0,1
-0.7843163519532804,-0.5665634371554509,-0.682515838340664,-0.9755816733637979,0,0,1,0
0.9724941514177553,1.5303379348679373,2.7166924359562334,2.11929289961724,1,0,0,0
1.0847119280675834,-0.676926667261945,-0.3761083319251692,0.48097986804507237,0,0,1,0
-1.1399896440468031,-0.676926667261945,-0.8285381656167982,-0.8939938300840812,0,0,1,0
-1.3181432894626315,-0.676926667261945,-0.905140042220672,-1.273522993912049,0,0,1,0
-0.5681227822493745,0.20597917359000792,2.0488198243162095,0.3239961160202603,1,0,0,0
0.1578057729147668,1.6407011649744314,2.2283554726065384,0.8554097916680578,1,0,0,0
1.44228721637551,0.42670563380299614,-0.20614791821032408,1.4250677688532223,0,0,0,1
-0.9618359986309745,-0.676926667261945,-1.077494264579388,-0.7377385409456954,0,0,1,0
-0.29486932611335265,0.5370688639094903,-0.1798160231277426,0.2766460284025677,0,0,0,1
-0.5072589033884509,-0.3458369769424627,-0.4311659307342033,-0.4088375477243375,0,0,1,0
-1.030941861087648,-0.676926667261945,-0.30908168989677937,-0.9814093764552062,0,1,0,0
1.0225800517303905,-0.676926667261945,-0.6633653691896956,0.509025689172475,0,0,1,0
1.020044056777852,0.09561594348351381,0.4234237551277635,0.9490172725738039,0,0,0,1
-0.8122122964312039,2.302880545613396,1.751987552476199,-0.539960867281025,1,0,0,0
-0.086917740005197,-0.014747286622980312,-0.9410471718787379,0.13933077431125873,0,1,0,0
1.137333823332757,-0.676926667261945,0.4234237551277635,0.7934904463218442,0,1,0,0
-0.30754930087604526,-0.45620020704895675,-0.8883833817135746,-0.12910779933673752,0,0,1,0
-0.024785863668004088,2.302880545613396,1.4168543423342508,0.14042346864089783,1,0,0,0
-0.20103751286942867,0.42670563380299614,-0.12475842431870826,-0.41867179669108917,0,0,0,1
1.27491154950797,-0.5665634371554509,0.8854288233948769,1.2116281431303921,0,0,0,1
-1.0131898964198789,0.6474320940159843,-0.009855609412897533,-0.6379391255053275,0,0,0,1
0.7537645867613108,2.7443334660393726,2.6640286457910705,1.754332993517793,1,0,0,0
0.06777795209965068,-0.676926667261945,-1.0583437954284196,0.21764053460205843,0,0,1,0
-0.8559582093624927,-0.12511051672947443,1.9458860526297541,-0.4204929539071542,1,0,0,0
-0.5237428705799512,-0.45620020704895675,-0.9242905113716404,-0.3552955255720235,0,0,1,0
0.6776847381851565,-0.45620020704895675,0.6604108108709975,0.6634598210947957,0,1,0,0
-0.15982759489067838,3.296149616571843,1.931523200766528,0.3655185005465447,1,0,0,0
0.06460795840897754,-0.45620020704895675,-0.6370334741071139,-0.5279412296549952,0,0,1,0
0.372097346404269,-0.3458369769424627,-0.558037788859369,0.527965724219552,0,0,1,0
-1.2636193979830541,0.6474320940159843,0.9979378296568162,-1.047699499119976,0,0,0,1
0.43232722652705796,-0.676926667261945,-0.1798160231277426,0.28138103716433704,0,0,1,0
-0.4793629589105275,-0.5665634371554509,-0.6968786902038903,-0.16334555499876138,0,0,1,0
-0.418499080049604,0.42670563380299614,1.8453460895871694,0.3130691727238698,1,0,0,0
-0.9992419241809171,2.523607005826384,1.9195541575471726,-0.7952871089733525,1,0,0,0
-0.46351299045716193,-0.014747286622980312,-0.22529838736129254,-0.7238977461036005,0,1,0,0
0.4627591659575198,-0.3458369769424627,-1.1445209066077775,-0.24675455549454312,0,0,1,0
-0.6321566548009714,-0.3458369769424627,-0.7615115235884088,-1.1657104867209949,0,0,1,0
0.05636597481322752,0.316342403696502,0.5838089342671241,0.26972563098152036,0,0,0,1
0.17936173001134414,3.5168760767848313,2.4222539727600934,0.298499914995349,1,0,0,0
-1.3682291897752665,-0.3458369769424627,-0.08645748601677135,-1.431235208823287,0,1,0,0
-0.6765365664703948,0.42670563380299614,-0.09124510330451335,-0.5057231116190011,0,0,0,1
-0.4527350119088735,-0.3458369769424627,-1.2211227832116514,-0.6918453791008546,0,0,1,0
-1.0112879002054749,2.523607005826384,2.1661164478658907,-0.976310136250224,1,0,0,0
-1.3016593222711315,-0.676926667261945,-1.2402732523626196,-1.0772022460202306,0,0,1,0
-0.8718081778158582,-0.45620020704895675,-1.08228188186713,-1.082301486225213,0,0,1,0
1.7053966927013777,-0.676926667261945,0.4736937366490554,1.2815605802272922,0,1,0,0
-0.4571730030758159,-0.23547374683596853,-0.16784697990838718,-0.11818085604034699,0,1,0,0
0.23261762401465233,0.7577953241224785,-0.07927606008515833,0.17466122430292197,0,0,0,1
-0.2752153652311795,-0.5665634371554509,-0.38089594921291114,-0.20231831942255463,0,0,1,0
0.04431999878866963,-0.676926667261945,-1.039193326277451,0.2391301897516265,0,0,1,0
-0.9409140402725319,-0.5665634371554509,-0.9984985793316433,-0.523934683779652,0,0,1,0
-0.029223854834946456,-0.676926667261945,-0.8596576779871221,-0.5381397100649599,0,0,1,0
-0.6150386888713365,-0.5665634371554509,-0.19896649227871108,-0.853564139887436,0,1,0,0
0.09123590541063174,-0.5665634371554509,0.06435245854710528,-0.20268255086576784,0,1,0,0
-1.1824675595018226,-0.676926667261945,-0.771086758163893,-0.9963428656269401,0,0,1,0
0.5274270372472509,-0.3458369769424627,-0.7758743754516351,0.3713462036379532,0,0,1,0
-0.5928487330366248,0.09561594348351381,0.638866533076158,-0.26933690497375057,0,0,0,1
-0.9352080516293203,-0.45620020704895675,-0.4359535480219453,-0.9482643151228213,0,1,0,0
-0.08184575010011992,-0.676926667261945,0.3444280698800187,-0.7355531522864172,0,1,0,0
0.32010944987723,0.6474320940159843,1.5221819226645774,1.0768625091415744,1,0,0,0
0.6726127482800797,-0.12511051672947443,-0.0002803748374135199,0.9555734385516386,0,1,0,0
-1.1995855254314576,1.7510643950809255,2.400709694965254,-0.8331671790675067,1,0,0,0
-0.5345208491282396,-0.676926667261945,-1.3623574932000435,-0.5803905574776703,0,0,1,0
0.29348150287557584,-0.014747286622980312,0.02126390295742594,0.1834027789400343,0,1,0,0
3.2574256036549305,-0.5665634371554509,-0.9195028940838985,1.2739117199198184,0,0,1,0
-1.0937077361629757,-0.676926667261945,-0.6298520481755009,-0.8757822579234302,0,0,1,0
0.009450068191265412,-0.3458369769424627,-0.639427282750985,0.008935917640997349,0,0,1,0
0.18126372622574785,2.6339702359328783,2.54912583088526,0.9056737308314545,1,0,0,0
-1.2896133462465738,0.8681585542289726,2.2810192627717014,-0.9508139352253124,1,0,0,0
-0.11734967943565887,-0.45620020704895675,-1.17324661033423,-0.3563882199016626,0,0,1,0
0.557858976677713,-0.3458369769424627,-0.8692329125626064,0.7967685293107615,0,0,1,0
-0.6036267115849133,-0.5665634371554509,0.24149429819356294,-0.3319847132063901,0,1,0,0
0.5248910422947125,-0.676926667261945,0.5431141873213162,1.1762976931387292,0,0,0,1
-0.3956751254767574,-0.676926667261945,-0.9984985793316433,-0.47804152193481136,0,0,1,0
1.4866671280449333,-0.45620020704895675,-0.8692329125626064,0.8117020184824952,0,0,1,0
1.1779097425733729,0.6474320940159843,0.2941580883587263,1.0866967581083258,0,0,0,1
-0.013373886381580921,0.316342403696502,0.4736937366490554,0.39684240466286447,0,0,0,1
-0.6961905273525681,0.20597917359000792,-0.10082033787999779,-1.1912066877459064,0,0,0,1
0.611748869419156,-0.5665634371554509,-0.7591177149445378,0.3028706923139052,0,0,1,0
-0.8274282661464347,3.406512846678337,1.2397125026877927,-0.3425474250595677,1,0,0,0
-0.7367664465931838,-0.45620020704895675,-0.684909646984535,-0.5020807971868708,0,0,1,0
0.04495399752680435,-0.5665634371554509,0.4282113724155055,0.455847898463374,0,0,0,1
1.6438988151023195,-0.45620020704895675,-0.8979586162890588,0.37098197219473994,0,0,1,0
-1.3473072314168242,1.4199747047614433,2.087120762618146,-1.2604106619563802,1,0,0,0
-0.045707822026446486,2.6339702359328783,3.9255658011111163,0.9020314163993245,1,0,0,0
-0.7862183481676843,-0.5665634371554509,-0.6250644308877586,-0.8655837775134656,0,0,1,0
0.09123590541063174,-0.014747286622980312,-0.2875374121019399,0.34257191962412453,0,1,0,0
1.7047626939632428,1.4199747047614433,2.9010157015343045,2.5662048804396167,1,0,0,0
-0.3360792440921032,-0.23547374683596853,0.3420342612361472,-0.38844058690440825,0,1,0,0
-1.1514016213332263,3.8479657671043137,1.0458140025342375,-1.0076340403665438,1,0,0,0
-0.2758493639693142,0.42670563380299614,1.6394785462142587,0.6882275592332812,1,0,0,0
0.10201388395892018,-0.5665634371554509,-0.8189629310413142,0.24823597583195203,0,0,1,0
0.7601045741426571,-0.23547374683596853,-0.02182465263225298,0.009300149084210297,0,1,0,0
1.5969829084803575,1.7510643950809255,1.998549842794917,1.9528391300688894,1,0,0,0
-1.4240210787311134,-0.5665634371554509,-1.0511623694968064,-1.431235208823287,0,0,1,0
-0.2955033248514874,3.185786386465349,1.064964471685206,0.4693244618622557,1,0,0,0
-0.2840913475650642,-0.5665634371554509,-1.1588837584710039,-0.29592580032830096,0,0,1,0
-1.0911717412104371,-0.3458369769424627,0.5862027429109952,-0.8932653671976551,0,0,0,1
-0.9605680011547052,-0.3458369769424627,-0.814175313753572,-1.312131526892629,0,0,1,0
-1.2680573891499967,-0.45620020704895675,-0.5173430419135612,-1.0782949403498698,0,0,1,0
0.8716883520543508,-0.3458369769424627,-0.37371452328129773,0.49809874587608427,0,0,1,0
-0.41406108888266163,2.302880545613396,3.183485121511089,-0.11053199573287352,1,0,0,0
-0.09769571855348545,-0.23547374683596853,-0.05533797364644745,-0.2813565425997802,0,1,0,0
-0.14397762643731285,-0.23547374683596853,-0.596338727161306,-0.020931060702470368,0,1,0,0
0.6371088189445407,3.0754231563588545,-0.33301977633548985,1.6949632682740707,1,0,0,0
-0.7063345071627221,0.316342403696502,-0.30908168989677937,-0.41794333380466303,0,0,0,1
-1.2648873954593234,-0.014747286622980312,0.38512281682582655,-1.0906788094191124,0,0,0,1
0.3296194309492492,2.192517315506902,0.9428802308477823,1.3438441570167186,1,0,0,0
-0.6625885942314331,-0.3458369769424627,-0.7830558013832483,-0.5559870507823979,0,0,1,0
-0.7266224667830299,-0.014747286622980312,-0.23487362193677655,-0.5031734915165099,0,1,0,0
-0.9948039330139747,-0.12511051672947443,0.17686146480904458,-0.8615772316381224,0,1,0,0
0.2560755773256332,-0.676926667261945,-0.4048340356516216,0.4004847190949947,0,1,0,0
-0.9060441096751277,-0.5665634371554509,0.13377290921936566,-0.7599566589816896,0,0,0,1
-0.1813835519872555,-0.45620020704895675,-1.0080738139071272,-0.5650928368627234,0,0,1,0
-0.8863901487929545,-0.45620020704895675,-0.9099276595084143,-0.6678061038487952,0,0,1,0
1.737096629608109,2.41324377571989,3.329507448787224,2.7920283752316895,1,0,0,0
-0.9929019367995708,-0.3458369769424627,-0.7184229679987297,-1.1442208315714264,0,0,1,0
0.3251814397823069,-0.5665634371554509,-0.6920910729161482,0.04135251608695622,0,0,1,0
3.5370190471722984,-0.45620020704895675,-0.3186569244722638,1.7812861203155568,0,0,1,0
-1.3016593222711315,-0.12511051672947443,0.059564841259362844,-1.2097824913497703,0,1,0,0
0.9788341387991016,-0.3458369769424627,-1.0727066472916458,1.1012660158368468,0,0,1,0
-0.23844343841937155,-0.3458369769424627,-0.591551109873564,-0.28936963435046664,0,1,0,0
-0.5269128642706241,-0.3458369769424627,-0.4215906961587191,-0.3330774075360292,0,0,1,0
-0.2561954030871408,0.8681585542289726,2.0751517193987907,0.8554097916680578,1,0,0,0
0.6466188000165599,0.09561594348351381,0.48566277986841083,1.0422605220363372,0,0,0,1
0.23959161013413313,2.302880545613396,2.0105188860142724,0.9366334035045616,1,0,0,0
-1.292149341199112,-0.5665634371554509,-0.19896649227871108,-1.2768010769009661,0,1,0,0
-0.15855959741440917,-0.23547374683596853,-0.09124510330451335,-0.5348616270760427,0,1,0,0
-0.47999695764866224,-0.5665634371554509,-0.7447548630813113,-0.6627068636438129,0,0,1,0
-0.3918711330479498,-0.3458369769424627,-0.5293120851329164,-0.3931755956661776,0,0,1,0
1.5513349993346648,-0.676926667261945,-0.5173430419135612,0.5210453267985047,0,0,1,0
-0.39630912421489217,0.09561594348351381,0.29894570564646833,-0.5687351512948536,0,0,0,1
-1.2192394863136307,-0.45620020704895675,0.00929485973807092,-1.0921357351919645,0,1,0,0
0.2915795066611721,-0.3458369769424627,-0.48622352954323744,0.30104953509784016,0,0,1,0
-0.8711741790777235,2.8546966961458664,1.819014194504588,-0.4270491198849885,1,0,0,0
0.1641457602961131,-0.45620020704895675,-0.1798160231277426,0.006022066095293244,0,0,1,0
3.3899313399250666,0.20597917359000792,-0.01703703534451097,4.496267298025415,0,0,0,1
-1.0125558976817441,0.5370688639094903,0.6149284466374476,-0.9945217084108751,0,0,0,1
0.6314028303013289,-0.45620020704895675,-0.7854496100271193,0.42561668867669306,0,0,1,0
-0.5903127380840864,0.20597917359000792,0.5048132490193793,-0.28390616270227137,0,0,0,1
-0.07043377281369675,-0.3458369769424627,-1.1708528016903592,0.0530079222697729,0,0,1,0
0.8266744416467926,-0.676926667261945,0.01647628566968393,0.6186593535795942,0,1,0,0
-1.0150918926342825,-0.014747286622980312,0.0715338844787183,-1.1099830759094025,0,1,0,0
-0.38933513809541137,-0.23547374683596853,-0.5364935110645296,-0.349467822480615,0,1,0,0
-0.5649527885587015,-0.23547374683596853,0.2606447673445314,-0.6510514574609962,0,1,0,0
-0.8153822901218769,-0.676926667261945,-0.06491320822193189,-0.8131344496907906,0,1,0,0
1.3199254599155277,0.6474320940159843,0.1170162487122682,1.7929415264983732,0,0,0,1
0.6459848012784254,-0.676926667261945,-0.6083077703806612,0.6212089736820854,0,0,1,0
1.6755987520090507,-0.45620020704895675,-0.7136353507109877,1.0732201947094444,0,0,1,0
-1.1875395494068997,3.185786386465349,3.2457241462517366,-0.7599566589816896,1,0,0,0
-1.3067313121762085,-0.676926667261945,-0.24444885651226098,-1.431235208823287,0,1,0,0
0.6390108151589446,-0.45620020704895675,-0.9171090854400272,0.5469057592666292,0,0,1,0
-0.6885825424949525,-0.3458369769424627,-0.6442149000387271,-0.8939938300840812,0,0,1,0
-0.33290925040143005,-0.5665634371554509,0.6029594034180926,-0.44234684049993545,0,0,0,1
-0.4514670144326043,-0.3458369769424627,-0.7184229679987297,-0.7748901481534234,0,0,1,0
0.09503989783943939,-0.676926667261945,-0.8452948261238956,0.12184766503703386,0,0,1,0
1.2349696290054886,-0.3458369769424627,0.01647628566968393,1.0087512292607392,0,0,0,1
-1.1044857147112643,-0.5665634371554509,-0.6059139617367902,-0.8663122403998916,0,0,1,0
1.867066370925706,0.5370688639094903,-0.05773178229031888,1.020042404000343,0,0,0,1
-0.9903659418470323,-0.5665634371554509,-0.1702407885522582,-0.855021065660288,0,1,0,0
-0.2923333311608142,-0.45620020704895675,-0.11278938109935281,-0.4671145786384209,0,0,0,1
-1.2465014320534193,-0.3458369769424627,-0.11757699838709525,-0.9730320532613068,0,1,0,0
-0.6790725614229333,0.7577953241224785,0.2606447673445314,-0.2562245730180818,0,0,0,1
2.152365803086286,-0.676926667261945,-0.33062596769161884,1.1915954137536762,0,0,1,0
0.3581493741653072,-0.23547374683596853,0.49284420580002386,0.8029604638453829,0,0,0,1
-1.0239678749681673,-0.45620020704895675,-0.5987325358051769,-1.0677322284966921,0,0,1,0
-0.7627603948567033,-0.45620020704895675,-0.6513963259703404,-0.8284321703057375,0,0,1,0
2.393919322315577,-0.45620020704895675,-0.6585777519019533,2.726830946896559,0,0,1,0
1.7890845261351478,-0.676926667261945,-0.7686929495200219,0.702432585518589,0,0,1,0
-0.8103103002167998,-0.45620020704895675,-0.08406367737290035,-0.5119150461536225,0,0,0,1
1.447359206280587,-0.45620020704895675,-0.5197368505574324,0.5676669515297714,0,0,1,0
0.6193568542767712,-0.5665634371554509,-0.29950645532129533,0.21873322893169728,0,1,0,0
3.9643341966750336,3.7376025369978194,1.828589429080072,6.7348337480126395,1,0,0,0
-0.7405704390219916,-0.45620020704895675,-0.6992724988477614,-0.488968465231202,0,0,1,0
1.3922013160628746,-0.676926667261945,-0.3473826281987163,0.09598723256890934,0,1,0,0
1.648336806269262,-0.23547374683596853,0.27261381056388684,0.9657719189616032,0,0,0,1
-1.0569358093511678,-0.676926667261945,-1.0200428571264828,-0.8386306507157021,0,0,1,0
-1.2046575153365344,-0.5665634371554509,-0.6633653691896956,-1.0706460800423965,0,0,1,0
-1.3099013058668816,-0.12511051672947443,0.02126390295742594,-1.1649820238345687,0,1,0,0
-0.2872613412557374,-0.12511051672947443,-0.3114754985406504,-0.2554961101316557,0,1,0,0
-0.925698070557301,-0.3458369769424627,-0.6322458568193718,-0.7563143445495593,0,0,1,0
1.211511675694508,-0.014747286622980312,-0.16784697990838718,0.7526965246819857,0,1,0,0
1.8391704264477828,0.42670563380299614,1.246893928619406,2.3888241675948754,0,0,0,1
0.6415468101114831,-0.3458369769424627,-0.5508563629277561,0.46313252732763427,0,0,1,0
0.8336484277662735,-0.5665634371554509,-0.778268184095506,0.07413334597612804,0,0,1,0
-1.1387216465705339,-0.45620020704895675,-0.47904210361162425,-1.0899503465326865,0,0,1,0
-0.8762461689828006,-0.23547374683596853,-0.6705467951213088,-0.9275031228596792,0,1,0,0
2.4211812680553653,-0.676926667261945,0.3611847303871157,2.35312948616,0,1,0,0
-0.12368966681700494,0.09561594348351381,0.1792552734529156,-0.36986478330054423,0,0,0,1
-0.5554428074866823,-0.5665634371554509,-1.2402732523626196,-0.0813934802758317,0,0,1,0
0.12039984736482415,-0.3458369769424627,-0.4359535480219453,-0.18337828437547768,0,0,1,0
-0.35700120245054556,-0.3458369769424627,-0.7160291593548587,-0.49516039976582343,0,0,1,0
-1.178663567073015,-0.45620020704895675,-0.5173430419135612,-1.029487926959325,0,1,0,0
-0.669562580350914,0.6474320940159843,0.406667094620666,-0.679825741474825,0,0,0,1
1.1614257753818724,0.7577953241224785,0.9931502123690742,2.1943245769191226,1,0,0,0
-0.580802757012067,-0.676926667261945,-0.19417887499096864,-0.680554204361251,0,0,1,0
-0.24414942706258314,-0.676926667261945,0.8112207554348742,-0.15824631479377907,0,0,0,1
-0.4197670775258732,-0.676926667261945,-0.7088477334232455,-0.2150664199350104,0,0,1,0
0.9775661413228323,0.316342403696502,3.0278875596594705,0.7727292540587022,1,0,0,0
-0.03049185231121567,-0.23547374683596853,0.06435245854710528,0.46313252732763427,0,1,0,0
-0.8800501614116082,-0.5665634371554509,-0.3785021405690402,-0.47731305904838534,0,0,1,0
-1.3092673071287468,-0.23547374683596853,-0.3473826281987163,-1.4086528593440797,0,1,0,0
-0.520572876889278,-0.676926667261945,-1.204366122704554,-0.5891321121147828,0,0,1,0
-0.6074307040137211,-0.3458369769424627,0.14334814379484967,-0.7049577110565234,0,1,0,0
1.5849369324557998,-0.3458369769424627,-0.7040601161355035,1.5554626255234838,0,0,1,0
0.09250390288690095,-0.23547374683596853,-0.2133293441419371,0.2617125392308337,0,1,0,0
-0.8293302623608386,-0.45620020704895675,-0.8907771903574457,-0.9839589965576974,0,0,1,0
-0.7126744945440683,-0.45620020704895675,0.3923042427574396,-0.8735968692641521,0,1,0,0
1.103731890211622,0.20597917359000792,0.6364727244322871,1.5026490662575955,0,0,0,1
-0.13700364031783205,-0.3458369769424627,-0.6896972642722772,-0.11927355036998584,0,0,1,0
-0.7069685059008567,-0.3458369769424627,-0.30668788125290836,-0.6248267935496589,0,1,0,0
0.48494912179223165,0.09561594348351381,-0.5724006407225954,1.4509282013213467,0,0,0,1
-0.7500804200940109,-0.676926667261945,-0.7495424803690536,-0.31887238125072137,0,0,1,0
-0.19913551665502496,-0.45620020704895675,0.48566277986841083,-0.3902617441204735,0,0,0,1
0.2605135684925755,-0.5665634371554509,-1.3623574932000435,-0.0628176766719677,0,0,1,0
-0.8775141664590698,-0.676926667261945,-0.4957987641187217,-0.7625062790841808,0,1,0,0
1.628048846648954,-0.45620020704895675,-1.0080738139071272,0.7078960571667842,0,0,1,0
0.15526977796222838,-0.12511051672947443,-0.15587793668903216,0.2121770629538629,0,1,0,0
-0.5332528516519704,-0.23547374683596853,0.8734597801755215,-0.9533635553278036,0,0,0,1
-0.594116730512894,-0.3458369769424627,-0.8548700606993799,-0.5334047013031906,0,0,1,0
1.8207844630418788,-0.014747286622980312,-0.26359932566322947,1.805325395567616,0,1,0,0
-1.1089237058782067,-0.45620020704895675,-0.5700068320787245,-0.7807178512448317,0,1,0,0
0.4456412000278851,-0.45620020704895675,-0.4335597393780743,0.19396549079321185,0,0,1,0
-0.7576884049516263,-0.12511051672947443,0.17207384752130256,-0.8819741924580516,0,1,0,0
-0.4311790548122964,-0.5665634371554509,0.899791675258103,-0.5166500549153917,0,1,0,0
-0.9326720566767818,-0.3458369769424627,-0.24205504786839,-0.9850516908873365,0,1,0,0
-0.6112346964425288,-0.45620020704895675,-0.7830558013832483,-0.521020832233948,0,0,1,0
0.1983816921553826,3.9583289972108076,2.6209400902013917,1.0721275003798052,1,0,0,0
-0.04253782833577333,-0.676926667261945,-1.0176490484826115,0.3531346314773021,0,0,1,0
-0.40772110150131535,3.627239306891325,2.4174663554723517,0.4656821474301254,1,0,0,0
-0.7139424920203374,0.09561594348351381,0.7824950517084217,-0.6226414048903808,0,0,0,1
-0.9954379317521094,-0.45620020704895675,-0.16784697990838718,-0.8765107208098563,0,1,0,0
0.848864397481504,-0.23547374683596853,0.21755621175485249,0.7399484241695301,0,1,0,0
-0.9161880894852816,-0.45620020704895675,-1.0607376040722907,-1.014918669230804,0,0,1,0
0.03290802150224646,-0.45620020704895675,-0.6561839432580823,0.09489453823927024,0,1,0,0
-0.5560768062248167,-0.23547374683596853,0.2869766624271133,-0.18665636736439473,0,0,0,1
-1.0702497828519946,-0.3458369769424627,-0.2755683688825849,-0.9180331053361406,0,1,0,0
1.892426320451091,-0.676926667261945,-0.8285381656167982,1.0703063431637403,0,0,1,0
2.496627117893385,-0.676926667261945,-0.1367274675380637,1.4403654894681692,0,0,1,0
-1.0398178434215328,-0.45620020704895675,-0.01703703534451097,-1.0422360274717808,0,1,0,0
0.2706575483027295,-0.45620020704895675,-0.3880773751445242,0.546541527823416,0,1,0,0
-0.4876049425062777,0.09561594348351381,0.10265339684904176,-0.22526490034497504,0,0,0,1
0.1571717741766323,0.20597917359000792,-0.45271020852904276,0.8401120710531108,0,0,0,1
-0.790022340596492,-0.676926667261945,0.16249861294581813,-0.5512520420206286,0,0,0,1
-0.09198972991027388,2.523607005826384,1.780713256202651,0.8470324684741581,1,0,0,0
-1.366327193560863,-0.3458369769424627,-0.8548700606993799,-1.2327290722721906,0,0,1,0
-0.9510580200826859,-0.5665634371554509,-0.23008600464903453,-1.0968707439537337,0,1,0,0
-0.20737750025077498,-0.3458369769424627,-1.216335165923909,-0.39390405855260374,0,0,1,0
0.9465002031542361,-0.5665634371554509,-1.0056800052632562,0.4638609902140604,0,0,1,0
-0.6587846018026254,-0.676926667261945,0.2893704710709843,-0.8797888037987733,0,1,0,0
-0.5617827948680283,0.42670563380299614,0.5431141873213162,-0.4645649585359297,0,0,0,1
-1.448113030780229,-0.3458369769424627,-0.9434409805226089,-1.431235208823287,0,0,1,0
-0.7069685059008567,-0.676926667261945,-0.7399672457935693,-0.9566416383167208,0,0,1,0
-0.36714518226069953,0.20597917359000792,0.5981717861303502,0.04972983928085559,0,0,0,1
-0.7843163519532804,0.7577953241224785,-0.04815654771483444,-0.8473722053528145,0,0,0,1
-0.8432782345998003,-0.45620020704895675,-0.25641789973161644,-0.7523077986742162,0,1,0,0
-0.42230307247841165,-0.5665634371554509,0.059564841259362844,-0.42413526833928444,0,0,0,1
0.043686000050535134,-0.12511051672947443,-0.7279982025742139,-0.39171866989332554,0,1,0,0
0.24973558994428707,-0.3458369769424627,0.19122431667227102,0.24677905005909997,0,1,0,0
1.0454040063032368,-0.45620020704895675,-0.8452948261238956,0.39101470157145624,0,0,1,0
-0.7855843494295497,-0.5665634371554509,-1.161277567114875,-0.8080352094858083,0,0,1,0
-0.04380582581204277,0.20597917359000792,0.004507242450328913,0.08469605782930562,0,0,0,1
1.2818855356274508,-0.3458369769424627,0.5119946749509923,1.9255217718279127,0,0,0,1
-0.5503708175816051,-0.12511051672947443,-0.33062596769161884,-0.7238977461036005,0,1,0,0
-1.1647155948340533,2.302880545613396,1.7543813611200696,-0.9315096687350224,1,0,0,0
-0.6365946459679136,0.316342403696502,-0.5867634925858217,-0.4831407621397937,0,0,0,1
0.15907377039103623,-0.12511051672947443,-0.12236461567483725,0.20416397120317648,0,1,0,0
-0.6816085563754718,-0.5665634371554509,-0.7303920112180852,-0.593138657990126,0,0,1,0
-1.2306514636000538,0.7577953241224785,-0.2851436034580689,-0.907470393482963,0,0,0,1
0.37590133883307664,-0.5665634371554509,0.10025958820517075,0.3680681206490358,0,0,0,1
2.863712387273331,-0.676926667261945,-0.7136353507109877,2.0937966985923286,0,1,0,0
0.9281142397483316,-0.45620020704895675,-0.7902372273148615,0.051550996496920846,0,0,1,0
0.13371382086565126,0.9785217843354668,1.5700580955419985,0.24204404129733062,1,0,0,0
-0.7171124857110106,-0.5665634371554509,-0.254024091087745,-0.8746895635937911,0,0,1,0
-0.684778550066145,3.8479657671043137,3.7484239614646584,-0.26132381322306414,1,0,0,0
-1.1063877109256681,-0.676926667261945,0.9883625950813322,-0.7581355017656244,0,0,0,1
-0.8730761752921274,-0.5665634371554509,-0.8572638693432508,-0.9701182017156026,0,0,1,0
0.14068780698513206,-0.676926667261945,-0.6920910729161482,0.2646263907765381,0,0,1,0
-0.18899153684487102,-0.676926667261945,0.059564841259362844,0.22856747789844895,0,0,0,1
1.7288546460123586,-0.3458369769424627,-0.6011263444490482,1.5558268569666969,0,0,1,0
0.6415468101114831,-0.3458369769424627,-0.2827497948141979,0.3436646139537634,0,1,0,0
0.611114870681021,-0.676926667261945,-0.3593516714180717,0.3345588278734379,0,0,1,0
-0.684778550066145,2.41324377571989,2.02727554652137,-0.382977115256213,1,0,0,0
-0.9136520945327432,-0.676926667261945,0.047595798040007825,-0.7788966940287666,0,1,0,0
-0.2840913475650642,-0.3458369769424627,-0.34020120226710326,-0.3920829013365385,0,0,1,0
-0.9402800415343973,0.42670563380299614,0.14095433515097866,-0.785088628563388,0,0,0,1
0.8444264063145617,-0.676926667261945,-0.44313497395355855,0.5665742572001323,0,0,1,0
1.461941177257683,-0.45620020704895675,0.8231897986542296,2.0613801001463696,0,0,0,1
0.2573435748019024,-0.676926667261945,-0.4215906961587191,-0.297382726101153,0,0,1,0
-0.5731947721544515,-0.12511051672947443,0.7585569652697107,-0.8302533275218026,0,0,0,1
1.1214838548793915,-0.676926667261945,-1.2713927647329435,1.2349389554960255,0,1,0,0
-0.6961905273525681,0.6474320940159843,-0.41680307887097684,-0.5935028894333391,0,0,0,1
-0.40645310402504614,-0.23547374683596853,-1.2187289745677803,-0.7887309429955182,0,1,0,0
0.5844869236793673,-0.3458369769424627,-0.4934049554748507,0.39101470157145624,0,1,0,0
-0.4692189791003735,2.8546966961458664,1.0434201938903667,-0.103247366868613,1,0,0,0
0.9965861034668712,-0.45620020704895675,-1.3623574932000435,1.1675561385016164,0,0,1,0
-0.29867331854216056,-0.676926667261945,-1.2618175301574592,-0.2890054029072537,0,0,1,0
0.2592455710163063,-0.23547374683596853,-0.5724006407225954,-0.18374251581869064,0,1,0,0
0.6402788126352136,2.6339702359328783,2.4318292073355785,1.5820515208780344,1,0,0,0
-0.641032637134856,-0.45620020704895675,-0.9314719373032537,-0.7308181435246479,0,0,1,0
-0.8971681273412431,-0.45620020704895675,-0.26838694295097143,-0.5603578281009541,0,1,0,0
-0.0463418207645812,-0.45620020704895675,-0.7662991408761508,-0.2190729658103536,0,0,1,0
-1.3124373008194201,-0.23547374683596853,-0.15109031940128972,-1.132929656831823,0,1,0,0
-0.9161880894852816,0.42670563380299614,0.09307816227355775,-1.0531629707681711,0,0,0,1
-0.9295020629861087,-0.23547374683596853,-0.5293120851329164,-1.1423996743553615,0,1,0,0
-0.45463700812327723,-0.014747286622980312,0.20319335989162604,-0.7355531522864172,0,1,0,0
1.0073640820151593,0.316342403696502,-0.38328975785678215,1.5427145250110283,0,0,0,1
0.3454693994026148,0.09561594348351381,0.624503681212932,0.0967156954553355,0,0,0,1
-0.6701965790890486,3.7376025369978194,2.759780991545912,-0.8746895635937911,1,0,0,0
-0.6321566548009714,-0.5665634371554509,-0.36174548006194274,-0.6816468986908901,0,0,0,1
-0.40518510654877693,0.42670563380299614,-0.14390889346967672,0.004200908879227984,0,0,0,1
0.5756109413454825,-0.676926667261945,-0.6250644308877586,-0.11781662459713378,0,0,1,0
0.17238774389186312,3.185786386465349,3.1930603560865736,0.7064391313939321,1,0,0,0
-0.08501574379079307,0.5370688639094903,3.5114369057214234,0.3083341639621004,1,0,0,0
-0.05775379805100437,-0.12511051672947443,0.7537693479819688,0.08870260370464883,1,0,0,0
-1.3796411670616897,0.316342403696502,0.38512281682582655,-1.1970343908373144,0,0,0,1
0.25290558363496,3.296149616571843,0.681955088665837,0.300321072211414,1,0,0,0
-1.1894415456213034,-0.676926667261945,-0.14390889346967672,-1.2130605743386873,0,1,0,0
-0.1065717008873702,-0.014747286622980312,-0.26120551701935846,-0.34291165650278066,0,1,0,0
-1.294051337413516,-0.12511051672947443,-0.15109031940128972,-1.3569319944078306,0,1,0,0
-1.0277718673969751,-0.5665634371554509,-0.6418210913948561,-1.1026984470451422,0,0,1,0
-0.6010907166323749,-0.45620020704895675,-0.3689269059935557,-0.4499957008074088,0,0,1,0
-1.3809091645379592,-0.5665634371554509,-0.1463027021135477,-1.2418348583525163,0,1,0,0
0.19964968963165183,-0.676926667261945,-0.7279982025742139,-0.4838692250262197,0,0,1,0
-1.2629853992449196,-0.45620020704895675,-0.14869651075741872,-1.239649469693238,0,1,0,0
2.283603541880152,1.0888850144419608,1.4360048114852193,3.7816452064414676,1,0,0,0
-0.8027023153591845,-0.45620020704895675,-0.7639053322322799,-0.6572433919956177,0,0,1,0
1.506955087665241,-0.3458369769424627,-1.0272242830580958,0.5144891608206703,0,0,1,0
-1.0835637563528218,0.6474320940159843,0.0787153104103313,-0.889987284208738,0,0,0,1
0.8209684530035808,-0.45620020704895675,-0.2013603009225821,0.22528939490953162,0,1,0,0
0.010084066929400132,-0.45620020704895675,-0.3449888195548453,-0.2380130008574308,0,0,1,0
0.28206952558915266,-0.676926667261945,-0.9937109620439011,0.22419670057989277,0,0,1,0
0.7093846750918876,-0.3458369769424627,-0.4383473566658163,0.10400032431959576,0,0,1,0
-0.5078929021265857,-0.676926667261945,-0.3689269059935557,-0.3418189621731418,0,1,0,0
-0.03683183969256175,-0.014747286622980312,-0.012249418056768538,0.1914158706907207,0,1,0,0
-0.309451297090449,-0.3458369769424627,-0.8500824434116379,-0.733003532183926,0,0,1,0
0.1495637893190168,-0.5665634371554509,-0.9506224064542221,-0.2649661276551942,0,0,1,0
2.3051594989767294,-0.676926667261945,-0.6609715605458245,1.2192770034378655,0,0,1,0
-0.6632225929695678,-0.23547374683596853,-0.254024091087745,-0.504266185846149,0,1,0,0
0.04748999247934278,-0.45620020704895675,-0.8524762520555089,-0.4456249234888525,0,0,1,0
0.20852567196553656,-0.12511051672947443,-1.0559499867845483,0.23075286655772714,0,1,0,0
1.1981977021936807,-0.014747286622980312,-0.2923250293896819,0.5341576587541734,0,1,0,0
-1.0379158472071288,-0.12511051672947443,-0.8452948261238956,-1.045149879017485,0,1,0,0
-0.15095161255679365,-0.5665634371554509,-1.1828218449097143,-0.399367530200799,0,0,1,0
-1.0442558345884752,0.316342403696502,0.3731537736064711,-0.8273394759760985,0,0,0,1
-0.9098481021039354,-0.45620020704895675,-0.4287721220903321,-0.8936295986408681,0,0,1,0
0.027202032859034882,-0.45620020704895675,-1.1684589930464881,0.06575602278222868,0,0,1,0
0.6409128113733485,-0.676926667261945,-1.2378794437187488,0.09052376092071408,0,0,1,0
-0.9814899595131478,2.192517315506902,1.4814871757187695,-0.49479616832261036,1,0,0,0
-0.5116968945553932,-0.45620020704895675,0.014082477025812928,-0.43688336885174023,0,1,0,0
-1.0303078623495134,0.7577953241224785,0.41384852055227905,-0.9377016032696437,0,0,0,1
0.18823771234522865,0.5370688639094903,0.19122431667227102,-0.15715362046414022,0,0,0,1
0.9896121173473903,0.6474320940159843,0.18404289074065802,0.5574684711198068,0,0,0,1
-0.8997041222937815,-0.676926667261945,0.2941580883587263,-1.0680964599399052,0,0,0,1
-0.9929019367995708,-0.014747286622980312,-0.3114754985406504,-0.8630341574109744,0,1,0,0
-1.0410858408978023,-0.5665634371554509,-1.0008923879755143,-0.9030996161644067,0,0,1,0
-1.1628135986196495,-0.676926667261945,-1.0152552398387404,-1.1988555480533796,0,0,1,0
1.227995642886008,-0.5665634371554509,0.7920702862839056,1.7605249280524142,0,0,0,1
-0.5142328895079317,-0.3458369769424627,-1.0583437954284196,-0.5629074482034453,0,0,1,0
-0.8274282661464347,-0.23547374683596853,-0.8405072088361536,-0.8309817904082286,0,0,0,1
0.8735903482687543,-0.676926667261945,-0.8572638693432508,1.020042404000343,0,0,1,0
-0.053315806884062004,-0.014747286622980312,-0.3138693071845214,-0.2241722060153359,0,0,0,1
-1.0220658787537633,3.9583289972108076,1.1918363298103718,-0.907470393482963,1,0,0,0
-0.41913307878773853,3.627239306891325,1.8884346451768483,0.16009196657440095,1,0,0,0
1.8436084176147252,-0.676926667261945,-0.8429010174800247,0.5483626850394813,0,0,1,0
-0.912384097056474,-0.014747286622980312,-0.254024091087745,-1.1092546130229766,0,1,0,0
0.7404506132604841,-0.3458369769424627,-1.2306980177871356,0.789483900446501,0,0,1,0
0.5356690208430012,-0.45620020704895675,-0.20614791821032408,-0.06682422254731092,0,0,1,0
0.3296194309492492,-0.676926667261945,-1.2187289745677803,-0.3614874601066449,0,0,1,0
-0.4521010131707388,-0.5665634371554509,-0.26120551701935846,-0.16698786943089164,0,1,0,0
0.22310764294263288,-0.5665634371554509,0.7274374528993873,0.2533352160369343,0,1,0,0
-0.41342709014452694,-0.676926667261945,-0.2755683688825849,-0.3534743683559582,0,1,0,0
2.416109278150288,-0.014747286622980312,-0.6298520481755009,0.9643149931887508,0,1,0,0
1.4118552769450479,-0.23547374683596853,-0.17263459719612917,1.3595061090748788,0,0,0,1
-1.0429878371122059,0.9785217843354668,0.3683661563187291,-0.9577343326463599,1,0,0,0
-1.1456956326900147,-0.5665634371554509,0.1170162487122682,-1.1598827836295864,0,1,0,0
-0.8882921450073583,-0.23547374683596853,1.6682042499407117,-0.40410253896256815,1,0,0,0
0.3296194309492492,-0.5665634371554509,0.059564841259362844,0.47697332216972915,0,0,0,1
-0.07360376650436991,-0.676926667261945,-0.814175313753572,0.046815987735151485,0,0,1,0
0.490655110435443,-0.5665634371554509,-0.7256043939303429,0.5975339298732392,0,0,1,0
-0.43434904850296957,-0.3458369769424627,-0.4718606776800112,-0.4448964606024266,0,0,1,0
-0.22512946491854444,-0.45620020704895675,-0.6178830049561455,-0.029308383896369732,0,0,1,0
-0.3069153021379106,-0.5665634371554509,-0.6035201530929192,-0.5159215920289657,0,0,1,0
0.20789167322740207,-0.676926667261945,1.0099068728761718,0.14989348616443632,0,0,0,1
-0.6289866611102982,-0.3458369769424627,-0.0002803748374135199,-0.46019418121737343,0,1,0,0
1.3966393072298169,-0.12511051672947443,-0.30429407260903735,0.9537522813355735,0,1,0,0
0.6358408214682713,-0.12511051672947443,-0.18460364041548463,0.7767357999340454,0,1,0,0
0.07982392812420858,2.523607005826384,1.7998637253536198,0.6295862968759848,1,0,0,0
-0.4482970207419311,-0.12511051672947443,0.12659148328775266,-0.26132381322306414,0,0,0,1
-0.3195952769006029,-0.5665634371554509,-0.6346396654632429,-0.3247000843421296,0,0,1,0
-0.6606865980170293,-0.5665634371554509,-0.9769543015368036,-0.6561506976659786,0,0,1,0
-0.8331342547896463,0.09561594348351381,0.2558571500567894,-0.7894594058819442,0,0,0,1
1.2153156681233153,-0.014747286622980312,0.06674626719097629,0.5286941871059782,0,0,0,1
-0.9339400541530511,-0.676926667261945,-0.8524762520555089,-0.8827026553444777,0,0,1,0
-1.2236774774805732,-0.5665634371554509,-0.6920910729161482,-0.8867092012198209,0,0,1,0
-0.8667361879107812,3.7376025369978194,3.3558393438698055,-0.39171866989332554,1,0,0,0
-0.8642001929582427,-0.676926667261945,-0.6753344124090508,-1.0710103114856093,0,0,1,0
-0.6892165412330872,0.7577953241224785,-0.0720946341535449,-0.5181069806882437,0,0,0,1
1.6521407986980694,-0.3458369769424627,0.06914007583484728,1.5926142327312118,0,1,0,0
0.2776315344222103,-0.3458369769424627,0.37794139089421314,0.49700605154644517,0,1,0,0
1.170301757715757,2.41324377571989,1.50542526215748,2.7556052309103873,1,0,0,0
0.6142848643716944,-0.45620020704895675,-0.44313497395355855,0.42634515156311925,0,0,1,0
-1.0594718043037061,-0.45620020704895675,-0.45510401717291377,-1.1959416965076755,0,0,1,0
-0.47746096269612376,-0.45620020704895675,-1.2761803820206854,-0.25913842456378594,0,0,1,0
0.14766179310461308,-0.3458369769424627,-0.684909646984535,-0.41867179669108917,0,0,1,0
-0.06599578164675439,-0.3458369769424627,-0.7423610544374404,-0.5512520420206286,0,1,0,0
0.24846759246801786,-0.45620020704895675,-0.2013603009225821,0.14843656039158426,0,1,0,0
0.41774525554996167,3.0754231563588545,2.084726953974275,1.1362322343852966,1,0,0,0
-0.4552710068614119,-0.3458369769424627,0.27022000192001583,-0.5625432167602322,0,0,0,1
-1.1577416087145722,0.316342403696502,-0.2971126466774243,-1.2385567753635989,0,0,0,1
-1.3181432894626315,-0.5665634371554509,-0.24444885651226098,-1.185378984654498,0,1,0,0
-0.3906031355716806,-0.3458369769424627,-0.2659931343071004,-0.7606851218681155,0,1,0,0
0.2560755773256332,-0.014747286622980312,-0.0026741834812845236,0.4081335794024682,0,0,0,1
5.514461111414183,-0.45620020704895675,-1.3623574932000435,3.353673260666168,0,0,1,0
0.1368838145563244,-0.12511051672947443,-0.2947188380335529,0.3025064608706922,0,1,0,0
-1.1114597008307452,-0.3458369769424627,-0.6944848815600192,-1.0615402939620708,0,0,1,0
-0.18201755072539022,3.627239306891325,2.424647781403965,0.37498851807008343,1,0,0,0
-0.07613976145690834,-0.12511051672947443,2.065576484823307,0.4656821474301254,1,0,0,0
-0.16299758858135152,-0.676926667261945,-0.9578038323858351,-0.4754919018323204,0,0,1,0
1.2476496037681812,-0.676926667261945,-0.4981925727625927,0.46531791598691247,0,0,1,0
-1.3809091645379592,2.41324377571989,1.828589429080072,-1.32670078462115,1,0,0,0
-1.064543794208783,-0.12511051672947443,0.638866533076158,-0.9100200135854541,0,0,0,1
-0.6733665727797217,0.7577953241224785,2.0823331453304044,-0.11417431016500378,1,0,0,0
0.06714395336151596,-0.12511051672947443,-0.16066555397677415,0.22346823769346663,0,0,0,1
-0.9504240213445513,-0.676926667261945,-0.4383473566658163,-0.9537277867710167,0,1,0,0
-0.11544768322125493,0.09561594348351381,-0.6633653691896956,0.19505818512285097,0,0,0,1
-1.1437936364756107,-0.5665634371554509,-0.816569122397443,-1.1722666526988292,0,0,1,0
-0.6524446144212791,-0.3458369769424627,-1.1493085238955196,-0.46747881008163383,0,0,1,0
0.5534209855107707,-0.3458369769424627,-0.8046000791780877,0.5658457943137062,0,0,1,0
-0.02732185862054252,-0.3458369769424627,-0.6250644308877586,-0.451452626580261,0,0,1,0
-0.5097948983409893,-0.676926667261945,-0.8620514866309931,-0.9129338651311583,0,0,1,0
-0.6346926497535098,-0.23547374683596853,-0.13193985025032126,-0.21397372560537128,0,0,0,1
-0.06789777786115832,-0.014747286622980312,0.2654323846322738,-0.1025189039821871,0,1,0,0
0.71382266625883,3.185786386465349,1.8333770463678147,1.2560643792023807,1,0,0,0
1.4517971974475292,-0.676926667261945,-0.5364935110645296,1.01239354369287,0,0,1,0
-0.6651245891839717,-0.45620020704895675,-1.120582820169067,-0.4794984477076636,0,0,1,0
0.16034176786730547,-0.45620020704895675,-0.9841357274684168,0.20270704543032445,0,0,1,0
-1.3618892023939206,-0.014747286622980312,0.6029594034180926,-1.344183893895375,0,1,0,0
-0.4926769324113546,0.5370688639094903,0.24149429819356294,-0.488968465231202,0,0,0,1
-1.4050011165870748,-0.23547374683596853,-0.4574978258167848,-1.168260106823486,0,1,0,0
0.7290386359740609,-0.5665634371554509,-0.06491320822193189,-0.03550031843099115,0,0,0,1
-0.7316944566881068,-0.676926667261945,-0.44074116530968754,-0.7668770564027371,0,1,0,0
2.0769199532482663,-0.5665634371554509,-0.7806619927393773,1.2932159864101087,0,0,1,0
-0.594116730512894,-0.45620020704895675,0.12898529193162364,-0.6546937718931265,0,1,0,0
0.8748583457450237,-0.676926667261945,-0.7878434186709903,0.9471961153577388,0,1,0,0
1.7377306283462433,-0.3458369769424627,-1.3623574932000435,1.6570831981799168,0,0,1,0
-0.36968117721323795,-0.676926667261945,-0.9171090854400272,-0.7559501131063464,0,0,1,0
2.4053312996019995,1.309611474654949,1.6083590338439353,2.953018673131845,1,0,0,0
1.6578467873412812,-0.45620020704895675,-0.22769219600516355,1.610097342005437,0,0,1,0
0.9128982700331011,-0.12511051672947443,0.061958649903233846,0.24167980985411766,0,1,0,0
-0.4337150497648348,-0.3458369769424627,-0.6418210913948561,-0.610621767264351,0,0,1,0
0.18570171739269023,2.7443334660393726,1.974611756356207,0.7439549700448733,1,0,0,0
-0.35573320497427635,-0.5665634371554509,-0.2779621775264559,-0.4915180853336932,0,1,0,0
-0.6467386257780676,0.20597917359000792,-0.22290457871742153,-0.9449862321339041,0,0,0,1
2.5080390951798086,-0.45620020704895675,-0.7208167766426009,1.835192373911084,0,0,1,0
-0.4920429336732201,-0.45620020704895675,-0.19417887499096864,-0.37714941216480474,0,0,1,0
0.06650995462338147,-0.676926667261945,-0.6753344124090508,0.012578232073127608,0,0,1,0
-0.5351548478663744,-0.3458369769424627,-0.9099276595084143,-0.8240613929871812,0,0,1,0
-1.2382594484576694,-0.5665634371554509,-0.80938769646583,-1.1081619186933376,0,0,1,0
1.1151438674980452,0.5370688639094903,0.16968003887743155,0.5337934273109605,0,0,0,1
0.3822413262144229,3.7376025369978194,2.3145325837858963,0.844118616928454,1,0,0,0
-0.632790653539106,-0.5665634371554509,-0.6920910729161482,-0.8579349172059922,0,0,1,0
1.4758891494966446,-0.676926667261945,-0.5819758752980797,1.4068561966925712,0,0,1,0
0.14575979689020915,-0.676926667261945,-0.3186569244722638,0.048637144951216744,0,1,0,0
3.04059803521289,-0.3458369769424627,-1.0224366657703536,3.548537082785134,0,0,1,0
1.209609679480104,-0.5665634371554509,-1.0032861966193853,0.7231937777817314,0,0,1,0
-0.828696263622704,-0.3458369769424627,-0.060125590934189885,-0.7446589383667427,0,1,0,0
-0.6486406219924715,-0.5665634371554509,-0.41919688751484785,-0.6073436842754338,0,0,1,0
-0.9440840339632051,-0.12511051672947443,-1.034405708989709,-0.6714484182809255,0,1,0,0
0.9940501085143327,-0.3458369769424627,0.5119946749509923,0.22893170934166188,0,1,0,0
-0.45590500559954666,-0.45620020704895675,-1.3360255981174618,-0.24966840704024748,0,0,1,0
0.6155528618479633,-0.5665634371554509,-0.8309319742606694,0.5195884010256526,0,0,1,0
0.01769205178701565,-0.45620020704895675,0.19361812531614203,0.01221400062991466,0,0,0,1
-1.0030459166097248,2.9650599262523607,2.3336830529368653,-0.9129338651311583,1,0,0,0
0.10645187512586256,-0.45620020704895675,-0.26838694295097143,-0.04751995605702077,0,0,1,0
-1.0233338762300328,3.7376025369978194,1.4790933670748982,-0.7577712703224115,1,0,0,0
-0.0013279103570230343,-0.3458369769424627,-0.7256043939303429,-0.3239716214557037,0,0,1,0
1.209609679480104,-0.3458369769424627,-0.778268184095506,0.8412047653827499,0,0,1,0
1.030188036588006,2.9650599262523607,3.7196982577382056,0.6849494762443641,1,0,0,0
-0.11227768953058177,-0.5665634371554509,-0.4814359122554954,0.03843866454125212,0,0,1,0
2.428155254174846,-0.3458369769424627,0.25106953276904737,2.961760227768957,0,1,0,0
-1.4208510850404403,-0.45620020704895675,-1.2570299128697169,-1.3507400598732093,0,0,1,0
-0.4641469891952967,-0.3458369769424627,-1.2402732523626196,-0.3574809142313017,0,1,0,0
0.29094550792303736,0.7577953241224785,0.8495216937368111,-0.27480037662194584,0,0,0,1
0.028470030335304097,-0.45620020704895675,-0.5388873197084006,0.48753603402290674,0,0,0,1
-0.8578602055768965,-0.45620020704895675,-0.80938769646583,-0.9380658347128568,0,0,1,0
-0.7697343809761842,-0.3458369769424627,-0.9745604928929326,-0.558536670884889,0,0,1,0
-1.1254076730697067,-0.5665634371554509,-0.014643226700639542,-0.8827026553444777,0,1,0,0
1.9266622523103603,-0.12511051672947443,-0.39525880107613764,1.6414212461217565,0,1,0,0
-0.5009189160071046,-0.45620020704895675,-0.6681529864774376,-0.205232170968259,0,0,1,0
-1.2636193979830541,0.5370688639094903,0.20079955124775503,-1.0793876346795088,0,0,0,1
0.0893339091962278,-0.45620020704895675,-0.8069938878219587,0.04972983928085559,0,0,1,0
-0.3918711330479498,-0.45620020704895675,-1.0607376040722907,-0.41757910236145007,0,0,1,0
-0.6701965790890486,4.068692227317301,2.2283554726065384,-0.6903884533280026,1,0,0,0
-0.9180900856996856,-0.676926667261945,-0.9601976410297064,-0.9442577692474781,0,0,1,0
4.137415852185785,-0.676926667261945,-0.8357195915484115,2.153530655279264,0,0,1,0
0.32898543221111476,-0.5665634371554509,-0.44313497395355855,0.17429699285970876,0,1,0,0
0.41077126943048087,-0.12511051672947443,0.7011055578168054,0.19105163924750776,0,0,0,1
2.528961053538251,-0.014747286622980312,0.23191906361807893,1.994725746038387,0,1,0,0
0.09503989783943939,-0.5665634371554509,0.2893704710709843,-0.3793348008240827,0,1,0,0
-1.322581280629574,-0.5665634371554509,-0.7758743754516351,-1.348190439770718,0,0,1,0
-0.6239146712052213,-0.45620020704895675,-0.8812019557819616,-0.7209838945578964,0,0,1,0
-0.9859279506800901,-0.676926667261945,-0.33541358497936125,-1.0120048176851,0,0,1,0
-0.7671983860236457,-0.23547374683596853,0.18404289074065802,-0.855749528546714,0,1,0,0
-0.4102570964538538,0.09561594348351381,0.0787153104103313,-0.4288702771010535,0,0,0,1
1.579230943812588,-0.676926667261945,-1.0032861966193853,1.4472858868892167,0,0,1,0
-0.5484688213672012,-0.3458369769424627,-0.9745604928929326,-0.6328398853003452,0,0,1,0
-0.6442026308255291,-0.676926667261945,-1.1684589930464881,-0.8677691661727438,0,0,1,0
3.0171400819019096,-0.676926667261945,-0.9745604928929326,1.7750941857809353,0,0,1,0
0.2903115091849029,-0.676926667261945,-1.0870694991548722,-0.16298132355554842,0,0,1,0
-0.3227652705912761,-0.5665634371554509,-0.9195028940838985,-0.5326762384167645,0,0,1,0
-0.3303732554488916,-0.12511051672947443,0.3133085575096948,-0.4277775827714147,0,1,0,0
-0.8014343178829153,-0.676926667261945,-0.7303920112180852,-1.013097512014739,0,0,1,0
-0.2695093765879679,-0.3458369769424627,-1.1445209066077775,-0.7133350342504229,0,0,1,0
0.32835143347298,-0.3458369769424627,-0.8835957644258325,0.5669384886433453,0,1,0,0
-1.0994137248061873,0.20597917359000792,0.02605152024516837,-0.9431650749178391,0,0,0,1
-1.0353798522545905,0.09561594348351381,0.19601193396001304,-1.3044826665851559,0,0,0,1
1.243211612601239,-0.3458369769424627,-0.682515838340664,0.9624938359726858,0,0,1,0
-0.07613976145690834,-0.5665634371554509,-0.0625193995780609,0.1968793423389162,0,1,0,0
-0.6416666358729906,-0.3458369769424627,0.5048132490193793,-0.5454243389292203,0,0,0,1
1.4758891494966446,-0.676926667261945,-0.2659931343071004,1.1660992127287646,0,0,1,0
-0.4197670775258732,-0.3458369769424627,-0.34020120226710326,-0.5319477755303385,0,1,0,0
1.2685715621266236,-0.45620020704895675,0.5670522737600266,1.9196940687365045,0,1,0,0
0.4855831205303662,-0.5665634371554509,-0.996104770687772,0.7384914983966778,0,0,1,0
-0.2897973362082758,-0.3458369769424627,-1.1517023325393907,-0.36950055185733127,0,0,1,0
-0.8959001298649738,-0.3458369769424627,-0.8788081471380905,-0.5439674131563682,0,0,1,0
-0.5598807986536244,-0.23547374683596853,-0.8357195915484115,-0.5873109548987177,0,1,0,0
-0.032393848525619606,-0.3458369769424627,-0.6178830049561455,0.17320429853006966,0,0,1,0
-0.5072589033884509,2.6339702359328783,2.443798250554933,0.011849769186701452,1,0,0,0
0.4278892353601156,-0.676926667261945,-0.32823215904774783,0.11492726761598654,0,0,1,0
-0.9897319431088978,0.6474320940159843,0.7561631566258398,-0.8236971615439682,0,0,0,1
-0.9180900856996856,-0.676926667261945,-0.8333257829045404,-1.1245523336379233,0,0,1,0
1.9399762258111874,-0.3458369769424627,-0.2947188380335529,1.0043804519421835,0,0,1,0
1.3820573362527209,-0.45620020704895675,-0.9434409805226089,1.0174927838978522,0,0,1,0
-0.46731698288596984,-0.676926667261945,-0.3665330973496847,-0.4499957008074088,0,1,0,0
-0.6505426182068753,1.7510643950809255,1.4407924287729617,-0.4671145786384209,1,0,0,0
-0.7190144819254144,-0.5665634371554509,-0.4239845048025901,-0.5104581203807702,0,1,0,0
-0.25112341318206394,-0.45620020704895675,-1.3503884499806882,-0.5978736667518953,0,0,1,0
2.284237540618287,-0.014747286622980312,-0.5939449185174349,2.74504251905721,0,1,0,0
-0.001961909095157755,-0.014747286622980312,-0.8740205298503483,0.07304065164648894,0,1,0,0
-0.39821112042929613,-0.5665634371554509,-1.0176490484826115,-0.4926107796633323,0,0,1,0
0.3397634107594032,-0.5665634371554509,-0.5987325358051769,0.36406157477369266,0,1,0,0
-0.7925583355490305,-0.676926667261945,-0.680122029696793,-0.9016426903915546,0,0,1,0
0.24085960761040234,-0.5665634371554509,0.0763215017664603,0.4849864139204156,0,0,0,1
-1.1292116654985145,-0.3458369769424627,-0.033793695851608,-1.2021336310422968,0,1,0,0
-1.1311136617129183,-0.5665634371554509,0.17207384752130256,-1.1274661851836276,0,1,0,0
-0.8280622648845694,-0.676926667261945,0.34921568716776064,-0.6332041167435584,0,0,0,1
0.01896004926328487,2.8546966961458664,2.8339890595059156,0.4922710427846761,1,0,0,0
-0.9745159733936668,-0.23547374683596853,-0.2013603009225821,-0.9234965769843358,0,1,0,0
-1.0962437311155142,-0.676926667261945,-0.2851436034580689,-0.6732695754969906,0,1,0,0
-0.36270719109375715,0.20597917359000792,-0.23726743058064798,-0.5297623868710604,0,0,0,1
1.787182529920744,-0.5665634371554509,-0.8046000791780877,1.1996085055043626,0,0,1,0
1.3807893387764514,-0.12511051672947443,0.4473618415664739,0.7851131231279446,0,0,0,1
-0.5903127380840864,-0.3458369769424627,-1.17324661033423,-0.8939938300840812,0,0,1,0
-0.9320380579386471,-0.45620020704895675,-0.45271020852904276,-0.8105848295882995,0,1,0,0
1.004828087062621,0.09561594348351381,0.31809617479743674,1.7812861203155568,0,0,0,1
0.4063332782635385,-0.5665634371554509,-0.5149492332696901,-0.2511253328130995,0,0,1,0
-0.3088172983523145,-0.676926667261945,-0.7208167766426009,-0.4077448533946984,0,0,1,0
-0.403283110334373,-0.45620020704895675,-0.40962165293936365,-0.7759828424830625,0,0,1,0
1.3452854094409128,-0.676926667261945,-1.17324661033423,1.1325899199531666,0,0,1,0
-1.2344554560288616,-0.676926667261945,-0.18220983177161362,-1.1281946480700535,0,1,0,0
1.9830881400043416,-0.5665634371554509,0.8973978666142319,2.54252983663077,0,0,0,1
1.4600391810432791,-0.3458369769424627,-1.1971846967729407,0.7100814458260624,0,0,1,0
1.1962957059792767,-0.45620020704895675,-0.3976526097200086,0.8379266823938326,0,0,1,0
-0.7335964529025107,-0.5665634371554509,-1.0056800052632562,-1.0378652501532244,0,0,1,0
1.1550857880005265,-0.12511051672947443,-0.3162631158283928,1.0408035962634856,0,1,0,0
-0.4933109311494893,-0.676926667261945,-0.7854496100271193,-0.18811329313724678,0,0,1,0
-0.09008773369586993,-0.5665634371554509,-0.6968786902038903,-0.523206220893226,0,0,1,0
-0.6505426182068753,-0.676926667261945,-0.9147152767961563,-0.4805911420373025,0,0,1,0
-1.2046575153365344,-0.5665634371554509,-0.7184229679987297,-0.785088628563388,0,0,1,0
0.6795867343995604,-0.45620020704895675,-0.45510401717291377,0.8248143504381639,0,0,1,0
1.5754269513837802,0.316342403696502,0.1888305080284,0.7235580092249441,0,0,0,1
-1.118433686950226,-0.45620020704895675,-1.0990385423742275,-0.9238608084275489,0,0,1,0
0.12800783222243967,-0.676926667261945,-0.39525880107613764,-0.16990172097659575,0,1,0,0
0.07665393443353542,0.6474320940159843,-0.30908168989677937,0.09380184390963113,0,0,0,1
3.396905326044547,1.9717908552939136,1.4288233855536063,5.5233999678861325,1,0,0,0
-0.27331336901677555,-0.23547374683596853,-0.11039557245548182,-0.18082866427298652,0,1,0,0
0.31186746628148,-0.3458369769424627,-0.6418210913948561,-0.08430733182153606,0,0,1,0
-1.1013157210205913,2.192517315506902,1.7831070648465224,-0.8302533275218026,1,0,0,0
0.5191850536515011,-0.5665634371554509,-0.5891573012296928,-0.10798237563038236,0,1,0,0
0.2250096391570368,-0.3458369769424627,-0.558037788859369,0.385551229923261,0,0,1,0
-1.0404518421596676,-0.676926667261945,0.19122431667227102,-0.8786961094691342,0,1,0,0
-0.1496836150805244,-0.23547374683596853,0.2941580883587263,-0.3858909668019171,0,1,0,0
-0.06092379174167752,-0.014747286622980312,0.9955440210129453,0.7505111360227079,1,0,0,0
0.2256436378951713,-0.5665634371554509,-1.122976628812938,-0.13457127098493277,0,0,1,0
-0.3278372604963529,-0.45620020704895675,-0.23008600464903453,0.17866777017826518,0,1,0,0
-0.870540180339589,-0.3458369769424627,0.7082869837484188,-0.7217123574443224,0,0,0,1
-0.7202824794016837,-0.45620020704895675,-0.08645748601677135,-0.5884036492283568,0,0,1,0
1.037162022707487,-0.5665634371554509,0.48566277986841083,0.8827271499090343,0,1,0,0
-0.6543466106356831,-0.5665634371554509,0.22952525497420792,-0.730453912081435,0,1,0,0
-0.8103103002167998,-0.5665634371554509,-0.5604315975032402,-0.9391585290424957,0,0,1,0
0.9699581564652169,-0.676926667261945,-0.19657268363484007,0.700611428302524,0,0,0,1
2.0623379822711696,-0.676926667261945,-0.687303455628406,2.3524010232735733,0,0,1,0
-1.0613738005181101,0.09561594348351381,0.9524554654232663,-0.7187985058986183,0,0,0,1
0.23895761139599841,3.5168760767848313,2.9058033188220467,1.1391460859310008,1,0,0,0
-0.11037569331617783,-0.676926667261945,0.7920702862839056,-0.3851625039154912,0,0,0,1
-0.972613977179263,-0.5665634371554509,-0.6944848815600192,-1.0881291893166212,0,1,0,0
0.09123590541063174,-0.45620020704895675,-0.9458347891664799,-0.348010896707763,0,0,1,0
-1.2376254497195347,-0.3458369769424627,-0.6633653691896956,-1.360938540283174,0,0,1,0
0.7290386359740609,-0.5665634371554509,-0.9937109620439011,0.9369976349477742,0,0,1,0
0.8133604681459655,0.5370688639094903,0.31091474886582376,1.083418675119409,0,0,0,1
-0.5066249046503162,-0.676926667261945,-0.050550356358705445,-0.6612499378709609,0,1,0,0
0.15463577922409388,-0.45620020704895675,-0.005067992125155527,-0.5159215920289657,0,1,0,0
-0.19723352044062104,0.6474320940159843,-0.0697008255096739,0.1721116042004308,0,0,0,1
-0.8204542800269539,-0.3458369769424627,-0.23008600464903453,-0.9559131754302947,0,0,1,0
-0.635960647229779,-0.23547374683596853,0.5096008663071213,-0.5487024219181375,0,0,0,1
1.7155406725115314,-0.5665634371554509,0.16489242158968956,1.8985686450301493,0,1,0,0
-0.09008773369586993,0.20597917359000792,0.038020563464523385,0.3341945964302249,0,0,0,1
1.1595237791674688,-0.014747286622980312,1.2014115643858563,1.351128785880979,1,0,0,0
0.23895761139599841,-0.3458369769424627,0.07392769312258929,-0.34327588794599384,0,1,0,0
2.9955841248053323,-0.676926667261945,0.5239637181703477,3.369335212724328,0,0,0,1
-0.627718663634029,-0.676926667261945,-0.4359535480219453,-0.8251540873168203,0,0,1,0
0.005012077024323269,-0.5665634371554509,0.6843488973097084,-0.39281136422296464,0,1,0,0
0.727136639759657,2.7443334660393726,2.328895435649123,1.1296760684074625,1,0,0,0
-0.9428160364869358,-0.45620020704895675,-0.5077678073380769,-0.8943580615272942,0,0,1,0
-1.2192394863136307,-0.676926667261945,-0.35217024548645826,-1.2378283124771727,0,0,1,0
1.1259218460463338,-0.45620020704895675,-0.8764143384942193,0.5319722700948952,0,0,1,0
-0.4666829841478351,-0.5665634371554509,-0.558037788859369,-0.9242250398707619,0,0,1,0
0.8615443722441967,-0.45620020704895675,-1.3623574932000435,0.7618023107623112,0,0,1,0
-0.27965335639812183,-0.5665634371554509,-0.3785021405690402,-0.103247366868613,0,0,1,0
1.1062678851641605,3.7376025369978194,1.7878946821342645,0.8827271499090343,1,0,0,0
0.23515361896719075,2.8546966961458664,1.5652704782542564,0.6266724453302807,1,0,0,0
0.8304784340756001,-0.5665634371554509,1.0027254469445586,0.8033246952885956,0,0,0,1
2.5340330434433276,-0.5665634371554509,-0.0984265292361268,3.029507276206579,0,1,0,0
-0.5846067494408748,-0.12511051672947443,-0.5221306592013033,-0.5009881028572318,0,1,0,0
-0.5535408112722783,-0.676926667261945,-0.45031639988517175,-0.6000590554111734,0,0,1,0
-1.3270192717965164,-0.5665634371554509,-0.6154891963122744,-1.2014051681558706,0,0,1,0
-0.5218408743655473,1.9717908552939136,2.6161524729136496,0.002379751663162984,1,0,0,0
-0.3379812403065069,-0.3458369769424627,0.3372466439484052,-0.6026086755136646,0,1,0,0
0.8786623381738315,-0.12511051672947443,-0.4239845048025901,0.24605058717267383,0,1,0,0
-0.930770060462378,-0.5665634371554509,0.05477722397162084,-0.8517429826713708,0,1,0,0
-0.855324210624358,-0.23547374683596853,0.018870094313554932,-0.7086000254886536,0,1,0,0
-1.160277603667111,-0.676926667261945,-0.814175313753572,-0.9009142275051286,0,1,0,0
0.29665149656624895,-0.3458369769424627,-0.10800176381161081,-0.1251012534613943,0,1,0,0
-1.0157258913724172,-0.676926667261945,0.8064331381471321,-1.0101836604690348,0,0,0,1
-0.16997157470083232,-0.676926667261945,-0.6753344124090508,-0.6332041167435584,0,1,0,0
0.8545703861247158,0.20597917359000792,0.8112207554348742,0.4004847190949947,0,0,0,1
1.45877118356701,0.09561594348351381,0.3970918600451816,1.068849417390888,0,0,0,1
0.5007990902455972,-0.676926667261945,-0.6920910729161482,0.20161435110068532,0,0,1,0
-0.9890979443707631,-0.5665634371554509,-0.4335597393780743,-0.7534004930038553,0,1,0,0
-0.1331996478890244,1.309611474654949,2.0560012502478227,0.9249779973217447,1,0,0,0
0.5559569804633091,-0.12511051672947443,1.0362387679587532,1.087060989551539,0,0,0,1
1.2324336340529503,-0.3458369769424627,-0.34977643684258725,1.2917590606372569,0,1,0,0
-0.7367664465931838,-0.676926667261945,-0.6513963259703404,-0.6047940641729427,0,0,1,0
-1.0594718043037061,0.20597917359000792,0.6556231935832555,-1.0881291893166212,0,0,0,1
0.6275988378725215,-0.23547374683596853,-0.11997080703096626,0.2839306572668282,0,0,0,1
0.3137694624958837,2.9650599262523607,2.0823331453304044,1.2644417023962804,1,0,0,0
-0.7640283923329726,-0.3458369769424627,0.16489242158968956,-0.523934683779652,0,1,0,0
-0.7982643241922421,-0.676926667261945,-0.7543300976567956,-0.9952501712973011,0,0,1,0
0.380339330000019,-0.5665634371554509,0.8662783542439085,0.0005585944470979833,0,0,0,1
1.1316278346895452,-0.3458369769424627,-0.033793695851608,1.2706336369309017,0,1,0,0
-0.23146945229989052,-0.5665634371554509,-1.2977246598155252,-0.6831038244637422,0,0,1,0
-0.49648092484016226,0.316342403696502,0.33006521801679223,-0.3786063379376568,0,0,0,1
-0.8870241475310892,0.42670563380299614,1.4766995584310272,-0.7829032399041098,0,0,0,1
2.659564793593983,-0.014747286622980312,-0.40722784429549264,2.205615751658726,0,1,0,0
0.6345728239920023,-0.45620020704895675,-0.5125554246258192,0.6947837252111155,0,0,1,0
-0.3589031986649495,-0.3458369769424627,-0.9027462335768011,-0.8870734326630337,0,0,1,0
-0.09325772738654309,0.6474320940159843,0.10025958820517075,-0.25586034157486864,0,0,0,1
-0.9567640087258975,-0.23547374683596853,-0.40962165293936365,-0.8874376641062468,0,0,0,1
0.09757589279197781,-0.3458369769424627,-0.9769543015368036,0.02131978671024018,0,0,1,0
0.34610339814074953,-0.3458369769424627,0.3444280698800187,-0.02675876379387858,0,0,0,1
0.8247724454323887,-0.676926667261945,-0.249236473800003,1.0029235261693312,0,1,0,0
-0.2561954030871408,-0.5665634371554509,0.3133085575096948,-0.7515793357877901,0,1,0,0
-1.004313914085994,-0.014747286622980312,0.4258175637716345,-0.7300896806382219,0,0,0,1
-0.7551524099990878,0.316342403696502,1.5700580955419985,-0.5771124744887531,1,0,0,0
0.9953181059906017,-0.23547374683596853,-0.37371452328129773,1.343479925573506,0,1,0,0
-0.8153822901218769,0.20597917359000792,2.8770776150955943,-0.2984754204307921,1,0,0,0
0.5046030826744046,-0.3458369769424627,0.12898529193162364,0.30979108973495245,0,0,0,1
-1.272495380316939,0.7577953241224785,-0.553250171571627,-1.3660377804881563,0,0,0,1
0.048757989955612,1.6407011649744314,1.0099068728761718,0.5760442747236708,1,0,0,0
-0.47746096269612376,-0.45620020704895675,0.5933841688426081,-0.34837512815097615,0,0,0,1
-0.8965341286031084,2.9650599262523607,1.9961560341510465,-0.7450231698099558,1,0,0,0
0.8590083772916581,-0.014747286622980312,-0.08885129466064236,1.6290373770525137,0,0,0,1
0.6637367659461949,-0.12511051672947443,0.3755475822503421,1.419604297205027,0,0,0,1
-0.9865619494182247,-0.45620020704895675,-0.30668788125290836,-0.4878757709015631,0,0,1,0
1.276179546984239,0.42670563380299614,-0.0720946341535449,1.438180100808891,0,0,0,1
-0.4920429336732201,-0.45620020704895675,-0.4981925727625927,-0.7009511651811802,0,0,1,0
-0.9859279506800901,-0.676926667261945,0.10983482278065519,-0.9406154548153479,0,1,0,0
-0.2612673929922179,-0.676926667261945,-0.558037788859369,-0.42632065699856236,0,0,1,0
-1.2141674964085536,-0.45620020704895675,-0.4048340356516216,-1.1992197794965929,0,0,1,0
-1.0207978812774943,-0.676926667261945,-0.9625914496735773,-1.4163017196515528,0,0,1,0
0.7284046372359261,-0.45620020704895675,0.3683661563187291,0.3815446840479178,0,0,0,1
-0.1813835519872555,-0.45620020704895675,-1.3623574932000435,-0.2835419312590584,0,0,1,0
1.886086333069745,-0.676926667261945,0.17207384752130256,1.2571570735320199,0,1,0,0
-0.6505426182068753,-0.5665634371554509,-0.46946686903614,-0.7184342744554052,0,0,1,0
0.11342586124534335,-0.5665634371554509,-0.5317058937767876,0.0945303067960573,0,0,1,0
-0.5091608996028548,-0.014747286622980312,-0.09363891194838436,-0.2890054029072537,0,1,0,0
-1.0049479128241288,-0.5665634371554509,-0.19417887499096864,-1.0396864073692895,0,1,0,0
-0.790022340596492,0.316342403696502,-0.11997080703096626,-1.116175010444024,0,0,0,1
0.5540549842489052,2.0821540854004077,1.8812532192452358,1.9178729115204396,1,0,0,0
0.2224736442044984,-0.3458369769424627,-0.7303920112180852,0.24750751294552614,0,1,0,0
-1.148231627642553,-0.676926667261945,-0.3904711837883952,-1.203226325371936,0,0,1,0
-1.168519587262861,-0.23547374683596853,-0.254024091087745,-1.172630884142042,0,1,0,0
3.781108561354128,-0.3458369769424627,0.7418003047626133,1.9080386625536883,0,1,0,0
-1.1773955695967457,-0.676926667261945,-0.6298520481755009,-0.7810820826880447,0,0,1,0
1.0897839179726605,-0.5665634371554509,0.23910048954969193,0.1400592371976849,0,1,0,0
-1.06961578411386,-0.3458369769424627,-0.249236473800003,-1.0859438006573432,0,1,0,0
-0.7735383734049919,-0.676926667261945,-0.6322458568193718,-0.8761464893666433,0,0,1,0
0.2991874915187874,-0.45620020704895675,-0.8309319742606694,0.21144860006743701,0,0,1,0
1.1278238422607378,0.09561594348351381,0.7920702862839056,1.049909382343811,0,0,0,1
0.3594173716415766,-0.23547374683596853,0.0763215017664603,0.5898850695657657,0,0,0,1
-1.004313914085994,0.7577953241224785,0.2821890451393709,-0.83717372494285,0,0,0,1
-0.3303732554488916,-0.676926667261945,0.1457419524387211,0.0005585944470979833,0,0,0,1
1.2077076832656999,-0.45620020704895675,-0.2851436034580689,1.2855671261026356,0,1,0,0
-0.052047809407792786,2.8546966961458664,2.7765376520530096,0.38445853559362186,1,0,0,0
-0.12749365924581282,-0.5665634371554509,-0.8381134001922824,-0.059903825126263605,0,0,1,0
-0.13446764536529363,-0.12511051672947443,-0.2181169614296795,-0.5782051688183921,0,1,0,0
-1.448113030780229,-0.12511051672947443,-0.46467925174839797,-1.381699732546316,0,1,0,0
1.1639617703344112,-0.5665634371554509,-0.6753344124090508,0.26972563098152036,0,0,1,0
-0.8534222144099541,-0.12511051672947443,-0.12236461567483725,-0.7697909079484411,0,0,0,1
-0.8781481651972044,0.20597917359000792,0.24867572412517638,-0.6612499378709609,0,0,0,1
2.2753615582844025,1.6407011649744314,2.6879667322297816,2.570939889201386,1,0,0,0
-0.6220126749908174,-0.12511051672947443,-0.24205504786839,-0.7315466064110739,0,1,0,0
-0.9218940781284932,0.7577953241224785,0.7513755393380978,-0.9511781666685255,0,0,0,1
0.5071390776269435,-0.676926667261945,0.05477722397162084,-0.08649272048081401,0,1,0,0
-0.25239141065833315,0.6474320940159843,0.2223438290425945,-0.47367074461625525,0,0,0,1
0.5331330258904627,-0.45620020704895675,-0.6585777519019533,0.17903200162147814,0,0,1,0
1.0270180428973328,-0.45620020704895675,-0.34977643684258725,0.3363799850895031,0,1,0,0
0.5502509918200977,-0.3458369769424627,-0.7758743754516351,0.19505818512285097,0,0,1,0
-0.3208632743768722,-0.3458369769424627,-0.5484625542838848,-0.5144646662561134,0,0,1,0
-0.6270846648958944,3.8479657671043137,1.507819070801351,-0.4448964606024266,1,0,0,0
0.7423526094748877,2.0821540854004077,2.798081929847849,0.5840573664743571,1,0,0,0
-1.186905550668765,1.5303379348679373,2.400709694965254,-0.6539653090067005,1,0,0,0
2.9429622295401585,-0.3458369769424627,0.7346188788310003,2.4179626830519174,0,0,0,1
-0.30057531475656424,-0.3458369769424627,-0.4287721220903321,-0.07410885141157143,0,0,1,0
1.2774475444605085,1.7510643950809255,3.164334652360121,1.8468477800939005,1,0,0,0
-0.09198972991027388,-0.5665634371554509,-1.122976628812938,-0.277349996724437,0,0,1,0
-0.43181305355043087,-0.5665634371554509,-0.7447548630813113,-0.49588886265224946,0,0,1,0
-0.02795585735867724,1.4199747047614433,0.8399464591613266,0.03443211866590891,1,0,0,0
-1.294051337413516,-0.3458369769424627,-0.33780739362323225,-1.3999113047069671,0,0,1,0
-0.7354984491169145,-0.3458369769424627,-0.9601976410297064,-0.8142271440204296,0,0,1,0
-0.9821239582512823,-0.45620020704895675,-0.5005863814064639,-0.731182374967861,0,1,0,0
-0.4444930283131235,-0.12511051672947443,0.41624232919615006,-0.34327588794599384,0,1,0,0
-0.7145764907584721,-0.676926667261945,-0.8644452952748641,-0.8400875764885541,0,0,1,0
0.01198606314380407,-0.3458369769424627,-1.029618091701967,-0.12765087356388546,0,0,1,0
7.739796682266703,0.09561594348351381,0.5766275083355107,7.791469164773613,0,0,0,1
0.3854113199050961,-0.5665634371554509,-1.0631314127161617,0.4678675360894036,0,0,1,0
-0.46985297783850827,-0.5665634371554509,-0.8333257829045404,-0.6841965187933812,0,0,1,0
-0.17884755703471705,1.5303379348679373,0.2941580883587263,0.613195881931399,1,0,0,0
0.6846587243046373,-0.5665634371554509,-0.7160291593548587,0.31051955262137865,0,0,1,0
1.6223428580057422,3.0754231563588545,2.4725239542813857,1.9149590599747355,1,0,0,0
0.6573967785648486,0.20597917359000792,0.4808751625806684,0.9865331112247451,0,0,0,1
-0.4463950245275272,-0.3458369769424627,-0.8069938878219587,-0.5454243389292203,0,0,1,0
2.836450441533542,-0.5665634371554509,-0.15109031940128972,2.502828609320551,0,0,0,1
-0.7912903380727613,-0.45620020704895675,-0.6130953876684034,-0.5960525095358302,0,1,0,0
-0.24097943337191,-0.45620020704895675,0.08589673634194474,-0.156789389020927,0,0,0,1
-1.0322098585639174,-0.014747286622980312,0.8686721628877795,-0.802935969280826,0,0,0,1
-0.9650059923216476,0.9785217843354668,1.0194821074516558,-0.7763470739262754,1,0,0,0
-0.2340054472524292,3.9583289972108076,1.6442661635020008,0.32436034746347353,1,0,0,0
-0.9840259544656862,-0.12511051672947443,0.02365771160129694,-0.6670776409623692,0,1,0,0
-0.7557864087372225,0.7577953241224785,0.7250436442555163,-0.5130077404832614,0,0,0,1
-0.27775136018371793,-0.676926667261945,-0.682515838340664,-0.3163227611482302,0,0,1,0
0.4805111306252893,-0.23547374683596853,-0.11278938109935281,0.1284038310148682,0,0,0,1
-0.3107192945667182,-0.5665634371554509,-0.7088477334232455,-0.4572803296716693,0,0,1,0
-0.31769328068619923,-0.45620020704895675,-0.9554100237419642,-0.4212214167935803,0,0,1,0
-0.9821239582512823,-0.3458369769424627,-0.15109031940128972,-0.8051213579401041,0,1,0,0
0.6358408214682713,-0.45620020704895675,-0.3593516714180717,-0.12109470758605109,0,1,0,0
-0.6866805462805488,-0.676926667261945,-0.05294416500257645,-0.6663491780759432,0,0,0,1
1.5285110447618184,-0.3458369769424627,-0.5676130234348533,1.4465574240027907,0,0,1,0
0.6377428176826752,2.192517315506902,2.1756916824413755,1.7980407667033556,1,0,0,0
1.5671849677880303,-0.5665634371554509,-0.5724006407225954,1.3533141745402573,0,0,1,0
0.4697331520770006,2.0821540854004077,1.9434922439858826,1.120570282327137,1,0,0,0
0.026568034120900388,-0.12511051672947443,-0.25881170837548745,-0.36986478330054423,0,1,0,0
0.06587595588524675,-0.676926667261945,-1.1564899498271326,-0.7523077986742162,0,0,1,0
0.45071318993296194,-0.5665634371554509,-0.5173430419135612,-0.08612848903760106,0,0,1,0
0.20979366944180577,-0.676926667261945,-0.18460364041548463,0.36624696343297086,0,0,1,0
-0.19025953432114023,-0.5665634371554509,0.20079955124775503,-0.11381007872179057,0,0,0,1
-0.000693911618888539,-0.676926667261945,-0.8022062705342168,0.2748248711865027,0,0,1,0
-1.3181432894626315,-0.12511051672947443,-0.3210507331161348,-1.258225273297102,0,1,0,0
-0.9237960743428971,-0.45620020704895675,-0.17502840584000018,-0.9213111883250578,0,0,0,1
0.19711369467911338,-0.12511051672947443,0.19122431667227102,0.36296888044405357,0,1,0,0
0.5394730132718091,-0.45620020704895675,-0.6370334741071139,0.4693244618622557,0,0,1,0
-1.3016593222711315,-0.12511051672947443,-0.11278938109935281,-1.06627530272384,0,1,0,0
-0.2289334573473521,-0.45620020704895675,-0.7519362890129246,-0.1673521008741046,0,1,0,0
0.48875311422103906,-0.676926667261945,-1.08228188186713,0.17903200162147814,0,0,1,0
0.21993764925195972,-0.5665634371554509,-0.3761083319251692,0.0806895119539624,0,1,0,0
-0.036197840954427254,-0.3458369769424627,-0.3904711837883952,-0.1757294240680042,0,0,1,0
1.9672381715509761,0.5370688639094903,0.16728623023356057,1.6224812110746798,0,0,0,1
-0.19216153053554416,2.9650599262523607,1.9243417748349145,0.4460136494966223,1,0,0,0
-0.11988567438819729,-0.676926667261945,-1.0415871349213222,-0.1320216508824416,0,0,1,0
-0.07867575640944677,-0.676926667261945,-0.8740205298503483,-0.30867390084075674,0,0,1,0
-0.557344803701086,-0.45620020704895675,-0.6466087086825981,-0.40300984463292927,0,0,1,0
-0.7405704390219916,0.7577953241224785,-0.02182465263225298,-0.6710841868377124,0,0,0,1
1.3154874687485858,-0.23547374683596853,-0.005067992125155527,1.1129214220196633,0,1,0,0
-1.2655213941974581,-0.676926667261945,-0.6753344124090508,-1.0520702764385323,0,0,1,0
-0.28028735513625636,0.09561594348351381,-0.0673070168658029,-0.2627807389959162,0,0,0,1
0.2617815659688447,0.42670563380299614,0.404273285976795,0.3837300727071957,0,0,0,1
2.7502266131472335,-0.45620020704895675,-0.45271020852904276,2.3243552021461706,0,1,0,0
0.038614010145458046,-0.3458369769424627,1.0003316383006873,0.057014468145116105,0,0,0,1
-0.050779811931523575,-0.45620020704895675,-0.7232105852864719,-0.1487762972702406,0,0,1,0
-0.1813835519872555,2.302880545613396,1.9554612872052382,0.46859599897582954,1,0,0,0
0.6060428807759441,-0.5665634371554509,0.17207384752130256,0.6368709257402453,0,1,0,0
-1.0087519052529363,-0.3458369769424627,-0.9817419188245459,-0.9704824331588157,0,0,1,0
-0.011471890167176986,3.627239306891325,2.8028695471355913,0.5370715102998775,1,0,0,0
-0.7057005084245873,-0.014747286622980312,-0.8668391039187351,-0.7563143445495593,0,1,0,0
-0.9421820377488012,-0.5665634371554509,-1.1014323510180986,-0.6601572435413218,0,0,1,0
-0.282823350088795,-0.45620020704895675,1.1008716013432716,-0.297382726101153,0,0,0,1
-1.3815431632760937,0.6474320940159843,0.24388810683743437,-1.4061032392415886,0,0,0,1
-0.22512946491854444,-0.5665634371554509,-0.9721666842490616,-0.6022444440704515,0,0,1,0
-0.31769328068619923,0.316342403696502,0.3994856686890526,-0.5789336317048183,0,0,0,1
1.5785969450744535,2.7443334660393726,2.575457725967841,3.1263928401012424,1,0,0,0
0.18506771865455574,-0.5665634371554509,-0.060125590934189885,0.6201162793524463,0,1,0,0
0.7043126851868107,-0.676926667261945,-0.9314719373032537,0.5927989211114697,0,0,1,0
1.513929073784722,-0.3458369769424627,-0.033793695851608,0.38445853559362186,0,1,0,0
1.2717415558172966,-0.5665634371554509,-0.6083077703806612,0.9785200194740586,0,0,1,0
-0.7684663834999149,-0.5665634371554509,-0.7423610544374404,-1.0360440929371593,0,0,1,0
-1.074687774018937,0.5370688639094903,-0.05533797364644745,-1.0535272022113844,0,0,0,1
0.5559569804633091,-0.3458369769424627,0.21037478582323949,0.7654446251944417,0,1,0,0
0.24719959499174843,-0.45620020704895675,0.20319335989162604,0.18995894491786866,0,1,0,0
0.8938783078890622,0.09561594348351381,0.21276859446711047,1.66837437291952,0,0,0,1
0.4469091975041543,-0.5665634371554509,-0.48861733818710845,0.3964781732196515,0,0,1,0
-0.30184331223283367,-0.3458369769424627,-0.8405072088361536,-0.609164841491499,0,0,1,0
-0.4127930914063924,-0.45620020704895675,-0.5221306592013033,-0.41867179669108917,0,0,1,0
0.2250096391570368,-0.45620020704895675,0.406667094620666,0.5359788159702384,0,0,0,1
-0.7729043746668572,-0.676926667261945,-0.6968786902038903,-0.8273394759760985,0,0,1,0
0.43549722021773113,-0.014747286622980312,0.27022000192001583,0.18413124182646046,0,1,0,0
-0.5928487330366248,-0.23547374683596853,-0.2971126466774243,-0.32724970444462076,0,1,0,0
-0.3100852958285837,-0.3458369769424627,-0.3904711837883952,-0.27880692249728906,0,0,1,0
-0.6302546585865674,-0.23547374683596853,-0.4981925727625927,-0.34109049928671564,0,1,0,0
0.3911173085483077,-0.3458369769424627,-0.15827174533290317,-0.16516671221482665,0,1,0,0
1.259695579792739,3.9583289972108076,2.1756916824413755,2.3742549098663543,1,0,0,0
-0.48380095007746987,-0.676926667261945,-0.26120551701935846,-0.8553852971035011,0,0,1,0
-0.3855311456666035,-0.014747286622980312,0.404273285976795,-0.24821148126739542,0,1,0,0
0.9002182952704085,-0.676926667261945,-0.6442149000387271,1.2021581256068534,0,0,1,0
0.7778565388104266,-0.23547374683596853,2.39113446038977,1.5092052322354303,1,0,0,0
-0.3620731923556227,3.627239306891325,3.281631275909802,0.17976046450790403,1,0,0,0
-1.1393556453086684,-0.5665634371554509,-0.7591177149445378,-0.9493570094524604,0,0,1,0
-0.8508862194574157,-0.45620020704895675,-0.8069938878219587,-0.8852522754469688,0,0,1,0
-1.1279436680222452,-0.3458369769424627,-0.10082033787999779,-1.1405785171392964,0,1,0,0
-0.6714645765653179,0.8681585542289726,3.0542194547420523,0.0737691145329151,1,0,0,0
-0.19596552296435182,-0.5665634371554509,-0.9218967027277695,-0.40009599308722493,0,0,1,0
-0.954228013773359,0.316342403696502,2.623333898845262,-0.47804152193481136,1,0,0,0
-0.34875921885479555,2.9650599262523607,2.5587010654607436,-0.19904023643363758,1,0,0,0
0.03417601897851568,-0.676926667261945,-0.30908168989677937,-0.8379021878292761,0,0,1,0
-1.238893447195804,-0.45620020704895675,-0.2971126466774243,-1.2447487098982204,0,0,1,0
2.7147226838116945,-0.45620020704895675,-0.7902372273148615,2.172470690326341,0,1,0,0
-0.07106777155183147,-0.12511051672947443,0.4473618415664739,0.06903410577114573,0,1,0,0
2.280433548189479,-0.3458369769424627,-1.3623574932000435,1.0422605220363372,0,0,1,0
-0.39377312926235375,-0.23547374683596853,0.7130746010361608,-0.6882030646687245,0,1,0,0
-1.1881735481450344,-0.3458369769424627,-0.23726743058064798,-1.4155732567651271,0,0,1,0
-1.1526696188094954,-0.014747286622980312,0.06435245854710528,-1.3707727892499253,0,1,0,0
0.1565377754384976,-0.3458369769424627,-0.6154891963122744,0.7366703411806128,0,1,0,0
0.020228046739554084,0.6474320940159843,0.5263575268142188,0.5731304231779667,0,0,0,1
-1.364425197346459,0.42670563380299614,0.22952525497420792,-1.345276588225014,0,0,0,1
-0.9149200920090125,0.09561594348351381,0.3348528353045342,-0.924953502757188,0,0,0,1
0.007548071976861701,-0.23547374683596853,0.14095433515097866,0.3250888103498994,0,0,0,1
0.5109430700557509,-0.676926667261945,-0.5939449185174349,0.7752788741611931,0,0,1,0
-0.9669079885360514,-0.45620020704895675,-0.4215906961587191,-1.0895861150894732,0,0,1,0
-1.0854657525672258,-0.3458369769424627,-1.0032861966193853,-0.7220765888875355,0,0,1,0
-0.00956989395277305,-0.3458369769424627,-0.5125554246258192,-0.3196008441371473,0,0,1,0
-1.1843695557162266,-0.3458369769424627,-0.8524762520555089,-1.009455197582609,0,0,1,0
0.17238774389186312,-0.45620020704895675,-1.1540961411832618,-0.15460400036164906,0,0,1,0
-0.8584942043150311,2.302880545613396,2.2546873676891197,-0.05189073337557719,1,0,0,0
-1.2382594484576694,-0.3458369769424627,-0.7662991408761508,-1.1627966351752907,0,1,0,0
0.2985534927806529,-0.676926667261945,-0.7591177149445378,0.34657846549946775,0,0,1,0
1.719978663678474,-0.676926667261945,-0.5652192147909822,0.6004477814189432,0,0,1,0
-0.403283110334373,0.7577953241224785,0.44496803292260295,-0.539960867281025,0,0,0,1
-1.0005099216571862,-0.676926667261945,0.059564841259362844,-0.9668401187266854,0,0,0,1
-0.05458380436033122,-0.5665634371554509,-0.9625914496735773,-0.592774426546913,0,0,1,0
-0.4679509816241043,-0.3458369769424627,-0.8931709990013168,-0.6794615100316119,0,0,1,0
0.3733653438805382,-0.014747286622980312,0.006901051094199916,0.648526331923062,0,1,0,0
-0.032393848525619606,0.7577953241224785,0.049989606683878834,0.2511498273776561,0,0,0,1
-0.6112346964425288,-0.676926667261945,0.1074410141367842,-0.9045565419372588,0,1,0,0
0.6180888568005023,-0.45620020704895675,-0.8596576779871221,0.4230670685742019,0,1,0,0
-0.570658777201913,0.09561594348351381,0.4832689712245398,-0.3673151631980531,0,0,0,1
1.8328304390664365,-0.3458369769424627,-0.44792259124130057,1.015307395238574,0,0,1,0
-0.828696263622704,-0.676926667261945,-0.7232105852864719,-1.0939568924080296,0,0,1,0
1.2368716252198926,-0.3458369769424627,-0.3425950109109743,0.7519680617955598,0,0,1,0
-0.26760738037356396,-0.676926667261945,0.3659723476748581,-0.45582340389881715,0,1,0,0
0.19013970855963258,-0.12511051672947443,0.33006521801679223,0.1706546784275785,0,1,0,0
1.8474124100435327,1.199248244548455,2.671210071722684,2.6568985097996585,1,0,0,0
0.46909915333886615,0.9785217843354668,0.890216440682619,1.111828727690024,1,0,0,0
-0.2783853589218526,-0.12511051672947443,-0.26359932566322947,-0.4066521590650593,0,1,0,0
-1.3168752919863624,-0.3458369769424627,-0.596338727161306,-1.1405785171392964,0,0,1,0
-0.01020389269090777,0.20597917359000792,0.31091474886582376,-0.10616121841431711,0,0,0,1
0.006914073238726981,-0.23547374683596853,0.006901051094199916,0.4438282608373441,0,0,0,1
0.3086974725908069,-0.23547374683596853,0.15292337837033412,0.5341576587541734,0,1,0,0
1.0498419974701791,-0.014747286622980312,0.2941580883587263,1.6414212461217565,0,0,0,1
-1.1057537121875334,-0.23547374683596853,0.038020563464523385,-0.9704824331588157,0,1,0,0
2.2379556327344594,1.8614276251874196,1.287588675565214,3.4796973400178732,1,0,0,0
0.5198190523896357,-0.676926667261945,-0.5867634925858217,0.049365607837642635,0,0,1,0
-0.9377440465818587,-0.45620020704895675,-0.7471486717251824,-0.7523077986742162,0,0,1,0
-1.2331874585525924,-0.45620020704895675,-1.3623574932000435,-1.33034309905328,0,0,1,0
-0.3436872289497185,-0.676926667261945,-1.1660651844026169,-0.021659523588896265,0,0,1,0
-0.5116968945553932,-0.45620020704895675,-0.7399672457935693,-0.6849249816798073,0,1,0,0
0.9179702599381779,-0.676926667261945,-0.5795820666542087,0.7461403587041515,0,0,1,0
0.7664445615240034,2.523607005826384,2.1948421515923435,0.7862058174575837,1,0,0,0
-0.29867331854216056,-0.12511051672947443,-0.3114754985406504,-0.24529762972169106,0,1,0,0
0.17999572874947864,0.42670563380299614,1.2756196323458586,0.7242864721113705,1,0,0,0
-0.22512946491854444,-0.676926667261945,-0.16784697990838718,-0.5884036492283568,0,0,0,1
-0.6701965790890486,-0.12511051672947443,0.1888305080284,-0.4583730240013083,0,1,0,0
-0.49014093745881615,0.5370688639094903,2.4916744234323547,0.32253919024740824,1,0,0,0
-0.0469758195027157,-0.45620020704895675,-1.2259104004993933,-0.3837055781426391,0,0,1,0
-0.6657585879221063,-0.23547374683596853,-0.6466087086825981,-0.9650189615106203,0,1,0,0
0.04431999878866963,-0.45620020704895675,-0.40962165293936365,0.05737869958832906,0,0,1,0
-0.03683183969256175,-0.23547374683596853,0.24149429819356294,-0.5785694002616052,0,1,0,0
-0.5459328264146628,-0.3458369769424627,-0.7423610544374404,-0.4139367879293198,0,0,1,0
-0.8305982598371078,-0.676926667261945,-0.2109355354980661,-0.6568791605524046,0,0,1,0
-0.4261070649072193,1.7510643950809255,2.501249658007839,0.07121949443042394,1,0,0,0
-0.38236115197593057,-0.45620020704895675,-0.7639053322322799,-0.16043170345305727,0,0,1,0
1.2704735583410276,-0.5665634371554509,0.006901051094199916,1.3445726199031445,0,1,0,0
-0.6625885942314331,-0.676926667261945,-0.4048340356516216,-0.6211844791175287,0,0,1,0
-0.790022340596492,0.20597917359000792,-0.6322458568193718,-0.5916817322172739,0,0,0,1
-0.17504356460590942,-0.23547374683596853,0.038020563464523385,-0.11635969882428172,0,1,0,0
0.06016996724203517,0.42670563380299614,0.41624232919615006,0.0719479573168501,0,0,0,1
2.0071800920534573,-0.5665634371554509,0.21755621175485249,2.310514407304076,0,1,0,0
-0.21878947753719816,-0.23547374683596853,-0.558037788859369,-0.18010020138656038,0,0,0,1
-0.6835105525898756,-0.5665634371554509,-0.4934049554748507,-0.9449862321339041,0,0,1,0
0.0354440164547849,-0.45620020704895675,-0.5867634925858217,0.17429699285970876,0,0,1,0
-0.7037985122101835,-0.5665634371554509,-0.2013603009225821,-0.7548574187767073,0,1,0,0
-0.10847369710177412,-0.676926667261945,-0.996104770687772,-0.262416507552703,0,0,1,0
0.372097346404269,-0.676926667261945,-0.6896972642722772,0.27919564850505885,0,0,1,0
-1.2148014951466883,-0.45620020704895675,-0.9697728756051905,-1.2236232861918652,0,0,1,0
0.8298444353374655,0.6474320940159843,1.3187081879355376,1.0080227663743135,1,0,0,0
2.114959877536343,-0.5665634371554509,-1.2833618079522986,1.5678464945927266,0,0,1,0
-0.7893883418583574,-0.45620020704895675,-0.38089594921291114,-0.5891321121147828,0,0,1,0
-1.2997573260567277,-0.5665634371554509,-0.9673790669613194,-1.3678589377042212,0,0,1,0
1.0904179167107948,-0.014747286622980312,2.3265016270052516,2.1564445068249682,1,0,0,0
0.31503745997215293,-0.5665634371554509,-0.4215906961587191,0.598262392759665,0,1,0,0
0.3949213009771153,-0.676926667261945,-1.0224366657703536,0.20780628563530673,0,0,1,0
1.1962957059792767,-0.45620020704895675,-1.1469147152516486,0.6732940700615474,0,0,1,0
-0.000693911618888539,2.9650599262523607,1.907585114327817,0.5075687633996228,1,0,0,0
-0.08945373495773544,-0.5665634371554509,-0.17502840584000018,-0.18337828437547768,0,1,0,0
-1.0715177803282638,-0.45620020704895675,0.19122431667227102,-0.9759459048070109,0,0,0,1
-0.10783969836363941,-0.3458369769424627,-0.6657591778335665,-0.04897688182987283,0,0,1,0
-0.9764179696080707,-0.3458369769424627,-0.5077678073380769,-1.0928641980783906,0,0,1,0
1.783378537491936,-0.23547374683596853,1.6849609104478092,1.9550245187281676,1,0,0,0
-0.8248922711938962,-0.3458369769424627,-1.1708528016903592,-1.0946853552944555,0,0,1,0
0.05382997986068909,-0.5665634371554509,-0.778268184095506,0.08833837226143587,0,0,1,0
-0.3709491746895074,-0.3458369769424627,-0.14151508482580571,0.23730903253556151,0,0,0,1
-0.590946736822221,-0.676926667261945,0.10983482278065519,-0.49406770543618433,0,1,0,0
-0.022883867453600153,-0.45620020704895675,-0.9865295361122879,0.062477939793311364,0,0,1,0
-1.2027555191221304,-0.3458369769424627,-0.7136353507109877,-0.8644910831838266,0,0,1,0
1.0225800517303905,-0.3458369769424627,-0.9841357274684168,0.6773006159368906,0,0,1,0
-0.04760981824085042,-0.23547374683596853,-0.553250171571627,-0.08612848903760106,0,1,0,0
0.3442014019263456,-0.3458369769424627,0.7561631566258398,0.7632592365351635,0,0,0,1
-0.6448366295636637,3.8479657671043137,2.7023295840930075,-0.23327799209566144,1,0,0,0
0.06333996093270831,-0.23547374683596853,0.6580170022271264,0.2704540938679463,0,0,0,1
-1.1342836554035916,1.6407011649744314,1.5293633485961902,-0.9642904986241942,1,0,0,0
-0.46731698288596984,0.6474320940159843,-0.5388873197084006,-0.33599125908173333,0,0,0,1
-0.44132303462245037,-0.45620020704895675,0.3133085575096948,-0.19758331066078552,0,0,0,1
0.6047748832996751,-0.676926667261945,-0.7902372273148615,0.23257402377379216,0,0,1,0
0.060803965980169884,-0.45620020704895675,-0.8452948261238956,-0.02675876379387858,0,0,1,0
1.432143236565356,-0.5665634371554509,-0.6226706222438876,0.6558109607873223,0,0,1,0
-0.6790725614229333,-0.5665634371554509,-0.6585777519019533,-0.8185979213389859,0,0,1,0
1.0656919659235446,-0.3458369769424627,-0.07448844279741591,0.6907771793357723,0,0,0,1
1.4188292630645287,-0.23547374683596853,-0.3713207146374267,1.0983521642911427,0,1,0,0
0.5680029564878668,-0.676926667261945,-1.0224366657703536,0.3250888103498994,0,0,1,0
-0.4527350119088735,1.6407011649744314,2.589820577831068,-0.11781662459713378,1,0,0,0
-0.599188720417971,-0.014747286622980312,-0.33062596769161884,-0.7931017203140744,0,1,0,0
-0.8540562131480889,-0.45620020704895675,-1.1995785054168118,-0.8630341574109744,0,0,1,0
-1.123505676855303,-0.3458369769424627,0.15771099565807611,-1.2236232861918652,0,1,0,0
1.4543331924000678,-0.676926667261945,0.8806412061071345,0.9876258055543842,0,0,0,1
1.5995189034328958,-0.3458369769424627,0.0811091190542023,1.7437702816646157,0,1,0,0
0.7822945299773689,-0.014747286622980312,0.09786577956129976,1.2327535668367473,0,1,0,0
1.6134668756718575,-0.676926667261945,0.9859687864374612,2.0114803924261855,0,0,0,1
1.2292636403622768,-0.23547374683596853,-0.026612269919994984,0.633228611308115,0,0,0,1
-0.6207446775145481,0.09561594348351381,0.9165483357652005,-0.09414158078828748,1,0,0,0
-0.9409140402725319,-0.014747286622980312,-0.46946686903614,-0.9548204811006558,0,1,0,0
0.8583743785535237,-0.23547374683596853,0.004507242450328913,0.822264730335673,0,0,0,1
-0.9909999405851669,-0.5665634371554509,0.23670668090582095,-0.7224408203307484,0,1,0,0
-1.268691387888131,0.7577953241224785,0.1553171870142051,-0.9318739001782353,0,0,0,1
-1.3555492150125743,-0.5665634371554509,-0.8046000791780877,-1.3256080902915108,0,0,1,0
-0.09642772107721624,-0.3458369769424627,-0.8788081471380905,0.29485760056321875,0,0,1,0
0.5895589135844441,-0.23547374683596853,0.09068435362968674,0.5589253968926589,0,0,0,1
-1.1387216465705339,-0.3458369769424627,-0.7447548630813113,-0.8954507558569332,0,0,1,0
-0.6740005715178563,-0.014747286622980312,0.3276714093729212,-0.31777968692108227,0,0,0,1
-0.5877767431315478,-0.45620020704895675,-1.3623574932000435,-0.5013523343004448,0,0,1,0
-1.0759557714952062,-0.12511051672947443,0.4282113724155055,-1.1646177923913557,0,1,0,0
0.6631027672080599,-0.45620020704895675,-0.6681529864774376,-0.36986478330054423,0,0,1,0
-0.2023055103456981,-0.5665634371554509,-0.907533850864543,-0.4933392425497583,0,0,1,0
0.4431052050753464,-0.5665634371554509,-0.6729406037651797,0.7898481318897141,0,0,1,0
-1.0131898964198789,-0.3458369769424627,-0.9218967027277695,-1.0655468398374142,0,0,1,0
-1.0892697449960334,-0.45620020704895675,-0.6466087086825981,-1.009455197582609,0,0,1,0
1.0625219722328716,-0.676926667261945,0.33006521801679223,1.3234471961967893,0,0,0,1
0.6104808719428865,-0.5665634371554509,-0.24684266515613199,0.8302778220863595,0,1,0,0
-0.8331342547896463,-0.12511051672947443,-0.25641789973161644,-0.6597930120981088,0,1,0,0
-0.418499080049604,-0.676926667261945,-0.6705467951213088,-0.7195269687850443,0,0,1,0
-0.7652963898092419,2.0821540854004077,2.211598812099441,-0.559265133771315,1,0,0,0
-0.09198972991027388,1.6407011649744314,2.2953821146349283,0.9125941282525019,1,0,0,0
2.007814090791592,-0.676926667261945,-0.2947188380335529,0.8168012586874775,0,0,1,0
-0.8065063077879923,-0.23547374683596853,-0.009855609412897533,-0.4751276703891073,0,1,0,0
2.65512680242704,-0.014747286622980312,-0.2755683688825849,2.5312386618911664,0,1,0,0
-1.4405050459226134,-0.5665634371554509,-0.12475842431870826,-0.9996209486158572,0,1,0,0
0.6136508656335599,-0.014747286622980312,-0.18220983177161362,0.4114116623913855,0,0,0,1
-0.30057531475656424,-0.3458369769424627,0.27022000192001583,0.042445210416595325,0,1,0,0
-0.6790725614229333,-0.45620020704895675,0.2821890451393709,-0.5075442688350662,0,0,0,1
-0.24731942075325605,-0.676926667261945,-0.7279982025742139,-0.5213850636771609,0,0,1,0
5.859990423697551,-0.3458369769424627,-0.8620514866309931,4.4704068655572895,0,0,1,0
4.330785467316845,-0.45620020704895675,0.038020563464523385,4.034057596588091,0,1,0,0
0.4418372075990772,-0.676926667261945,-0.04336893042709244,1.1045440988257642,0,0,0,1
-0.4571730030758159,-0.23547374683596853,0.8327650332297136,-0.04096379007918641,0,0,0,1
-0.8096763014786653,-0.3458369769424627,-1.1564899498271326,-0.6962161564194109,0,0,1,0
-0.9409140402725319,-0.676926667261945,-0.9242905113716404,-0.9497212408956734,0,0,1,0
0.8368184214569463,0.42670563380299614,-0.22769219600516355,1.209442754471114,0,0,0,1
-1.1875395494068997,0.316342403696502,0.061958649903233846,-1.154419311981391,0,0,0,1
-1.1754935733823417,-0.5665634371554509,-0.36413928870581375,-1.137664665593592,0,1,0,0
0.9553761854881204,-0.3458369769424627,-0.09603272059225579,0.8718002066126438,0,1,0,0
-0.5630507923442976,-0.3458369769424627,-0.7591177149445378,-0.732639300740713,0,0,1,0
-0.7431064339745301,-0.676926667261945,0.0787153104103313,-0.8506502883417317,0,1,0,0
0.060803965980169884,-0.45620020704895675,0.24149429819356294,-0.2511253328130995,0,1,0,0
0.8057524832883498,-0.676926667261945,-0.596338727161306,0.25843445624191663,0,0,1,0
0.6542267848741752,-0.45620020704895675,-0.9601976410297064,0.01767747227810992,0,0,1,0
0.2294476303239792,-0.23547374683596853,0.030839137532910378,0.013306694959553505,0,0,0,1
0.812092470669696,-0.12511051672947443,0.27740142785162886,1.104179867382551,0,0,0,1
-0.6999945197813757,0.8681585542289726,1.8261956204362013,-0.6532368461202744,1,0,0,0
-0.7152104894966067,-0.45620020704895675,-0.5197368505574324,-0.4110229363836157,0,0,1,0
1.987526131171284,3.0754231563588545,4.413902764460811,2.754512536580748,1,0,0,0
-0.6010907166323749,-0.3458369769424627,-0.5676130234348533,-0.6543295404499135,0,1,0,0
-1.1038517159731296,-0.5665634371554509,-0.38089594921291114,-1.2181598145436696,0,1,0,0
-0.28028735513625636,-0.3458369769424627,-0.44313497395355855,-0.14222013129240624,0,1,0,0
0.4456412000278851,2.9650599262523607,2.5132187012271943,1.6374147002464134,1,0,0,0
1.0935879104014683,-0.45620020704895675,-1.0415871349213222,0.6845852448011511,0,0,1,0
1.0847119280675834,-0.45620020704895675,-0.9841357274684168,0.38992200724181714,0,0,1,0
2.0585339898423616,-0.12511051672947443,0.38991043411356857,1.5507276167617146,0,1,0,0
-0.27965335639812183,-0.45620020704895675,-0.7495424803690536,-0.29774695754436625,0,0,1,0
0.7499605943325034,0.6474320940159843,0.30373332293421074,0.39902779332214267,0,0,0,1
-0.9434500352250703,2.9650599262523607,3.1092770535510863,-0.6197275533446766,1,0,0,0
-0.29740532106589135,-0.3458369769424627,-0.8764143384942193,-0.6849249816798073,0,0,1,0
0.5280610359853859,-0.676926667261945,-0.8500824434116379,0.1014507042171046,0,0,1,0
-0.11037569331617783,0.5370688639094903,0.23670668090582095,-0.2962900317715142,0,0,0,1
0.006280074500592485,-0.014747286622980312,-0.21572315278580853,-0.08649272048081401,0,0,0,1
-0.3842631481903343,-0.45620020704895675,-0.9530162150980932,-0.2427480096191999,0,0,1,0
0.5153810612226933,-0.5665634371554509,-0.01703703534451097,0.7115383715989144,0,0,0,1
0.37843733378561506,-0.23547374683596853,0.3348528353045342,0.4420071036212791,0,1,0,0
0.1571717741766323,1.7510643950809255,2.369590182594931,1.2509651389973984,1,0,0,0
0.7252346435452531,0.42670563380299614,1.6873547190916798,0.9697784648369463,1,0,0,0
0.6802207331376949,-0.5665634371554509,-0.8022062705342168,0.5844215979175704,0,0,1,0
-0.8293302623608386,3.627239306891325,2.3145325837858963,-0.6736338069402036,1,0,0,0
-0.6074307040137211,-0.45620020704895675,0.07392769312258929,-0.4995311770843797,0,1,0,0
3.26566758725068,-0.5665634371554509,-1.08228188186713,3.0794069839267633,0,0,1,0
-0.20737750025077498,3.627239306891325,2.865108571876239,0.27628179695935473,1,0,0,0
0.8799303356501006,0.9785217843354668,2.759780991545912,1.944826038318203,1,0,0,0
-0.4793629589105275,0.42670563380299614,0.3946980514013106,-0.11053199573287352,0,0,0,1
-1.2572794106017078,0.316342403696502,-0.012249418056768538,-1.1693528011531251,0,0,0,1
-1.1754935733823417,-0.12511051672947443,0.10504720549291319,-0.7606851218681155,0,1,0,0
-1.1418916402612067,-0.014747286622980312,-0.47425448632388223,-1.2298152207264863,0,1,0,0
-1.282639360127093,0.6474320940159843,0.3970918600451816,-1.2666025964910015,0,0,0,1
-0.35826919992681483,-0.5665634371554509,-0.4263783134464611,-0.419764491020728,0,0,1,0
0.06587595588524675,-0.3458369769424627,-0.35456405413032926,0.025690564028796336,0,1,0,0
0.6884627167334452,-0.45620020704895675,-0.7591177149445378,0.4197889855852849,0,0,1,0
-0.7335964529025107,-0.3458369769424627,-0.9769543015368036,-1.2440202470117943,0,0,1,0
0.5451790019150204,-0.45620020704895675,-0.5125554246258192,1.1278549111913976,0,1,0,0
-0.6131366926569327,-0.3458369769424627,-0.5077678073380769,-0.6834680559069551,0,0,1,0
-0.5376908428189128,1.8614276251874196,2.6975419668052654,0.14260885730017606,1,0,0,0
-0.053315806884062004,0.5370688639094903,0.2271314463303369,0.20052165677104622,0,0,0,1
0.5699049527022707,-0.3458369769424627,-0.7878434186709903,0.05665023670190316,0,0,1,0
-0.21815547879906366,-0.5665634371554509,0.0763215017664603,-0.2740719137355197,0,0,0,1
-0.8578602055768965,-0.676926667261945,-1.1014323510180986,-0.9759459048070109,0,0,1,0
0.5027010864600011,2.41324377571989,1.335464848442635,0.9504741983466563,1,0,0,0
-1.0220658787537633,-0.676926667261945,-0.7926310359587325,-0.8404518079317672,0,0,1,0
-0.18582154315419785,-0.5665634371554509,-0.6442149000387271,-0.280628079713354,0,0,1,0
0.9192382574144474,-0.45620020704895675,0.09786577956129976,0.11820535060490359,0,1,0,0
-0.9821239582512823,-0.45620020704895675,-0.9386533632348669,-0.7963798033029916,0,0,1,0
-0.17504356460590942,0.5370688639094903,0.08350292769807331,-0.1458624457245365,0,0,0,1
-0.6004567178942403,-0.3458369769424627,-0.4981925727625927,-0.6699914925080734,0,0,1,0
0.30806347385267213,-0.676926667261945,-0.2133293441419371,0.16737659543866146,0,0,1,0
0.7309406321884645,-0.676926667261945,-1.03679951763358,0.26754024232224216,0,0,1,0
-1.22874946738565,-0.23547374683596853,0.16968003887743155,-1.0549841279842365,0,1,0,0
-1.2173374900992269,-0.45620020704895675,-0.8835957644258325,-1.0426002589149936,0,0,1,0
-0.40074711538183455,0.5370688639094903,0.1553171870142051,-0.4729422817298292,0,0,0,1
-0.282823350088795,-0.676926667261945,-0.5317058937767876,-0.4926107796633323,0,0,1,0
0.71382266625883,-0.014747286622980312,0.5000256317316368,0.38008775827506547,0,1,0,0
0.1235698410554973,3.185786386465349,2.7621748001897837,0.32654573612275145,1,0,0,0
0.46466116217192377,-0.23547374683596853,-0.1032141465238688,0.8466682370309455,0,0,0,1
0.1565377754384976,0.7577953241224785,-0.2109355354980661,-0.09159196068579632,0,0,0,1
-0.9428160364869358,-0.3458369769424627,-0.4981925727625927,-0.8644910831838266,0,1,0,0
0.4469091975041543,-0.5665634371554509,0.17207384752130256,0.19432972223642506,0,0,0,1
0.4950931016023854,-0.014747286622980312,0.1792552734529156,0.770543865399424,0,1,0,0
-0.6169406850857404,0.316342403696502,0.27979523649549987,-0.4445322291592134,0,0,0,1
-0.6816085563754718,0.09561594348351381,0.5526894218968003,-0.0016267942121802243,0,0,0,1
0.38414332242882665,-0.45620020704895675,-0.5364935110645296,0.1885020191450166,0,0,1,0
-0.060289793003542806,1.0888850144419608,1.3953100645394114,0.898389101967194,1,0,0,0
-1.0930737374248412,-0.3458369769424627,-0.9123214681522852,-1.0422360274717808,0,0,1,0
-1.0353798522545905,-0.3458369769424627,0.9524554654232663,-1.0589906738595798,0,0,0,1
-0.5846067494408748,0.7577953241224785,0.6316851071445451,-0.7020438595108193,0,0,0,1
0.5648329627971939,-0.5665634371554509,-0.7471486717251824,0.28538758303968026,0,0,1,0
-0.15665760120000521,-0.676926667261945,-0.6753344124090508,-0.46529342142235575,0,0,1,0
0.5401070120099436,-0.3458369769424627,-0.04576273907096344,0.6135601133746119,0,1,0,0
1.9330022396917066,0.7577953241224785,0.6221098725690606,1.5485422281024364,0,0,0,1
-0.771636377190588,-0.676926667261945,-0.22290457871742153,-1.0112763547986738,0,1,0,0
-1.0620077992562447,-0.3458369769424627,-1.2259104004993933,-1.0753810888041655,0,0,1,0
-0.8229902749794924,-0.3458369769424627,-0.773480566807764,-0.7654201306298848,0,0,1,0
0.3086974725908069,-0.45620020704895675,-0.45031639988517175,0.8033246952885956,0,1,0,0
-0.8299642610989731,-0.45620020704895675,-0.9338657459471247,-0.8298890960785895,0,0,1,0
-0.570658777201913,-0.014747286622980312,0.17446765616517357,-0.43032720287390586,0,1,0,0
0.03227402276411197,-0.3458369769424627,-1.1900032708413275,-0.4405256832838702,0,0,1,0
-0.6625885942314331,-0.676926667261945,-0.6059139617367902,-0.7064146368293756,0,0,1,0
0.6288668353487905,0.5370688639094903,0.404273285976795,0.4824367938179244,0,0,0,1
-0.3107192945667182,-0.5665634371554509,-0.8572638693432508,-0.28718424569118867,0,0,1,0
-1.3054633146999393,-0.676926667261945,-0.47664829496775324,-1.0200179094357864,0,0,1,0
-1.2807373639126889,-0.3458369769424627,-0.40962165293936365,-1.431235208823287,0,0,1,0
-0.4723889727910467,-0.3458369769424627,-0.7902372273148615,-0.504994648732575,0,0,1,0
-0.8325002560515116,-0.5665634371554509,-0.553250171571627,-0.8761464893666433,0,0,1,0
-0.7304264592118376,-0.3458369769424627,-0.6609715605458245,-0.5792978631480312,0,0,1,0
-1.3752031758947476,-0.014747286622980312,-0.12715223296257927,-1.275344151128114,0,1,0,0
1.7897185248732823,-0.676926667261945,-1.1947908881290696,0.5392568989591557,0,0,1,0
-1.3079993096524776,-0.45620020704895675,0.040414372108394395,-1.1988555480533796,0,1,0,0
-0.5116968945553932,-0.12511051672947443,-0.1391212761819347,-0.4911538538904802,0,0,0,1
2.492189126726443,-0.12511051672947443,-0.24444885651226098,1.6348650801439226,0,1,0,0
-0.8857561500548199,-0.45620020704895675,-0.3234445417600058,-1.222894823305439,0,0,1,0
-0.3798251570233919,-0.676926667261945,-0.8500824434116379,-0.7705193708348671,0,0,1,0
-0.7627603948567033,3.0754231563588545,1.8597089414503962,-0.7530362615606422,1,0,0,0
0.6047748832996751,-0.5665634371554509,-1.0535561781406775,0.4467421123830485,0,0,1,0
-0.6632225929695678,-0.676926667261945,-0.09124510330451335,-0.9191257996657797,0,1,0,0
-0.7500804200940109,-0.45620020704895675,-0.6561839432580823,-0.8743253321505782,0,0,1,0
-0.9434500352250703,-0.45620020704895675,0.32048998344130775,-0.9526350924413776,0,0,0,1
-1.448113030780229,-0.5665634371554509,-0.7423610544374404,-1.2669668279342146,0,0,1,0
0.6478867974928294,-0.014747286622980312,0.4377866069909895,0.4722383134079598,1,0,0,0
-0.729792460473703,0.6474320940159843,0.08589673634194474,-0.41029447349718956,0,0,0,1
-1.3834451594904977,-0.5665634371554509,-0.34977643684258725,-1.1471346831171307,0,1,0,0
-0.32593526428194924,-0.676926667261945,0.05238341532774984,-0.6444952914831619,0,1,0,0
-0.9142860932708778,-0.23547374683596853,-0.08166986872902934,-0.9012784589483416,0,1,0,0
0.3194754511390953,0.316342403696502,1.3594029348813454,0.909316045263585,0,0,0,1
0.8463284025289656,0.7577953241224785,0.8231897986542296,1.5000994461551047,0,0,0,1
0.08806591171995859,-0.5665634371554509,0.1481357610825921,0.25807022479870373,0,1,0,0
0.5686369552260017,-0.5665634371554509,-0.8405072088361536,0.19724357378212917,0,0,1,0
0.5553229817251746,-0.45620020704895675,-0.8213567396851852,0.12658267379880322,0,0,1,0
1.8974983103561682,-0.3458369769424627,-1.1349456720322932,1.242952047246712,0,0,1,0
-0.20610950277450577,-0.12511051672947443,-0.5125554246258192,-0.11599546738106878,0,1,0,0
-0.05775379805100437,-0.5665634371554509,-0.4048340356516216,-0.43433374874924907,0,1,0,0
3.2098756982948338,-0.5665634371554509,-0.6466087086825981,1.7066186744568876,0,0,1,0
0.40126128835846164,-0.5665634371554509,-0.7423610544374404,0.2577059933554905,0,0,1,0
-0.015909881334119354,-0.45620020704895675,-0.9937109620439011,0.007843223311358245,0,0,1,0
0.36448936154665346,3.0754231563588545,2.9728299608504365,0.5461772963802031,1,0,0,0
-0.5985547216798364,0.20597917359000792,0.2965518970025973,-0.4405256832838702,0,0,0,1
1.3288014422494123,-0.45620020704895675,-0.3689269059935557,1.1730196101498118,0,0,1,0
-0.14270962896104364,-0.5665634371554509,-0.7926310359587325,0.10764263875172601,0,0,1,0
1.7783065475868591,1.5303379348679373,2.259474984976862,2.5957076273398716,1,0,0,0
1.4942751129025484,-0.014747286622980312,-0.4981925727625927,1.3762607554626776,0,1,0,0
0.862812369720466,-0.5665634371554509,-0.771086758163893,0.4700529247486818,0,1,0,0
-1.084831753829091,-0.45620020704895675,-0.4934049554748507,-1.1988555480533796,0,0,1,0
-0.6245486699433559,-0.5665634371554509,-0.7112415420671166,-1.063725682621349,0,0,1,0
-0.4939449298876238,-0.3458369769424627,-0.6585777519019533,-0.4937034739929714,0,0,1,0
0.036078015192919616,-0.12511051672947443,-0.0002803748374135199,0.15899927224476182,0,0,0,1
-0.20737750025077498,-0.5665634371554509,-0.6513963259703404,-0.7818105455744708,0,0,1,0
-0.19279552927367866,-0.5665634371554509,-0.47664829496775324,-0.34509704516205886,0,0,1,0
-0.8039703128354537,-0.5665634371554509,-0.4957987641187217,-0.6634353265302391,0,0,1,0
-1.1843695557162266,-0.676926667261945,-0.5269182764890453,-1.2421990897957291,0,0,1,0
-0.35256321128360324,-0.3458369769424627,-0.8285381656167982,-0.7432020125938906,0,0,1,0
-0.6974585248288373,-0.45620020704895675,0.08589673634194474,-0.8943580615272942,0,1,0,0
0.09567389657757411,-0.5665634371554509,-0.459891634460656,-0.031129541112434992,0,0,1,0
-1.3301892654871894,-0.12511051672947443,0.2558571500567894,-0.8965434501865723,0,0,0,1
-0.6790725614229333,-0.5665634371554509,-0.9266843200155115,-0.5170142863586046,0,0,1,0
-0.08247974883825464,0.7577953241224785,0.44496803292260295,-0.2762573023947979,0,0,0,1
-0.21435148637025578,1.8614276251874196,1.4336110028413482,0.4299874659952495,1,0,0,0
0.42471924166944247,-0.3458369769424627,-1.1038261596619696,0.298499914995349,0,0,1,0
1.2907615179613354,0.09561594348351381,0.5981717861303502,1.7463199017671065,0,0,0,1
-0.010837891429042264,-0.676926667261945,-0.9649852583174484,0.13969500575447194,0,0,1,0
-0.4501990169563351,3.8479657671043137,2.6353029420646177,-0.10761814418716915,1,0,0,0
0.09567389657757411,0.20597917359000792,0.5598708478284132,0.27810295417541975,0,0,0,1
-0.2023055103456981,-0.676926667261945,-0.12715223296257927,0.1233045908098859,0,1,0,0
-1.1488656263806878,0.316342403696502,-0.10800176381161081,-0.9100200135854541,0,0,0,1
1.0631559709710061,-0.5665634371554509,-1.3623574932000435,0.34839962271553276,0,0,1,0
0.14449179941393991,-0.014747286622980312,-0.11278938109935281,-0.03768570709026936,0,1,0,0
-0.2555614043490063,0.7577953241224785,0.421029946483892,-0.4871473080151369,0,0,0,1
-0.6086987014899903,0.316342403696502,-0.0984265292361268,-0.7920090259844353,0,0,0,1
-0.7982643241922421,1.5303379348679373,1.7783194475587805,-0.4711211245137641,1,0,0,0
1.046672003779506,-0.12511051672947443,1.064964471685206,0.5082972262860489,0,1,0,0
-0.6467386257780676,-0.3458369769424627,1.2660443977703746,-0.7035007852836713,0,0,0,1
-0.505356907174047,-0.45620020704895675,1.0434201938903667,-0.16043170345305727,0,0,0,1
-0.9402800415343973,2.41324377571989,2.405497312252996,-0.7359173837296302,1,0,0,0
0.984540127442313,-0.3458369769424627,-0.1391212761819347,0.43071592888167537,0,0,1,0
-0.7545184112609533,-0.5665634371554509,-1.0248304744142247,-0.3764209492783786,0,0,1,0
-1.074687774018937,-0.23547374683596853,-0.44552878259742956,-0.6601572435413218,0,1,0,0
-0.833768253527781,1.0888850144419608,2.1613288305781486,-0.6219129420039547,1,0,0,0
-0.2904313349464103,-0.3458369769424627,0.8112207554348742,-0.5315835440871255,0,0,0,1
0.7150906637350989,-0.3458369769424627,0.6891365145974504,0.3975708675492906,0,0,0,1
-0.6505426182068753,-0.12511051672947443,-0.6466087086825981,-0.6364821997324754,0,1,0,0
-1.3333592591778627,-0.3458369769424627,-0.905140042220672,-1.2170671202140306,0,0,1,0
-0.21118149267958264,0.09561594348351381,0.6580170022271264,-0.26824421064411147,0,0,0,1
-1.1127276983070145,3.627239306891325,1.4671243238555431,-0.8182336898957729,1,0,0,0
0.15526977796222838,-0.45620020704895675,-0.5676130234348533,0.22201131192061457,0,1,0,0
0.8850023255551774,-0.676926667261945,-0.8620514866309931,0.05628600525869021,0,0,1,0
-0.03175984978748489,-0.45620020704895675,-1.17324661033423,0.23985865263805267,0,0,1,0
-0.18201755072539022,3.9583289972108076,1.160716817440048,-0.14440551995168444,1,0,0,0
-0.8876581462692238,-0.3458369769424627,-0.2875374121019399,-0.8990930702890635,0,1,0,0
1.9431462195018607,-0.5665634371554509,-1.077494264579388,1.9845272656284223,0,0,1,0
-0.5047229084359125,0.316342403696502,-0.27078075159484244,-0.7748901481534234,0,0,0,1
0.5293290334616549,-0.3458369769424627,-0.7160291593548587,0.44965596392875257,0,0,1,0
0.727136639759657,-0.676926667261945,-0.9530162150980932,0.2704540938679463,0,0,1,0
0.2186696517756905,-0.3458369769424627,-1.034405708989709,0.3815446840479178,0,0,1,0
0.4063332782635385,-0.5665634371554509,-0.33541358497936125,0.2657190851061772,0,0,1,0
-1.0994137248061873,-0.676926667261945,-0.9506224064542221,-1.1143538532279589,0,0,1,0
1.9615321829077648,0.20597917359000792,0.4689061193613134,2.2995874640076854,0,0,0,1
2.8484964175580996,-0.676926667261945,-1.1014323510180986,1.226561632302126,0,0,1,0
0.7239666460689836,-0.3458369769424627,-0.8022062705342168,0.4132328196074505,0,0,1,0
3.6676227872280305,-0.45620020704895675,-0.639427282750985,3.094340473098497,0,0,1,0
1.5437270144770492,2.192517315506902,2.671210071722684,2.018765021290446,1,0,0,0
0.43930121264653876,-0.3458369769424627,-0.9147152767961563,0.16009196657440095,0,0,1,0
-0.7671983860236457,-0.5665634371554509,-0.996104770687772,-0.7115138770343578,0,0,1,0
0.9173362612000434,-0.45620020704895675,-0.6322458568193718,1.2651701652827063,0,0,1,0
-0.15348760750933207,-0.5665634371554509,-0.249236473800003,-0.06208921378554155,0,1,0,0
-1.172323579691669,-0.3458369769424627,-0.3210507331161348,-1.2130605743386873,0,1,0,0
-0.6403986383967214,-0.5665634371554509,-0.8069938878219587,-0.7555858816631333,0,0,1,0
-0.7710023784524535,0.42670563380299614,-0.19178506634709763,-0.6175421646853985,0,0,0,1
1.2451136088156423,2.9650599262523607,1.6155404597755487,1.3831811528837248,1,0,0,0
-1.1051197134493989,-0.12511051672947443,-0.8357195915484115,-0.8360810306132109,0,1,0,0
-0.682876553851741,-0.5665634371554509,0.13137910057549465,-0.35602398845844935,0,0,0,1
-0.40645310402504614,-0.3458369769424627,-0.639427282750985,-0.5151931291425397,0,0,1,0
0.33342342337805714,-0.45620020704895675,-0.4287721220903321,-0.1232800962453293,0,0,1,0
-0.4907749361969507,-0.45620020704895675,-1.3623574932000435,-0.23218529776602234,0,0,0,1
-0.3050133059235066,-0.12511051672947443,2.4916744234323547,-0.05516881636449424,1,0,0,0
1.492373116688145,-0.45620020704895675,0.3946980514013106,1.2196412348810786,0,1,0,0
1.3681093640137592,-0.45620020704895675,-0.5747944493664665,1.4731463193573409,0,1,0,0
0.13498181834192047,0.42670563380299614,0.1888305080284,-0.02675876379387858,0,0,0,1
-0.1883575381067363,-0.12511051672947443,0.10504720549291319,0.11893381349132975,0,1,0,0
-0.73486445037878,-0.12511051672947443,0.20798097717936848,-0.5279412296549952,0,1,0,0
0.20408768079859418,-0.5665634371554509,-0.23726743058064798,-0.02056682925925742,0,0,1,0
0.6193568542767712,-0.5665634371554509,-0.5460687456400138,0.7818350401390277,0,0,1,0
-0.37348516964204587,-0.3458369769424627,0.011688668381941924,-0.24165531528956108,0,1,0,0
-0.23907743715750604,-0.5665634371554509,-1.070312838647775,-0.4656576528655687,0,0,1,0
-1.0911717412104371,-0.45620020704895675,-0.8692329125626064,-0.8765107208098563,0,0,1,0
-1.2065595115509384,-0.45620020704895675,-0.27317456023871345,-1.0611760625188578,0,0,1,0
-0.4330810510267001,-0.23547374683596853,-0.30190026396516634,-0.503537722959723,0,1,0,0
-0.015275882595984632,-0.676926667261945,-0.6178830049561455,-0.1851994415915427,0,0,1,0
-0.12939565546021653,-0.3458369769424627,-0.9984985793316433,-0.35311013691274523,0,0,1,0
-0.8439122333379349,-0.676926667261945,-0.2085417268541951,-1.0651826083942009,0,1,0,0
-0.8027023153591845,-0.23547374683596853,-0.2947188380335529,-0.9617408785217031,0,1,0,0
-0.7475444251414723,3.406512846678337,2.6041834296942943,-0.4448964606024266,1,0,0,0
-0.40962309771571925,3.627239306891325,3.0709761152491497,-0.032222235442074094,1,0,0,0
0.013888059358207779,-0.5665634371554509,0.38033519953808415,0.15280733771014068,0,1,0,0
-0.23083545356175603,-0.45620020704895675,0.7418003047626133,-0.2890054029072537,0,1,0,0
-0.021615869977330938,0.20597917359000792,0.3946980514013106,0.2369448010923483,0,0,0,1
0.5477149968675589,0.6474320940159843,0.9093669098335874,0.8830913813522475,0,0,0,1
-0.73486445037878,-0.3458369769424627,-0.5364935110645296,-0.8040286636104651,0,0,1,0
0.9737621488940248,-0.014747286622980312,-0.19178506634709763,1.7077113687865266,0,0,0,1
-0.7862183481676843,-0.676926667261945,-0.9266843200155115,-0.8113132924747255,0,0,1,0
-0.646104627039933,-0.45620020704895675,0.5885965515548661,-0.15059745448630585,0,0,0,1
1.2406756176487,-0.23547374683596853,0.1481357610825921,1.4771528652326842,0,0,0,1
-0.09135573117213938,3.8479657671043137,2.0703641021110486,0.20671359130566763,1,0,0,0
0.21232966439434442,-0.23547374683596853,-0.1774222144838716,-0.052619196262003086,0,1,0,0
1.8195164655656095,-0.45620020704895675,-1.0487685608529353,1.1981515797315103,0,0,1,0
-0.813480293907473,-0.45620020704895675,-1.120582820169067,-0.7927374888708614,0,0,1,0
-0.8673701866489159,-0.12511051672947443,-0.15827174533290317,-0.5108223518239834,0,1,0,0
1.3300694397256818,-0.676926667261945,-0.45510401717291377,1.3540426374266832,0,0,1,0
-0.5357888466045089,1.6407011649744314,2.4749177629252572,-0.044970335954529615,1,0,0,0
1.865164374711302,-0.12511051672947443,0.2654323846322738,1.5179467868725425,0,1,0,0
-1.306097313438074,-0.23547374683596853,-0.45510401717291377,-1.2636887449452974,0,1,0,0
-0.7564204074753571,-0.014747286622980312,0.681955088665837,-0.5512520420206286,0,0,0,1
-1.448113030780229,-0.5665634371554509,-0.02900607856386599,-1.431235208823287,0,1,0,0
0.4316932277889233,0.316342403696502,0.4282113724155055,0.44965596392875257,0,0,0,1
1.9019363015231106,-0.014747286622980312,-0.34977643684258725,1.6381431631328394,0,0,0,1
0.30806347385267213,0.9785217843354668,1.5820271387613538,0.5658457943137062,1,0,0,0
-0.9612019998928398,-0.676926667261945,-0.8261443569729272,-0.888530358435886,0,0,1,0
-0.4641469891952967,-0.45620020704895675,-1.0535561781406775,-0.628104876538576,0,0,1,0
1.5082230851415106,0.20597917359000792,0.17207384752130256,1.404670808033293,0,0,0,1
-0.6663925866602408,0.20597917359000792,0.9309111876284268,-0.5191996750178829,0,0,0,1
-0.6480066232543369,-0.45620020704895675,-0.6083077703806612,-0.7941944146437135,0,0,1,0
0.21930365051382522,-0.014747286622980312,-0.19178506634709763,0.10873533308136513,0,1,0,0
2.904922305252081,0.6474320940159843,0.6987117491729344,2.967587930860365,1,0,0,0
-0.8065063077879923,-0.014747286622980312,-0.14869651075741872,-0.6820111301341031,0,1,0,0
0.6878287179953102,0.09561594348351381,0.3659723476748581,0.788755437560075,0,0,0,1
3.3537934118513926,2.6339702359328783,2.3193202010736385,5.827897454412218,1,0,0,0
-0.4299110573360272,2.41324377571989,1.7088989968865191,-0.69730885074905,1,0,0,0
0.9965861034668712,-0.12511051672947443,1.7591689784078115,0.8736213638287088,1,0,0,0
0.1299098284368436,-0.014747286622980312,-0.4359535480219453,0.028968647017713647,0,1,0,0
1.1500137980954492,-0.45620020704895675,-0.16305936262064516,1.2014296627204275,0,0,0,1
-0.19723352044062104,-0.014747286622980312,-0.3785021405690402,-0.08722118336724016,0,1,0,0
0.3017234864713261,-0.3458369769424627,-0.1032141465238688,0.27409640830007653,0,1,0,0
-0.31896127816246844,-0.676926667261945,0.5263575268142188,-0.3982748358711599,0,0,0,1
0.22627763663330602,-0.676926667261945,0.15292337837033412,0.47588062784009005,0,0,0,1
0.7677125590002728,0.42670563380299614,-0.2085417268541951,0.39283585878752125,0,0,0,1
-1.3555492150125743,-0.3458369769424627,0.4736937366490554,-1.2647814392749364,0,0,0,1
0.7195286549020413,3.0754231563588545,2.0966959971936303,1.8803570728694985,1,0,0,0
-0.14904961634238992,-0.5665634371554509,-0.8883833817135746,-0.4671145786384209,0,0,1,0
0.24973558994428707,-0.014747286622980312,-0.23247981329290554,0.15499272636941863,0,1,0,0
2.4211812680553653,-0.23547374683596853,-0.038581313139350426,2.8761658386138973,0,1,0,0
0.5210870498659051,-0.5665634371554509,-1.1971846967729407,0.5989908556460912,0,0,1,0
-1.004313914085994,-0.45620020704895675,-0.6178830049561455,-0.9041923104940458,0,0,1,0
-0.4749249677435851,2.302880545613396,1.4503676633484457,-0.16334555499876138,1,0,0,0
-0.27775136018371793,-0.3458369769424627,-0.02421846127612398,-0.452181089466687,0,1,0,0
-0.26507138542102554,-0.3458369769424627,-1.211547548636167,-0.9759459048070109,0,0,1,0
-0.9028741159844547,-0.23547374683596853,0.2654323846322738,-0.9231323455411229,0,0,0,1
1.9672381715509761,-0.676926667261945,-0.4574978258167848,2.3057793985423065,0,1,0,0
-0.39947911790556534,0.09561594348351381,1.108053027274885,0.19833626811176827,1,0,0,0
-0.03809983716883119,-0.3458369769424627,-0.7447548630813113,0.230024403671301,0,0,1,0
-0.026053861144273303,-0.676926667261945,-1.3623574932000435,-0.2984754204307921,0,0,1,0
1.305977487676566,-0.12511051672947443,-0.8405072088361536,0.49081411701182404,0,1,0,0
-0.786852346905819,-0.45620020704895675,-0.8812019557819616,-0.958827026975999,0,0,1,0
-0.5408608365095859,-0.12511051672947443,-0.4910111468309797,-0.9355162146103656,0,1,0,0
0.1565377754384976,-0.676926667261945,-0.6490025173264691,-0.0577184364669854,0,0,1,0
-0.29486932611335265,-0.45620020704895675,-0.6274582395316296,-0.6823753615773162,0,0,1,0
-0.6264506661577597,-0.676926667261945,-0.8572638693432508,-0.889987284208738,0,0,1,0
-0.9802219620368784,-0.014747286622980312,-0.34020120226710326,-0.646316448699227,0,0,0,1
-0.222593469966006,-0.3458369769424627,-0.9338657459471247,-0.6386675883917535,0,0,1,0
0.11469385872161257,0.316342403696502,0.7346188788310003,-0.11053199573287352,0,0,0,1
-0.1496836150805244,1.309611474654949,1.9004036883962037,0.7636234679783767,1,0,0,0
0.3264494372585761,-0.3458369769424627,-0.6609715605458245,-0.041328021522399616,0,0,1,0
-0.14651362138985127,-0.45620020704895675,0.21755621175485249,-0.4288702771010535,0,1,0,0
-0.46858498036223906,3.406512846678337,2.158935021934278,-0.2336422235388744,1,0,0,0
1.4708171595915678,-0.676926667261945,-0.7543300976567956,0.6995187339728849,0,0,1,0
-0.6600525992788947,0.20597917359000792,0.09068435362968674,-0.3902617441204735,0,0,0,1
0.5058710801506741,0.09561594348351381,-0.09124510330451335,0.43836478918914884,0,0,0,1
-0.6873145450186834,-0.676926667261945,-0.7950248446026035,-0.40118868741686403,0,0,1,0
-0.9193580831759548,-0.3458369769424627,-0.9745604928929326,-0.976310136250224,0,0,1,0
-0.25746340056341,-0.3458369769424627,-0.08166986872902934,-0.521020832233948,0,1,0,0
1.886086333069745,0.42670563380299614,0.2582509587006604,2.805869170073784,0,0,0,1
-0.7259884680448953,-0.5665634371554509,-0.2133293441419371,-0.6849249816798073,0,0,1,0
-0.6784385626847986,-0.23547374683596853,-0.32823215904774783,-0.4998954085275927,0,1,0,0
0.5363030195811357,-0.45620020704895675,-1.161277567114875,0.19250856502035982,0,0,1,0
-0.90224011724632,-0.676926667261945,-0.8548700606993799,-0.9071061620397499,0,0,1,0
-0.9662739897979168,-0.676926667261945,0.0021134338064574838,-1.1933920764051842,0,0,0,1
-0.6866805462805488,0.09561594348351381,2.017700311945886,-0.11417431016500378,1,0,0,0
-0.4438590295749888,-0.45620020704895675,-0.8644452952748641,-0.9147550223472234,0,0,1,0
-0.3779231608089882,-0.23547374683596853,0.17686146480904458,-0.5720132342837708,0,1,0,0
-0.6701965790890486,-0.23547374683596853,-0.23008600464903453,-0.8258825502032463,0,1,0,0
-0.912384097056474,-0.5665634371554509,0.7011055578168054,-0.5658212997491494,0,0,0,1
-0.9466200289157435,-0.12511051672947443,0.4306051810593765,-0.8124059868043646,0,1,0,0
-0.7811463582626074,-0.12511051672947443,-0.007461800769026531,-0.7978367290758437,0,1,0,0
1.6933507166768196,-0.45620020704895675,-0.6011263444490482,0.7694511710697849,0,0,1,0
-1.001143920395321,-0.3458369769424627,-0.558037788859369,-0.8065782837129563,0,0,1,0
-0.7906563393346268,2.41324377571989,1.8573151328065247,-0.38334134669942593,1,0,0,0
-0.060289793003542806,3.7376025369978194,1.5700580955419985,0.5268730298899129,1,0,0,0
0.8393544164094848,1.8614276251874196,2.182873108372988,0.7475972844770034,1,0,0,0
0.49192310791171245,-0.45620020704895675,-0.9362595545909957,-0.41065870494040246,0,0,1,0
2.461123188557846,-0.3458369769424627,1.108053027274885,1.6403285517921176,0,0,0,1
0.4874851167447701,-0.014747286622980312,-0.6585777519019533,0.016584777948470818,0,1,0,0
-0.47302297152918144,-0.3458369769424627,-0.26359932566322947,-0.5104581203807702,0,1,0,0
0.5312310296760588,-0.5665634371554509,-0.8835957644258325,0.6645525154244348,0,0,1,0
-0.9827579569894169,-0.5665634371554509,-1.3575698759123014,-0.7013153966243932,0,0,1,0
0.12800783222243967,3.296149616571843,1.330677231154893,0.4278020773359713,1,0,0,0
1.9666041728128416,0.316342403696502,0.2845828537832423,1.174112304479451,0,0,0,1
0.6016048896090017,-0.676926667261945,-1.1397332893200354,0.27409640830007653,0,0,1,0
1.7193446649403394,-0.5665634371554509,-0.6202768136000166,1.758339539393136,0,0,1,0
-0.7646623910711072,-0.5665634371554509,-0.9338657459471247,-0.8222402357711162,0,0,1,0
-0.45463700812327723,-0.45620020704895675,1.064964471685206,-0.0558972792509204,0,0,0,1
-0.917456086961551,-0.5665634371554509,-0.36413928870581375,-0.9384300661560697,0,0,1,0
0.42979123157451954,-0.676926667261945,-1.03679951763358,0.17721084440541288,0,0,1,0
-1.4436750396132867,-0.5665634371554509,-0.4215906961587191,-1.431235208823287,0,0,1,0
-0.7754403696193958,-0.3458369769424627,-0.680122029696793,-1.152962386208539,0,0,1,0
1.6369248289828384,-0.23547374683596853,-0.23247981329290554,1.7186383120829172,0,1,0,0
-0.8699061816014544,2.302880545613396,2.0751517193987907,-0.540689330167451,1,0,0,0
0.9896121173473903,-0.5665634371554509,-0.7854496100271193,0.14333732018660195,0,0,1,0
-1.3422352415117473,-0.676926667261945,-1.1325518633884222,-1.206504408360853,0,0,1,0
-0.39821112042929613,-0.3458369769424627,-1.034405708989709,-0.24748301838096928,0,0,1,0
-0.7202824794016837,2.9650599262523607,1.5293633485961902,-0.4288702771010535,1,0,0,0
1.1531837917861225,3.296149616571843,0.1553171870142051,0.9821623339061892,1,0,0,0
-1.0613738005181101,-0.5665634371554509,-0.16545317126451617,-1.1143538532279589,0,1,0,0
-0.4723889727910467,-0.45620020704895675,0.17207384752130256,-0.46966419874091203,0,0,0,1
-0.032393848525619606,1.6407011649744314,2.32410781836138,-0.1943052276718682,1,0,0,0
0.9388922182966204,3.8479657671043137,2.3791654171704146,1.6213885167450406,1,0,0,0
-0.4647809879334312,-0.3458369769424627,0.4784813539367974,-0.1953979220015073,0,0,0,1
3.202901712175353,-0.5665634371554509,-0.7016663074916325,1.6224812110746798,0,0,1,0
-0.019079875024792504,-0.3458369769424627,-0.462285443104527,-0.1924840704558032,0,1,0,0
-0.11481368448312021,-0.45620020704895675,-0.23487362193677655,-0.32724970444462076,0,1,0,0
-1.335895254130401,1.7510643950809255,2.0631826761794354,-1.1791870501198765,1,0,0,0
-0.48126495512493145,-0.3458369769424627,-0.014643226700639542,-0.2722507565194547,0,0,0,1
0.2516375861586908,-0.676926667261945,0.24867572412517638,0.2850233515964671,0,1,0,0
0.6707107520656757,-0.676926667261945,-0.3449888195548453,1.2502366761109724,0,0,0,1
1.4676471659008947,-0.676926667261945,-0.6896972642722772,1.5561910884099097,0,1,0,0
-0.7437404327126648,-0.45620020704895675,-0.3928649924322662,-0.9041923104940458,0,0,1,0
-0.520572876889278,-0.45620020704895675,-0.16784697990838718,-0.6160852389125464,0,1,0,0
1.326265447296874,-0.45620020704895675,0.3468218785238897,0.6190235850228072,0,0,0,1
-0.038733835906965684,-0.676926667261945,0.8136145640787451,-0.3206935384667864,0,0,0,1
1.0542799886371215,2.523607005826384,1.5748457128297404,1.1318614570667407,1,0,0,0
1.30787948389097,-0.5665634371554509,-0.8381134001922824,0.9548449756652126,0,0,1,0
0.4786091344108854,-0.45620020704895675,-0.7423610544374404,-0.06828114832016297,0,0,1,0
0.40126128835846164,-0.676926667261945,-1.1397332893200354,0.13605269132234168,0,0,1,0
-1.0721517790663986,-0.676926667261945,-0.4215906961587191,-1.2188882774300958,0,0,1,0
-0.40898909897758456,0.6474320940159843,-0.558037788859369,-0.24493339827847813,0,0,0,1
-0.6283526623721636,0.42670563380299614,0.5096008663071213,-0.29046232868010574,0,0,0,1
-1.4474790320420943,-0.45620020704895675,0.22473763768646593,-1.4232221170726005,0,0,0,1
0.6212588504911751,2.9650599262523607,1.9147665402594305,0.4278020773359713,1,0,0,0
-0.12305566807887044,-0.676926667261945,-1.1564899498271326,-0.3731428662894616,0,0,1,0
1.1493797993573147,-0.45620020704895675,-0.04815654771483444,0.5694881087458364,0,1,0,0
-1.282639360127093,-0.676926667261945,-0.6418210913948561,-1.3165023042111854,0,0,1,0
-0.7234524730923568,0.09561594348351381,0.08589673634194474,-0.5891321121147828,0,0,0,1
0.8260404429086576,-0.45620020704895675,-0.9601976410297064,1.0531874653327278,0,0,1,0
0.08679791424368938,-0.676926667261945,-1.1971846967729407,-0.40738062195148544,0,0,1,0
-0.03556384221629253,-0.12511051672947443,-0.47425448632388223,0.18485970471288635,0,1,0,0
0.6852927230427718,-0.5665634371554509,-0.6561839432580823,0.8113377870392819,0,0,1,0
-0.6740005715178563,-0.3458369769424627,1.160716817440048,-0.7752543795966363,0,0,0,1
-1.3111693033431508,-0.3458369769424627,-1.1804280362658435,-1.1238238707514974,0,0,1,0
-1.2648873954593234,-0.5665634371554509,0.7154684096800319,-0.8932653671976551,0,0,0,1
-0.48189895386306614,-0.5665634371554509,-0.9338657459471247,-0.8779676465827082,0,0,1,0
-1.3656931948227282,-0.5665634371554509,0.018870094313554932,-0.8484648996824536,0,1,0,0
-0.627718663634029,-0.676926667261945,0.16489242158968956,-0.47039266162733806,0,1,0,0
0.08489591802928544,-0.676926667261945,-0.45271020852904276,-0.41940025957751503,0,0,1,0
-0.8572262068387618,-0.5665634371554509,-0.1056079551677398,-0.9333308259510874,0,1,0,0
-0.46858498036223906,-0.23547374683596853,-0.40962165293936365,-0.44963146936419585,0,1,0,0
-1.3492092276312282,-0.676926667261945,-0.5676130234348533,-1.0400506388125026,0,0,1,0
0.6726127482800797,-0.3458369769424627,-0.6322458568193718,0.42962323455203655,0,0,1,0
-0.8743441727683966,-0.3458369769424627,-0.6226706222438876,-0.7122423399207839,0,0,1,0
1.1969297047174112,3.627239306891325,1.7926822994220064,2.1375044717778913,1,0,0,0
1.1645957690725457,-0.5665634371554509,0.30133951429033934,1.3048713925929256,0,1,0,0
-0.9770519683462053,-0.45620020704895675,-0.3569578627742007,-0.9937932455244489,0,0,1,0
-0.855324210624358,-0.45620020704895675,-0.47904210361162425,-0.5876751863419307,0,0,1,0
1.0390640189218905,0.20597917359000792,0.45454326749808693,0.8127947128121343,0,0,0,1
0.14005380824699756,-0.676926667261945,-0.3138693071845214,-0.44744608070491776,0,1,0,0
-1.049961823231687,-0.23547374683596853,-0.5700068320787245,-0.8958149873001463,0,1,0,0
-0.5801687582739324,-0.014747286622980312,-0.24444885651226098,-0.5122792775968353,0,1,0,0
-0.012105888905311706,-0.014747286622980312,0.10265339684904176,-0.4394329889542314,0,0,0,1
0.5832189262030978,-0.23547374683596853,0.9548492740671374,0.7071675942803584,0,0,0,1
1.034626027754948,-0.676926667261945,-0.2923250293896819,1.3627841920637955,0,1,0,0
0.28967751044676815,-0.45620020704895675,-0.37371452328129773,0.2271105521255969,0,0,1,0
-1.1691535860009954,-0.676926667261945,-0.8405072088361536,-1.310674601119777,0,0,1,0
2.653858804950771,-0.23547374683596853,-0.38328975785678215,1.297586763728665,0,1,0,0
1.5703549614787033,0.7577953241224785,0.9500616567793954,1.0644786400723316,0,0,0,1
2.013520079434804,-0.676926667261945,-0.2827497948141979,1.0550086225487934,0,1,0,0
-0.5960187267272979,-0.45620020704895675,-1.084675690511001,-0.4088375477243375,0,0,1,0
-1.2813713626508236,3.627239306891325,1.5126066880890936,-1.2134248057819006,1,0,0,0
-0.8210882787650885,0.09561594348351381,0.5143884835948633,-0.6608857064277479,0,0,0,1
2.188503731159959,0.7577953241224785,0.3946980514013106,3.090698158666367,0,0,0,1
-1.1672515897865918,-0.5665634371554509,-0.8620514866309931,-1.1227311764218584,0,0,1,0
-0.23273744977615973,-0.45620020704895675,-0.7830558013832483,-0.35201744258310613,0,0,1,0
-0.4444930283131235,2.302880545613396,1.5173943053768355,0.01731324083489697,1,0,0,0
-0.17948155577285155,-0.45620020704895675,-0.44792259124130057,-0.3684078575276922,0,1,0,0
-0.15602360246187072,0.42670563380299614,0.45693707614195794,-0.5436031817131551,0,0,0,1
1.7478746081563972,0.20597917359000792,0.2271314463303369,2.48097472272777,0,0,0,1
-0.9593000036784359,0.42670563380299614,-0.30429407260903735,-0.8994573017322764,0,0,0,1
2.7660765816005988,-0.676926667261945,-0.905140042220672,1.1220272080999887,0,0,1,0
-0.2599993955159487,-0.12511051672947443,0.12180386600001021,0.2955860634496446,0,1,0,0
0.20155168584605576,-0.676926667261945,-0.8285381656167982,0.07850412329468445,0,0,1,0
2.4002593096969225,-0.45620020704895675,-1.0535561781406775,2.668553915982476,0,0,1,0
1.1595237791674688,-0.5665634371554509,-0.019430843988381973,-0.027487226680304733,0,1,0,0
-0.9333060554149165,-0.12511051672947443,0.014082477025812928,-0.9373373718264307,0,1,0,0
-0.09325772738654309,-0.45620020704895675,-0.7495424803690536,-0.48532615079907193,0,0,1,0
0.12483783853176651,-0.12511051672947443,-0.35217024548645826,0.11565573050241244,0,1,0,0
0.1628777628198439,-0.3458369769424627,0.2630385759884024,0.5046549118539186,0,1,0,0
2.8339144465810038,-0.23547374683596853,0.1505295697264631,1.9109525140993922,0,0,0,1
-0.2897973362082758,-0.23547374683596853,-0.5747944493664665,-0.5359543214056818,0,1,0,0
0.6757827419707526,-0.676926667261945,-0.4957987641187217,-0.09559850656113954,0,0,1,0
-0.05268180814592728,1.7510643950809255,1.1846549038787588,0.36224041755762765,1,0,0,0
-0.031125851049350166,-0.5665634371554509,-0.680122029696793,-0.15314707458879676,0,0,1,0
1.6121988781955885,-0.5665634371554509,0.03562675482065238,0.6161097334771031,0,1,0,0
0.08172592433861228,-0.45620020704895675,-0.5436749369961428,-0.37897056938086976,0,0,1,0
-0.15285360877119758,-0.45620020704895675,-0.5724006407225954,-0.038049938533482305,0,0,1,0
-0.17060557343896704,-0.23547374683596853,-0.4024402270077506,-0.4066521590650593,0,1,0,0
-0.9333060554149165,-0.5665634371554509,-0.80938769646583,-1.150776997549261,0,0,1,0
-0.33354324913956473,-0.676926667261945,-0.558037788859369,-0.2565888044612948,0,0,1,0
0.20662367575113286,0.9785217843354668,1.2301372681123086,0.5603823226655109,1,0,0,0
-0.6987265223051066,0.6474320940159843,-0.07688225144128734,-0.7118781084775708,0,0,0,1
-0.0945257248628123,-0.45620020704895675,-0.019430843988381973,0.3083341639621004,0,1,0,0
0.40696727700167323,-0.23547374683596853,0.3444280698800187,0.39101470157145624,0,0,0,1
-1.1875395494068997,-0.014747286622980312,0.8064331381471321,-1.2196167403165217,0,0,0,1
2.1897717286362286,-0.45620020704895675,-0.639427282750985,2.034791204791819,0,0,1,0
0.8501323949577735,-0.676926667261945,-0.9817419188245459,0.7082602886099975,0,0,1,0
-1.2572794106017078,-0.5665634371554509,-0.3904711837883952,-0.9799524506823541,0,0,1,0
-0.6955565286144335,-0.5665634371554509,-0.80938769646583,-0.44016145184065725,0,0,1,0
-0.9060441096751277,-0.014747286622980312,-0.3593516714180717,-0.7989294234054828,0,1,0,0
-0.19596552296435182,-0.45620020704895675,-1.3623574932000435,-0.3975463729847338,0,0,1,0
-0.7215504768779529,-0.45620020704895675,0.2606447673445314,-0.4215856482367933,0,1,0,0
-1.2255794736949768,-0.5665634371554509,-0.5364935110645296,-1.0724672372584614,0,0,1,0
-0.19596552296435182,-0.45620020704895675,-0.11039557245548182,-0.36003053433379284,0,0,1,0
-0.5865087456552786,-0.5665634371554509,0.35400330445550265,-0.40300984463292927,0,1,0,0
-0.6816085563754718,-0.45620020704895675,-0.5676130234348533,-0.6667134095191563,0,1,0,0
-0.34749122137852634,-0.12511051672947443,-0.15827174533290317,-0.26023111889342504,0,1,0,0
0.14639379562834365,-0.3458369769424627,-0.5077678073380769,-0.6951234620897718,0,0,1,0
1.6952527128912236,0.42670563380299614,0.028445328889039372,0.9949104344186447,0,0,0,1
-1.21226550019415,-0.676926667261945,-0.30429407260903735,-1.1751805042445334,0,1,0,0
0.15336778174782467,-0.12511051672947443,0.48566277986841083,0.6791217731529556,1,0,0,0
0.03671201393105434,1.0888850144419608,1.3115267620039246,0.4860791082500547,1,0,0,0
2.6037729046381357,-0.45620020704895675,-0.7112415420671166,1.9870768857309131,0,0,1,0
-1.1025837184968603,-0.5665634371554509,-0.9338657459471247,-1.2269013691807822,0,0,1,0
1.631218840339627,-0.676926667261945,-1.1493085238955196,1.8348281424678707,0,0,1,0
0.5997028933945978,1.0888850144419608,1.775925638914909,2.0213146413929377,1,0,0,0
0.5534209855107707,-0.5665634371554509,0.1457419524387211,-0.21251679983251925,0,1,0,0
-1.2743973765313428,-0.676926667261945,-0.5388873197084006,-1.0236602238679167,0,0,1,0
0.39048330981017293,-0.3458369769424627,-0.6777282210529217,0.06866987432793278,0,0,1,0
-0.9681759860123206,-0.45620020704895675,-0.09363891194838436,-1.0764737831338045,0,1,0,0
-0.9041421134607239,2.0821540854004077,2.771750034765268,-1.0152829006740172,1,0,0,0
-0.7171124857110106,3.5168760767848313,2.7693562261213973,-0.7100569512615057,1,0,0,0
-0.48823894124441225,-0.3458369769424627,-0.6059139617367902,-1.1751805042445334,0,0,1,0
-0.957398007464032,-0.23547374683596853,-0.01703703534451097,-0.6328398853003452,0,1,0,0
-1.0956097323773797,-0.676926667261945,0.4712999280051844,-1.0120048176851,0,0,0,1
-0.2783853589218526,-0.3458369769424627,-0.7279982025742139,-0.6055225270593687,0,0,1,0
0.23578761770532525,-0.45620020704895675,-1.1349456720322932,0.633228611308115,0,0,1,0
0.984540127442313,-0.3458369769424627,-0.44552878259742956,0.454390972690522,0,0,1,0
1.7244166548454163,-0.676926667261945,-0.5029801900503349,0.5407138247320078,0,0,1,0
1.858824387329956,-0.23547374683596853,-0.0673070168658029,1.231296641063895,0,1,0,0
0.9579121804406593,-0.3458369769424627,-0.45510401717291377,0.027875952688074544,0,0,1,0
-0.8204542800269539,-0.12511051672947443,0.1170162487122682,-0.6925738419872807,0,1,0,0
1.1417718144996993,-0.676926667261945,-1.3623574932000435,0.9049452679450286,0,0,1,0
0.6998746940198683,-0.676926667261945,0.3396404525922762,0.9745134735987154,0,0,0,1
-0.6340586510153752,-0.3458369769424627,-0.7112415420671166,-0.5822117146937354,0,0,1,0
-0.8591282030531658,-0.45620020704895675,-0.14869651075741872,-0.9639262671809813,0,1,0,0
0.4995310927693278,-0.45620020704895675,-0.9578038323858351,0.4230670685742019,0,0,1,0
-0.7887543431202227,-0.12511051672947443,-0.3186569244722638,-0.6648922523030911,0,1,0,0
0.3942873022389806,-0.12511051672947443,-0.8452948261238956,0.24204404129733062,0,1,0,0
0.5052370814125395,-0.676926667261945,-1.0128614311948696,-0.07228769419550618,0,0,1,0
1.2153156681233153,-0.676926667261945,0.17446765616517357,0.39210739590109533,0,0,0,1
-0.9757839708699362,-0.5665634371554509,-0.8189629310413142,-0.9231323455411229,0,0,1,0
0.048757989955612,-0.5665634371554509,-0.7256043939303429,-0.043877641624890516,0,0,1,0
0.1501977880571515,0.09561594348351381,0.8638845456000375,-0.08503579470796196,0,0,0,1
-1.0290398648732444,-0.676926667261945,-0.9984985793316433,-0.9169404110065015,0,0,1,0
-0.5795347595357978,-0.3458369769424627,-0.7639053322322799,-0.7096927198182927,0,0,1,0
0.17048574767745941,-0.3458369769424627,-1.0894633077987432,0.17393276141649583,0,0,1,0
0.6637367659461949,-0.3458369769424627,-1.3144813203226224,0.3378369108623552,0,0,1,0
-0.6372286447060483,-0.5665634371554509,-0.8764143384942193,-0.33380587042245513,0,0,1,0
0.5553229817251746,-0.014747286622980312,-0.3210507331161348,0.6896844850061332,0,1,0,0
-0.6023587141086442,1.0888850144419608,2.290594497347186,-0.6029729069568777,1,0,0,0
-0.9567640087258975,-0.5665634371554509,-0.17263459719612917,-0.7417450868210386,0,1,0,0
0.5210870498659051,-0.676926667261945,-1.1014323510180986,0.4656821474301254,0,0,1,0
-0.5161348857223357,-0.12511051672947443,-0.11039557245548182,-0.452181089466687,0,0,0,1
-0.26633938289729475,-0.014747286622980312,-0.19417887499096864,0.17466122430292197,0,1,0,0
-0.868638184125185,-0.45620020704895675,-0.4048340356516216,-0.9890582367626797,0,0,1,0
-0.7057005084245873,-0.5665634371554509,-0.5939449185174349,-0.7064146368293756,0,0,1,0
2.8954123241800622,0.7577953241224785,-0.060125590934189885,3.757970162632621,0,0,0,1
-0.2942353273752182,-0.23547374683596853,0.1122286314245262,-0.5716490028405578,0,0,0,1
-0.0672637791230236,-0.5665634371554509,0.38512281682582655,0.014763620732405816,0,1,0,0
-1.0613738005181101,0.09561594348351381,-0.251630282443874,-0.8994573017322764,0,0,0,1
0.5451790019150204,3.7376025369978194,1.998549842794917,0.63140745409205,1,0,0,0
-0.2504894144439292,0.7577953241224785,0.4425742242787315,0.06939833721435894,0,0,0,1
-0.25365940813460236,-0.014747286622980312,-0.03139988720773699,-0.019838366372831265,0,1,0,0
1.4188292630645287,-0.23547374683596853,-0.45510401717291377,1.0910675354268822,0,1,0,0
-0.1623635898432168,0.42670563380299614,0.22473763768646593,-0.3297993245471119,0,0,0,1
-0.12051967312633179,1.9717908552939136,1.4096729164026378,0.597898161316452,1,0,0,0
-0.3151572857336606,-0.676926667261945,-0.2013603009225821,-0.3425474250595677,0,1,0,0
-1.1089237058782067,-0.676926667261945,-0.5867634925858217,-0.7395596981617605,0,0,1,0
0.5661009602734632,-0.3458369769424627,0.6053532120619636,0.5367072788566646,0,0,0,1
-0.26633938289729475,-0.676926667261945,0.02365771160129694,-0.3815201894833609,0,1,0,0
-0.28789533999387185,-0.3458369769424627,0.4377866069909895,-0.14549821428132356,0,1,0,0
-1.0385498459452636,3.5168760767848313,1.361796743525217,-0.7654201306298848,1,0,0,0
-0.011471890167176986,-0.45620020704895675,-0.771086758163893,-0.32724970444462076,0,0,1,0
3.0253820654976593,-0.12511051672947443,-0.3785021405690402,2.7271951783397714,0,1,0,0
-1.1114597008307452,-0.23547374683596853,-0.6202768136000166,-1.0007136429454964,0,1,0,0
-0.6086987014899903,-0.23547374683596853,-0.30190026396516634,-0.3079454379543306,0,1,0,0
-0.6302546585865674,-0.676926667261945,-0.8907771903574457,-1.0065413460369046,0,0,1,0
0.9572781817025243,-0.5665634371554509,-0.8046000791780877,0.5498196108123333,0,0,1,0
-0.9485220251301474,-0.3458369769424627,-0.7567239063006665,-0.557079745112037,0,0,1,0
1.6394608239353772,-0.5665634371554509,-0.9386533632348669,1.2436805101331379,0,0,1,0
0.8051184845502153,-0.676926667261945,-0.6298520481755009,0.2638979278901119,0,0,1,0
0.6688087558512718,-0.676926667261945,-0.459891634460656,0.44856326959911347,0,0,1,0
-1.448113030780229,0.6474320940159843,0.06435245854710528,-1.2789864655602443,0,0,0,1
-0.8654681904345121,0.20597917359000792,0.31809617479743674,-0.3053958178518397,1,0,0,0
0.20281968332232497,-0.45620020704895675,-0.4024402270077506,-0.24165531528956108,0,0,1,0
3.9960341335817646,3.296149616571843,0.2223438290425945,4.2638876372555075,1,0,0,0
-0.436885043455508,-0.014747286622980312,0.0021134338064574838,-0.5680066884084276,0,1,0,0
-0.8699061816014544,3.7376025369978194,1.4431862374168327,-0.43506221163567493,1,0,0,0
-0.44195703336058484,-0.3458369769424627,-1.1684589930464881,-0.3745997920623136,0,0,1,0
-0.7652963898092419,2.6339702359328783,2.515612509871065,-0.25221802714273867,1,0,0,0
0.025934035382765667,0.6474320940159843,2.7502057569704284,0.5880639123497003,1,0,0,0
-1.0994137248061873,-0.676926667261945,-0.5508563629277561,-0.9741247475909458,0,0,1,0
-1.3149732957719587,0.20597917359000792,0.5862027429109952,-1.206868639804066,0,0,0,1
-0.870540180339589,-0.676926667261945,-0.6777282210529217,-0.871411480604874,0,0,1,0
-0.10403570593483176,-0.676926667261945,-0.45271020852904276,-0.38443404102906503,0,0,1,0
-0.6581506030644907,-0.676926667261945,-0.5149492332696901,-0.6171779332421854,0,0,1,0
-0.7710023784524535,-0.676926667261945,0.049989606683878834,-0.8113132924747255,0,0,0,1
0.3042594814238645,-0.676926667261945,-0.9410471718787379,0.06502755989580253,0,0,1,0
1.3573313854654705,-0.676926667261945,-0.48622352954323744,1.0466312993548936,0,1,0,0
0.8837343280789085,-0.5665634371554509,-1.1349456720322932,0.6532613406848311,0,0,1,0
-1.1101917033544757,1.7510643950809255,2.192448342948473,-0.8863449697766077,1,0,0,0
-0.34558922516412244,-0.12511051672947443,0.2845828537832423,-0.48204806781015475,0,1,0,0
-0.10530370341110097,-0.5665634371554509,-0.033793695851608,-0.07556577718442349,0,1,0,0
0.6637367659461949,-0.45620020704895675,0.20079955124775503,0.4616756015547822,0,0,0,1
-1.1013157210205913,-0.676926667261945,-0.34020120226710326,-1.1555120063110302,0,0,1,0
-0.6118686951806634,-0.3458369769424627,0.30133951429033934,-0.3469182023781238,0,1,0,0
-0.48253295260120066,-0.3458369769424627,0.46172469342969996,-0.3491035910374021,0,1,0,0
-0.11798367817379336,-0.5665634371554509,-0.8692329125626064,-0.14149166840598035,0,0,1,0
-0.31769328068619923,-0.45620020704895675,-1.17324661033423,-0.14112743696276714,0,0,1,0
-0.24478342580071763,-0.676926667261945,-0.7998124618903457,-0.6929380734304937,0,0,1,0
0.05382997986068909,-0.676926667261945,-0.44074116530968754,0.07304065164648894,0,0,1,0
1.7630905778716282,-0.5665634371554509,0.0715338844787183,2.159722589813885,0,0,0,1
0.6269648391343865,-0.3458369769424627,-0.17502840584000018,0.0777756604082583,0,1,0,0
-1.016359890110552,-0.23547374683596853,-0.04336893042709244,-1.011640586241887,0,0,0,1
0.6016048896090017,-0.676926667261945,-0.7016663074916325,0.248600207275165,0,0,1,0
-0.8578602055768965,-0.676926667261945,0.8758535888193925,-0.8688618605023828,0,0,0,1
-0.7741723721431264,0.5370688639094903,0.20079955124775503,-0.8470079739096016,0,0,0,1
0.46529516091005824,-0.676926667261945,-1.1445209066077775,0.10909956452457807,0,0,1,0
-0.031125851049350166,-0.12511051672947443,0.04520198939613682,-0.32652124155819484,0,1,0,0
0.11342586124534335,-0.014747286622980312,0.46172469342969996,-0.1626170921123355,0,0,0,1
0.40569927952540374,-0.676926667261945,-0.8476886347677667,0.15062194905086246,0,0,1,0
-1.3130712995575546,-0.676926667261945,-0.9793481101806748,-1.2615033562860192,0,0,1,0
-0.9085801046276663,0.316342403696502,0.20319335989162604,-0.7297254491950088,0,0,0,1
0.5128450662701549,-0.45620020704895675,-0.16305936262064516,0.6762079216072515,0,1,0,0
-0.25492740561087157,0.6474320940159843,3.0949142016878604,0.5010125974217884,1,0,0,0
0.28523951927982577,-0.676926667261945,-0.6537901346142113,0.47187408196474684,0,0,1,0
-0.3310072541870261,-0.5665634371554509,-0.9027462335768011,-0.3381766477410115,0,0,1,0
1.152549793047988,-0.12511051672947443,0.3994856686890526,0.8514032457927145,0,0,0,1
2.6678067771897327,2.9650599262523607,3.2265736771007685,2.506106692309468,1,0,0,0
0.457053177314308,-0.45620020704895675,-0.17502840584000018,-0.08212194316225785,0,1,0,0
0.48494912179223165,-0.5665634371554509,-1.3623574932000435,0.030061341347352492,0,0,1,0
-0.8927301361743007,-0.676926667261945,-0.9937109620439011,-0.6434025971535229,0,0,1,0
-0.9199920819140894,-0.23547374683596853,-0.0720946341535449,-0.8295248646353766,0,1,0,0
0.7258686422833877,-0.45620020704895675,-1.2809679993084278,0.6394205458427364,0,0,1,0
1.3199254599155277,-0.676926667261945,-1.0200428571264828,1.0703063431637403,0,0,1,0
-1.1044857147112643,-0.45620020704895675,-1.0559499867845483,-0.6434025971535229,0,0,1,0
-1.0207978812774943,-0.12511051672947443,-0.33541358497936125,-0.7093284883750797,0,1,0,0
0.03924800888359277,0.6474320940159843,2.3145325837858963,0.6011762443053691,1,0,0,0
0.029104029073438818,-0.12511051672947443,-0.2181169614296795,-0.3002965776468574,0,1,0,0
-0.3119872920429874,-0.5665634371554509,-0.2013603009225821,-0.3236073900124907,0,1,0,0
0.951572193059313,-0.3458369769424627,-0.7303920112180852,-0.1851994415915427,0,0,1,0
0.4101372706923461,-0.23547374683596853,2.3791654171704146,1.2866598204322746,1,0,0,0
2.298819511595384,-0.5665634371554509,-0.5029801900503349,1.3485791657784878,0,0,1,0
-0.6651245891839717,0.20597917359000792,-0.05773178229031888,-0.47585613327553333,0,0,0,1
-0.9694439834885898,-0.3458369769424627,-0.8429010174800247,-1.0371367872667985,0,0,1,0
0.22183964546636367,-0.676926667261945,-0.7974186532464745,0.26717601087902926,0,0,1,0
-1.179931564549284,-0.23547374683596853,0.030839137532910378,-1.0884934207598342,0,1,0,0
0.0417840038361312,-0.3458369769424627,-0.9027462335768011,0.2380374954219874,0,0,1,0
0.3942873022389806,-0.5665634371554509,-0.7519362890129246,0.3112480155078048,0,0,1,0
-0.8819521576260122,-0.676926667261945,-0.7351796285058272,-0.820419078555051,0,1,0,0
-1.3530132200600358,0.7577953241224785,2.6496657939278445,-1.096506512510521,1,0,0,0
0.9534741892737169,-0.45620020704895675,-0.5029801900503349,0.3312807448845208,0,0,1,0
-0.18518754441606314,-0.45620020704895675,-0.4120154615832349,-0.07811539728691465,0,0,1,0
0.3296194309492492,-0.676926667261945,-0.25641789973161644,-0.009275654519653693,0,1,0,0
0.5901929123225786,-0.3458369769424627,-0.12236461567483725,0.46422522165727337,0,1,0,0
-1.366327193560863,-0.5665634371554509,0.35639711309937366,-1.2542187274217589,0,1,0,0
-0.25936539677781395,-0.45620020704895675,-1.1038261596619696,-0.5716490028405578,0,0,1,0
-0.3906031355716806,-0.3458369769424627,-0.8907771903574457,-0.5720132342837708,0,0,1,0
2.18723573368369,1.7510643950809255,1.6466599721458723,3.2870189065581847,1,0,0,0
-1.0220658787537633,-0.3458369769424627,-1.0272242830580958,-0.6510514574609962,0,0,1,0
-0.2485874182295253,-0.45620020704895675,-1.3240565548981065,-0.0034479514282452248,0,0,1,0
0.48938711295917403,-0.676926667261945,-0.9601976410297064,0.40886204228889433,0,0,1,0
-0.972613977179263,-0.676926667261945,-0.45031639988517175,-0.9307812058485964,0,0,1,0
2.357781394241903,-0.12511051672947443,-0.16784697990838718,1.0327905045127992,0,1,0,0
-0.24097943337191,1.5303379348679373,1.6203280770632909,0.1418803944137499,1,0,0,0
1.3040754914621622,0.42670563380299614,0.9907564037252032,1.7077113687865266,0,0,0,1
0.2250096391570368,-0.45620020704895675,-0.15109031940128972,-0.07556577718442349,0,0,1,0
-0.6993605210432412,-0.3458369769424627,0.32048998344130775,-0.5632716796466584,0,1,0,0
-0.0463418207645812,-0.23547374683596853,2.4509796764865466,0.8732571323854956,1,0,0,0
0.15970776912917073,-0.45620020704895675,-0.44552878259742956,-0.030765309669221787,0,0,1,0
0.745522603165561,-0.45620020704895675,-1.0631314127161617,0.043902136189447376,0,0,1,0
-0.18265154946352471,-0.676926667261945,-0.553250171571627,0.17684661296219992,0,1,0,0
0.9629841703457361,-0.5665634371554509,-0.9984985793316433,0.3345588278734379,0,0,1,0
-0.8730761752921274,-0.45620020704895675,-1.0056800052632562,-1.0192894465493605,0,0,1,0
-0.41913307878773853,0.6474320940159843,0.2678261932761448,0.09416607535284434,0,0,0,1
-0.6625885942314331,-0.3458369769424627,-1.2283042091432645,-1.011640586241887,0,0,1,0
0.5527869867726362,-0.5665634371554509,-1.08228188186713,0.7548819133412639,0,0,1,0
-1.2972213311041891,3.5168760767848313,2.151753596002665,-1.0214748352086385,1,0,0,0
0.048757989955612,3.8479657671043137,2.2475059417575065,0.6004477814189432,1,0,0,0
-0.5820707544883362,1.199248244548455,2.1852669170168597,-0.15351130603200996,1,0,0,0
-0.3709491746895074,-0.5665634371554509,-0.3928649924322662,-0.49042539100405425,0,0,1,0
0.7892685160968498,-0.12511051672947443,0.5718398910477687,0.7213726205656659,0,1,0,0
0.07665393443353542,-0.014747286622980312,-0.15109031940128972,-0.121823170472477,0,1,0,0
0.1368838145563244,-0.676926667261945,-0.12715223296257927,-0.1229158648021161,0,0,1,0
-0.7253544693067606,-0.23547374683596853,0.24867572412517638,-0.820419078555051,0,1,0,0
-0.9288680642479742,-0.3458369769424627,-0.9386533632348669,-0.8262467816464594,0,0,1,0
-1.15330361754763,-0.3458369769424627,-0.8524762520555089,-1.136936202707166,0,0,1,0
1.0257500454210637,-0.5665634371554509,-0.08166986872902934,1.29940792094473,0,1,0,0
0.48177912810155826,-0.5665634371554509,-0.558037788859369,-0.15970324056663138,0,0,1,0
-0.8667361879107812,-0.45620020704895675,-1.1971846967729407,-0.9213111883250578,0,0,1,0
-0.2923333311608142,1.5303379348679373,2.302563540566541,0.3848227670368348,1,0,0,0
-0.020981871239196214,0.6474320940159843,1.1415663482890799,0.4489275010423264,0,0,0,1
0.08426191929115094,-0.3458369769424627,-0.5101616159819481,0.23548787531949625,0,1,0,0
-1.1393556453086684,0.6474320940159843,1.0889025581239165,-0.9438935378042651,0,0,0,1
-1.306097313438074,-0.676926667261945,-0.30668788125290836,-1.2494837186599894,0,0,1,0
-0.403283110334373,-0.5665634371554509,-0.44792259124130057,-0.4998954085275927,0,1,0,0
0.985174126180448,1.4199747047614433,1.464730515211672,1.3930154018504768,1,0,0,0
-1.0582038068274366,-0.45620020704895675,0.3587909217432447,-1.309217675346925,0,1,0,0
0.10708587386399727,-0.5665634371554509,0.4377866069909895,0.42452399434705423,0,0,0,1
-0.04507382328831199,-0.45620020704895675,-0.9745604928929326,-0.2183445029239277,0,0,1,0
0.30489348016199896,0.20597917359000792,0.84712788509294,0.19360125934999892,0,0,0,1
-0.8952661311268392,-0.3458369769424627,-0.9027462335768011,-0.9384300661560697,0,0,1,0
-0.4654149866715659,-0.676926667261945,-0.6729406037651797,-0.6412172084942447,0,0,1,0
2.121933863655824,-0.45620020704895675,-0.905140042220672,1.0983521642911427,0,0,1,0
1.9013023027849756,2.0821540854004077,0.6149284466374476,4.033329133701665,1,0,0,0
0.5534209855107707,-0.5665634371554509,-0.5173430419135612,0.06612025422544163,0,0,1,0
0.02213004295395802,1.4199747047614433,2.6257277074891334,0.022776712483092234,1,0,0,0
2.1352478371566512,-0.5665634371554509,-0.7830558013832483,1.4272531575125005,0,0,1,0
0.9927821110380632,-0.5665634371554509,-0.34020120226710326,1.486987114199436,0,0,0,1
0.06777795209965068,-0.014747286622980312,-0.4263783134464611,0.42124591135813694,0,1,0,0
2.2024517033989204,-0.3458369769424627,-0.19417887499096864,1.7980407667033556,0,1,0,0
-0.4711209753147775,1.4199747047614433,3.1332151399897974,-0.3039388920789874,1,0,0,0
-0.2149854851083905,-0.3458369769424627,-0.467073060392269,-0.6900242218847895,0,0,1,0
0.26938955082646027,-0.45620020704895675,-0.7686929495200219,0.46021867578193015,0,0,1,0
0.32771743473484555,-0.45620020704895675,-1.029618091701967,0.2380374954219874,0,0,1,0
0.3086974725908069,-0.45620020704895675,-0.8189629310413142,-0.18337828437547768,0,0,1,0
-0.35446520749800714,-0.45620020704895675,-0.38328975785678215,-0.0030837199850322766,0,0,1,0
0.42345124419317326,-0.45620020704895675,-0.7543300976567956,0.5811435149286531,0,0,1,0
0.14702779436647836,0.42670563380299614,1.3187081879355376,0.4711456190783207,0,0,0,1
0.0829939218148815,0.6474320940159843,1.0194821074516558,0.10764263875172601,1,0,0,0
-0.08247974883825464,-0.014747286622980312,0.028445328889039372,0.4700529247486818,0,1,0,0
1.8302944441138982,-0.45620020704895675,-0.907533850864543,1.0214993297731954,0,0,1,0
-1.1729575784298034,-0.45620020704895675,0.27740142785162886,-0.8932653671976551,0,0,0,1
0.115961856197882,-0.45620020704895675,-1.0918571164426143,-0.20122562509291553,0,0,1,0
1.0460380050413716,-0.5665634371554509,-0.905140042220672,0.3815446840479178,0,0,1,0
-0.35826919992681483,1.5303379348679373,0.9763935518619767,0.11019225885421717,1,0,0,0
0.9686901589889475,-0.3458369769424627,-0.07688225144128734,0.9155079797982064,0,1,0,0
0.8723223507924853,-0.3458369769424627,0.33006521801679223,0.3666111948761838,0,1,0,0
-1.1209696819027644,-0.45620020704895675,-0.7088477334232455,-1.3995470732637543,0,0,1,0
-0.8299642610989731,-0.3458369769424627,-0.3593516714180717,-1.012369049128313,0,1,0,0
-1.4024651216345363,-0.45620020704895675,-0.22051077007355052,-1.2971980377208954,0,1,0,0
-0.5827047532264709,0.7577953241224785,0.2941580883587263,-0.9537277867710167,0,0,0,1
-0.9770519683462053,0.5370688639094903,-0.17502840584000018,-0.9147550223472234,0,0,0,1
1.1620597741200072,-0.45620020704895675,-0.6657591778335665,1.4349020178199738,0,0,1,0
0.30362548268572975,0.7577953241224785,3.2696622326904476,0.8991175648536204,1,0,0,0
-1.1254076730697067,-0.23547374683596853,-1.3623574932000435,-1.1453135259010656,0,1,0,0
-0.09008773369586993,-0.676926667261945,-0.7303920112180852,-0.8786961094691342,0,0,1,0
-0.4876049425062777,-0.676926667261945,-0.7064539247793744,-1.0058128831504787,0,0,1,0
2.393919322315577,-0.014747286622980312,0.27022000192001583,2.839742694292595,0,0,0,1
-1.04488983332661,-0.5665634371554509,-0.9434409805226089,-1.2083255655769183,0,0,1,0
-0.36397518857002636,-0.3458369769424627,-0.08406367737290035,-0.504266185846149,0,1,0,0
-1.1209696819027644,1.309611474654949,2.874683806451723,-0.6922096105440677,1,0,0,0
1.4384832239467022,-0.5665634371554509,-0.1774222144838716,1.787478054850178,0,1,0,0
-0.8920961374361661,-0.12511051672947443,1.3450400830181195,-0.8954507558569332,0,0,0,1
-0.716478486972876,-0.676926667261945,-0.9530162150980932,-0.8965434501865723,0,0,1,0
-0.6746345702559909,3.296149616571843,2.5706701086800994,-0.44853877503455675,1,0,0,0
-1.2401614446720732,-0.3458369769424627,-0.3210507331161348,-1.0863080321005563,0,1,0,0
0.06650995462338147,0.09561594348351381,-0.15587793668903216,0.28028834283469795,0,0,0,1
0.10708587386399727,1.5303379348679373,2.970436152206566,0.5516407680283983,1,0,0,0
-0.7145764907584721,-0.3458369769424627,0.16010480430194712,-0.5862182605690787,0,1,0,0
-0.28789533999387185,0.20597917359000792,1.299557718784569,0.05665023670190316,1,0,0,0
-1.3339932579159972,-0.5665634371554509,-0.6107015790245324,-1.429414051607222,0,1,0,0
1.6261468504345502,-0.12511051672947443,-0.3210507331161348,1.1762976931387292,0,0,0,1
-0.32022927563873765,-0.3458369769424627,-0.9099276595084143,-0.3039388920789874,0,0,1,0
-0.38679914314287295,0.42670563380299614,-0.019430843988381973,-0.3807917265969348,0,0,0,1
-0.5668547847731052,-0.45620020704895675,-1.0463747522090643,-0.646316448699227,0,0,1,0
-1.3504772251074975,-0.45620020704895675,-0.3569578627742007,-1.133658119718249,0,0,1,0
-0.41215909266825773,0.7577953241224785,0.00929485973807092,-0.13384280809850688,0,0,0,1
-0.3690471784751035,-0.45620020704895675,-0.4048340356516216,-0.3647655430955619,0,0,1,0
0.16034176786730547,-0.45620020704895675,-0.7136353507109877,-0.29556156888508806,0,1,0,0
0.440569210122808,4.068692227317301,0.8926102493264899,0.6823998561418729,1,0,0,0
-0.15602360246187072,-0.45620020704895675,-0.5245244678451744,-0.19576215344472025,0,0,1,0
-0.09832971729162017,-0.5665634371554509,-0.8189629310413142,-0.242019546732774,0,0,1,0
-0.48570294629187377,-0.014747286622980312,-0.30668788125290836,-0.6561506976659786,0,1,0,0
-0.07296976776623519,0.09561594348351381,2.1804792997291176,0.3895577757986042,1,0,0,0
-0.6549806093738177,0.6474320940159843,0.46411850207357136,-0.26715151631447237,0,0,0,1
-1.3200452856770355,-0.5665634371554509,-0.505373998694206,-1.1045196042612073,0,0,1,0
-0.49457892862575853,-0.45620020704895675,-0.6944848815600192,-0.24711878693775632,0,0,1,0
-0.48189895386306614,0.09561594348351381,-0.038581313139350426,-0.2627807389959162,0,0,0,1
0.46909915333886615,-0.45620020704895675,0.6508355762955135,0.7832919659118796,0,0,0,1
-0.47619296521985455,2.41324377571989,2.249899750401378,0.0766829660786192,1,0,0,0
-0.790022340596492,2.7443334660393726,3.037462794234955,-0.4689357358544859,1,0,0,0
-1.1926115393119765,-0.45620020704895675,-0.27317456023871345,-1.0542556650978103,0,0,1,0
-0.6600525992788947,-0.23547374683596853,0.46172469342969996,-0.35711668278808845,0,1,0,0
-1.0778577677096102,-0.5665634371554509,-0.682515838340664,-0.9723035903748807,0,0,1,0
0.6675407583750024,0.42670563380299614,1.0362387679587532,0.4478348067126876,0,0,0,1
0.3004554889950566,-0.5665634371554509,-0.12954604160645025,0.6700159870726301,0,1,0,0
-0.46731698288596984,0.316342403696502,0.9428802308477823,0.0777756604082583,0,0,0,1
-0.8680041853870505,-0.676926667261945,-0.40722784429549264,-0.7246262089900266,0,0,1,0
-0.8407422396472617,0.42670563380299614,-0.4383473566658163,-0.7384670038321214,0,0,0,1
-1.0138238951580134,-0.5665634371554509,-0.4263783134464611,-0.8677691661727438,0,0,1,0
-0.716478486972876,2.6339702359328783,1.7065051882426485,-0.41903602813430213,1,0,0,0
-1.1406236427849379,-0.676926667261945,-1.0248304744142247,-1.2338217666018296,0,0,1,0
-0.001961909095157755,-0.676926667261945,-0.4910111468309797,-0.18410674726190357,0,0,1,0
0.37970533126188427,-0.5665634371554509,-0.8452948261238956,-0.0803007859461926,0,0,1,0
-0.17694556082031312,-0.45620020704895675,-0.80938769646583,-0.5170142863586046,0,0,1,0
0.006914073238726981,-0.3458369769424627,-0.9697728756051905,-0.0777511658437017,0,0,1,0
-0.868638184125185,0.6474320940159843,0.8040393295032611,-0.4281418142146276,0,0,0,1
-0.15158561129492837,3.8479657671043137,2.8004757384917207,0.5833289035879313,1,0,0,0
0.46339316469565434,0.7577953241224785,0.7681321998451952,0.25807022479870373,0,0,0,1
-0.9802219620368784,-0.3458369769424627,-0.9673790669613194,-1.2159744258843914,0,0,1,0
0.3993592921440577,-0.45620020704895675,0.7441941134064848,0.11966227637775564,0,0,0,1
0.08869991045809308,-0.3458369769424627,-0.4910111468309797,0.23366671810343126,0,0,1,0
-0.48697094376814304,-0.12511051672947443,-0.2947188380335529,-0.31158775238646086,0,1,0,0
-0.22005747501346737,-0.5665634371554509,-0.7447548630813113,-0.4004602245304381,0,0,1,0
-0.9681759860123206,-0.3458369769424627,-0.6753344124090508,-1.0192894465493605,0,0,1,0
1.4308752390890864,-0.014747286622980312,-0.4359535480219453,0.9453749581416739,0,1,0,0
-0.8965341286031084,-0.014747286622980312,-0.15109031940128972,-0.8644910831838266,0,1,0,0
-0.6968245260907027,-0.5665634371554509,-0.5843696839419508,-1.013461743457952,0,0,1,0
-1.076589770233341,-0.45620020704895675,0.2941580883587263,-0.9282315857461052,0,1,0,0
3.2954655279430076,-0.45620020704895675,0.23191906361807893,2.4693193165449534,0,1,0,0
0.015790055572611716,3.627239306891325,2.2379307071820222,0.08797414081822293,1,0,0,0
-1.0252358724444366,-0.45620020704895675,-1.163671375758746,-1.0141902063443782,0,0,1,0
0.023398040430227234,-0.5665634371554509,-0.18939125770322662,-0.2846346255886975,0,1,0,0
2.084527938105881,-0.5665634371554509,-0.48622352954323744,1.0411678277066982,0,0,1,0
2.212595683209075,-0.12511051672947443,0.03562675482065238,1.5674822631495133,0,1,0,0
-0.8001663204066459,-0.5665634371554509,-0.005067992125155527,-0.5650928368627234,0,1,0,0
-1.205291514074669,-0.676926667261945,-0.254024091087745,-1.2866353258677177,0,0,1,0
-1.076589770233341,-0.676926667261945,-0.5412811283522718,-1.431235208823287,0,0,1,0
-1.3035613184855352,3.406512846678337,0.9596368913548793,-1.1981270851669537,1,0,0,0
-0.48887293998254694,3.406512846678337,2.0895145712620176,0.2329382552170051,1,0,0,0
4.476605177087808,-0.23547374683596853,-0.6442149000387271,4.96248354533808,0,1,0,0
1.6033228958617038,-0.45620020704895675,-0.9841357274684168,1.4039423451468673,0,0,1,0
-0.8971681273412431,0.5370688639094903,-0.33541358497936125,-0.5807547889208833,0,0,0,1
0.5794149337742899,-0.5665634371554509,-0.9721666842490616,-0.03914263286312141,0,0,1,0
1.3471874056553168,1.0888850144419608,0.8184021813664871,2.2329331098997023,1,0,0,0
-0.9821239582512823,-0.23547374683596853,0.10504720549291319,-0.8342598733971458,0,1,0,0
-0.3969431229530269,0.316342403696502,2.6688162630788126,0.4802514051586462,1,0,0,0
-0.5256448667943548,-0.45620020704895675,-0.12475842431870826,-0.6022444440704515,0,1,0,0
0.6681747571131372,-0.5665634371554509,-1.0942509250864854,1.021135098329982,0,0,1,0
-0.7069685059008567,-0.5665634371554509,-1.039193326277451,-0.575291317272688,0,0,1,0
2.117495872488882,-0.676926667261945,-0.5891573012296928,2.4980936005587817,0,0,1,0
1.9298322460010338,-0.45620020704895675,-0.684909646984535,1.1813969333437115,0,0,1,0
-0.10847369710177412,0.42670563380299614,-0.060125590934189885,0.22346823769346663,0,0,0,1
0.12230184357922809,-0.3458369769424627,-0.8668391039187351,-0.025666069464239473,0,0,1,0
-0.019079875024792504,-0.12511051672947443,0.5909903601987371,0.09380184390963113,0,0,0,1
-1.3904191456099784,0.09561594348351381,0.18164908209678657,-1.1759089671309595,0,0,0,1
-0.6816085563754718,-0.45620020704895675,-0.14390889346967672,-0.7523077986742162,0,0,1,0
-1.1399896440468031,-0.45620020704895675,-1.2594237215135882,-1.397725916047689,0,0,1,0
-0.0672637791230236,-0.12511051672947443,0.05238341532774984,-0.10069774676612185,0,1,0,0
-0.7012625172576451,-0.45620020704895675,0.1457419524387211,-0.8801530352419865,0,1,0,0
0.082359923076747,-0.23547374683596853,-0.11518318974322382,0.1003580098874655,0,1,0,0
-1.0265038699207056,-0.3458369769424627,-0.46467925174839797,-0.9901509310923188,0,0,1,0
1.0530119911608524,-0.3458369769424627,-0.814175313753572,0.8109735555960693,0,0,1,0
0.3511753880458264,-0.676926667261945,-0.816569122397443,0.35714117735264533,0,0,1,0
1.7694305652529745,-0.3458369769424627,-0.7830558013832483,1.467682847709146,0,1,0,0
0.31630545744842214,-0.3458369769424627,-0.0984265292361268,0.0945303067960573,0,1,0,0
-1.066445790423187,-0.45620020704895675,-1.0487685608529353,-1.0324017785050292,0,0,1,0
0.1571717741766323,-0.676926667261945,-0.6466087086825981,0.3250888103498994,0,0,0,1
-0.02795585735867724,2.6339702359328783,1.072145897616819,-0.04096379007918641,1,0,0,0
-1.0524978181842253,0.20597917359000792,-0.05773178229031888,-0.9391585290424957,0,0,0,1
0.35054138930769185,3.9583289972108076,1.1726858606594033,1.2684482482716235,1,0,0,0
0.5920949085369825,-0.45620020704895675,-1.0559499867845483,0.4598544443387172,0,1,0,0
-0.8458142295523388,-0.12511051672947443,0.19361812531614203,-0.573834391499836,0,1,0,0
1.7561165917521473,-0.45620020704895675,-0.9434409805226089,1.9328064006921732,0,0,1,0
-0.8052383103117229,-0.45620020704895675,-0.44552878259742956,-0.7927374888708614,0,0,1,0
2.7667105803387337,-0.676926667261945,-1.3168751289664933,1.3245398905264285,0,0,1,0
-0.6499086194687407,1.5303379348679373,1.6299033116387749,-0.3301635559903251,1,0,0,0
-0.8489842232430118,3.185786386465349,1.3857348299639274,-0.46929996729769896,1,0,0,0
-0.4039171090725077,-0.12511051672947443,0.09786577956129976,-0.7774397682559145,0,1,0,0
0.25861157227817183,-0.5665634371554509,0.12659148328775266,0.2883014345853844,0,0,0,1
-0.46161099424275825,2.6339702359328783,3.063794689317536,-0.2507611013698866,1,0,0,0
0.09884389026824704,-0.23547374683596853,-0.7830558013832483,-0.0773869344004885,0,1,0,0
-0.011471890167176986,-0.45620020704895675,-0.5987325358051769,-0.3039388920789874,0,0,1,0
-1.063275796732514,0.7577953241224785,0.46411850207357136,-0.9329665945078744,0,0,0,1
0.7975104996926,-0.23547374683596853,-0.12236461567483725,0.3101553211781657,0,1,0,0
0.26685355587392184,-0.3458369769424627,0.1170162487122682,0.37790236961578755,0,0,0,1
-0.5998227191561055,-0.45620020704895675,-0.8572638693432508,-0.28427039414548433,0,0,1,0
0.07031394705218912,-0.5665634371554509,-0.9410471718787379,-0.09996928387969595,0,0,1,0
-0.8711741790777235,-0.45620020704895675,-0.467073060392269,-0.8812457295716254,0,0,1,0
-0.8001663204066459,-0.3458369769424627,-0.7854496100271193,-0.960648184192064,0,0,1,0
-1.0810277614002832,-0.23547374683596853,0.0811091190542023,-1.2523975702056935,0,1,0,0
-0.33290925040143005,-0.45620020704895675,-1.1876094621974564,-0.3702290147437572,0,0,1,0
-0.7862183481676843,-0.45620020704895675,-0.5293120851329164,-0.8320744847378677,0,0,1,0
-0.3817271532377959,-0.12511051672947443,0.12419767464388165,-0.3403620364002895,0,1,0,0
-1.1273096692841107,-0.12511051672947443,-0.46946686903614,-0.9493570094524604,0,1,0,0
-0.3031113097091029,-0.676926667261945,-1.0990385423742275,-0.4594657183309474,0,0,1,0
-0.14461162517544757,-0.3458369769424627,-0.5628254061471113,-0.043877641624890516,0,1,0,0
0.21993764925195972,-0.45620020704895675,-1.1014323510180986,0.022048249596666077,0,0,1,0
-0.10276770845856255,0.42670563380299614,1.2612567804826327,0.13095345111735937,1,0,0,0
-1.0131898964198789,-0.5665634371554509,-0.682515838340664,-0.7708836022780802,0,0,1,0
-0.20357350782196734,-0.3458369769424627,-1.08228188186713,-0.47476343894589423,0,0,1,0
-1.1342836554035916,-0.45620020704895675,-0.8524762520555089,-1.2014051681558706,0,1,0,0
-1.205291514074669,-0.5665634371554509,-1.2474546782942328,-1.0112763547986738,0,0,1,0
-0.8692721828633196,-0.3458369769424627,-0.38328975785678215,-0.7508508729013641,0,1,0,0
1.3313374372019513,-0.5665634371554509,0.4832689712245398,1.230568178177469,0,1,0,0
0.9743961476321593,3.185786386465349,1.1008716013432716,1.9393625666700078,1,0,0,0
-0.45463700812327723,-0.12511051672947443,0.186436699384529,-0.6193633219014636,0,1,0,0
-0.06979977407556226,-0.45620020704895675,-0.30190026396516634,0.03625327588197391,0,0,1,0
-1.1748595746442072,0.8681585542289726,0.6484417676516425,-1.0921357351919645,1,0,0,0
-0.9770519683462053,1.199248244548455,0.4258175637716345,-0.4973457884251015,1,0,0,0
3.4862991481215286,-0.45620020704895675,0.7585569652697107,4.184485182635068,0,0,0,1
-0.967541987274186,-0.5665634371554509,0.48805658851228184,-1.049520656336041,0,1,0,0
-0.9827579569894169,-0.45620020704895675,-0.6705467951213088,-0.8939938300840812,0,0,1,0
-0.6423006346111252,-0.3458369769424627,-0.553250171571627,-0.7351889208432042,0,0,1,0
-0.10720569962550491,-0.5665634371554509,-0.2827497948141979,-0.5104581203807702,0,1,0,0
0.24339560256294077,2.41324377571989,2.580245343255583,0.509754152058901,1,0,0,0
0.29791949404251816,0.6474320940159843,0.1481357610825921,0.9020314163993245,0,0,0,1
-1.2946853361516508,-0.676926667261945,-1.1421270979639064,-1.2574968104106758,0,0,1,0
0.04431999878866963,-0.5665634371554509,-0.6130953876684034,0.18194585316718223,0,0,1,0
-0.02795585735867724,2.7443334660393726,2.395922077677512,0.5694881087458364,1,0,0,0
-1.4170470926116328,-0.5665634371554509,-0.8788081471380905,-1.431235208823287,0,0,1,0
2.2392236302107285,-0.45620020704895675,-1.034405708989709,1.4112269740111278,0,0,1,0
-0.36841317973696874,2.302880545613396,2.778931460696881,0.06065678257724637,1,0,0,0
1.498713104069491,-0.5665634371554509,-0.6944848815600192,1.685857482193745,0,0,1,0
-1.098145727329918,-0.45620020704895675,0.23191906361807893,-1.1842862903248588,0,1,0,0
-0.0742377652425044,-0.45620020704895675,-0.773480566807764,0.10691417586529986,0,0,1,0
-0.9269660680335702,-0.3458369769424627,-0.5867634925858217,-0.7574070388791985,0,0,1,0
-1.1875395494068997,-0.5665634371554509,-0.19417887499096864,-1.0670037656102662,0,1,0,0
0.3676593552373266,-0.676926667261945,0.7537693479819688,0.37608121239972225,0,0,0,1
-0.6448366295636637,-0.014747286622980312,1.7974699167097485,0.06284217123652458,1,0,0,0
3.9605302042462256,2.8546966961458664,2.4701301456375155,5.824619371423301,1,0,0,0
-1.3079993096524776,-0.014747286622980312,-0.04336893042709244,-1.2822645485491615,0,0,0,1
-0.47555896648171986,-0.5665634371554509,-1.1469147152516486,-0.5275769982117823,0,0,1,0
-0.03746583843069647,-0.45620020704895675,-0.5700068320787245,0.1407877000841108,0,1,0,0
0.007548071976861701,-0.5665634371554509,-0.9578038323858351,-0.0045406457578843285,0,0,1,0
-0.8464482282904733,-0.5665634371554509,-0.8381134001922824,-0.802935969280826,0,0,1,0
-1.1032177172349948,-0.5665634371554509,-0.4048340356516216,-1.117631936216876,0,1,0,0
-1.0112879002054749,0.316342403696502,0.20798097717936848,-1.046606804790337,0,0,0,1
-0.8179182850744154,-0.5665634371554509,-1.3025122771032671,-0.8954507558569332,0,0,1,0
0.0024760820717846127,0.7577953241224785,0.6963179405290634,0.34439307684018955,0,0,0,1
0.8805643343882351,-0.5665634371554509,-0.7375734371496981,1.1799400075708593,0,0,1,0
0.30489348016199896,-0.45620020704895675,1.117628261850369,0.5323365015381082,0,0,0,1
0.8894403167221198,-0.014747286622980312,0.6197160639251896,1.226561632302126,0,0,0,1
-1.2230434787424385,-0.23547374683596853,-0.596338727161306,-1.2538544959785458,0,1,0,0
0.8285764378611961,-0.23547374683596853,1.3833410213200563,1.2498724446677594,0,0,0,1
-0.07170177028996597,-0.5665634371554509,-0.44074116530968754,-0.1025189039821871,0,1,0,0
-0.7703683797143188,1.0888850144419608,2.5778515346117126,-0.6397602827213926,1,0,0,0
0.5293290334616549,-0.45620020704895675,-0.8812019557819616,0.6306789912056239,0,1,0,0
-1.0074839077766673,-0.676926667261945,-0.6513963259703404,-1.2352786923746817,0,0,1,0
1.6825727381285314,-0.3458369769424627,-0.5484625542838848,1.73466449558429,0,0,1,0
1.8271244504232247,-0.45620020704895675,-0.462285443104527,1.7310221811521596,0,0,1,0
-0.6898505399712218,0.7577953241224785,0.4401804156348605,-0.7876382486658791,0,0,0,1
1.4663791684246255,-0.5665634371554509,-0.24205504786839,1.681122473431976,0,1,0,0
-0.5078929021265857,1.309611474654949,1.5939961819807094,0.05737869958832906,1,0,0,0
0.5477149968675589,-0.676926667261945,-0.6896972642722772,0.7486899788066425,0,0,1,0
2.4402012301994036,-0.45620020704895675,-0.09124510330451335,1.1974231168450844,0,1,0,0
-0.7285244629974338,-0.5665634371554509,-0.5173430419135612,-0.7122423399207839,0,0,1,0
1.6305848416014925,-0.5665634371554509,-0.8572638693432508,1.0302408844103077,0,0,1,0
-0.2359074434668329,-0.676926667261945,1.0506016198219796,-0.014374894724636005,0,0,0,1
-1.294051337413516,0.7577953241224785,0.4521494588542159,-1.0957780496240948,0,0,0,1
1.4441892125899136,3.406512846678337,3.102095627619473,1.8716155182323861,1,0,0,0
0.7265026410215221,0.7577953241224785,0.37794139089421314,0.23475941243307036,0,0,0,1
-0.2619013917303524,0.316342403696502,0.8878226320387479,-0.20632486529789784,1,0,0,0
-1.074687774018937,-0.5665634371554509,-0.251630282443874,-0.994885939854088,0,1,0,0
-1.1323816591891875,-0.014747286622980312,-0.47425448632388223,-1.2826287799923746,0,1,0,0
1.0124360719202368,3.406512846678337,1.8740717933136222,1.6009915559251113,1,0,0,0
-0.5934827317747594,-0.3458369769424627,-0.04815654771483444,-0.6725411126105646,0,1,0,0
-0.7621263961185687,-0.014747286622980312,0.8351588418735846,-1.1332938882750359,0,0,0,1
-0.16299758858135152,-0.014747286622980312,-0.3114754985406504,-0.2172518085942886,0,0,0,1
-0.7215504768779529,-0.45620020704895675,0.22473763768646593,-0.7410166239346125,0,1,0,0
2.2056216970895943,-0.5665634371554509,-1.0056800052632562,1.2316608725071083,0,0,1,0
0.0963078953157086,-0.676926667261945,-0.7447548630813113,-0.011096811735718692,0,0,1,0
0.6707107520656757,-0.45620020704895675,-0.5867634925858217,0.1575423464719098,0,0,1,0
-0.855324210624358,-0.3458369769424627,-1.1708528016903592,-0.9358804460535786,0,0,1,0
-0.5072589033884509,-0.3458369769424627,-0.5652192147909822,-0.819690615668625,0,0,1,0
0.31059946880521055,-0.45620020704895675,-0.04815654771483444,0.2052566655328156,0,1,0,0
0.21232966439434442,0.5370688639094903,0.5909903601987371,0.49154257989824995,0,0,0,1
-1.1494996251188223,-0.3458369769424627,0.1457419524387211,-1.1576973949703084,0,0,0,1
0.645350802540291,0.20597917359000792,1.4886686016503825,1.0768625091415744,1,0,0,0
0.9839061287041785,-0.3458369769424627,-0.6202768136000166,0.07631873463540625,0,0,1,0
0.7493265955943684,-0.5665634371554509,-0.1391212761819347,0.861237494759466,0,1,0,0
0.0550979773369583,-0.3458369769424627,-0.7447548630813113,-0.20158985653612874,0,0,1,0
-1.1418916402612067,-0.3458369769424627,-1.1971846967729407,-1.1281946480700535,0,0,1,0
-0.8642001929582427,-0.676926667261945,-0.8452948261238956,-0.7238977461036005,0,0,1,0
0.5997028933945978,0.20597917359000792,0.4832689712245398,0.6980618082000328,0,0,0,1
3.4241672717843357,-0.3458369769424627,-0.3976526097200086,3.173378696275722,0,0,1,0
-0.5548088087485475,-0.3458369769424627,0.049989606683878834,-0.7147919600232749,0,1,0,0
0.3315214271636532,-0.676926667261945,-0.02182465263225298,-0.02821568956673063,0,0,0,1
-1.148231627642553,-0.45620020704895675,-0.6083077703806612,-1.0910430408623255,0,0,1,0
1.390299319848471,-0.014747286622980312,-0.467073060392269,1.0415320591499113,0,1,0,0
-0.5687567809875093,0.09561594348351381,-0.08406367737290035,-0.6860176760094463,0,0,0,1
-0.08945373495773544,0.316342403696502,2.6592410285033283,0.4973702829896584,1,0,0,0
-0.001961909095157755,-0.676926667261945,-0.8524762520555089,0.036981738768400066,0,0,1,0
0.36448936154665346,-0.676926667261945,-0.5364935110645296,0.6747509958343995,0,0,1,0
0.27446154073153733,-0.3458369769424627,-1.2809679993084278,-0.14076320551955418,0,0,1,0
-0.7881203443820881,-0.45620020704895675,-0.9027462335768011,-0.8470079739096016,0,0,1,0
0.5046030826744046,2.8546966961458664,2.589820577831068,1.087060989551539,1,0,0,0
0.48431512305409674,-0.676926667261945,-0.2779621775264559,0.24350096707018268,0,1,0,0
-0.7919243368108959,-0.014747286622980312,0.24867572412517638,-1.1482273774467697,0,1,0,0
0.3778033350474806,1.199248244548455,3.329507448787224,0.4671390732029775,1,0,0,0
-0.878782163935339,3.296149616571843,3.195454164730444,-0.6940307677601328,1,0,0,0
0.3264494372585761,-0.3458369769424627,-1.1828218449097143,-0.04023532719276051,0,0,1,0
-0.6854125488042796,-0.5665634371554509,-1.0751004559355168,-0.7147919600232749,0,0,1,0
0.7486925968562339,-0.3458369769424627,-0.8357195915484115,0.8867336957843776,0,0,1,0
-0.005131902785830682,-0.45620020704895675,-0.7184229679987297,-0.23036414054995732,0,0,1,0
-0.28092135387439104,-0.5665634371554509,-0.5364935110645296,-0.1724513410790869,0,1,0,0
0.7867325211443114,0.316342403696502,0.5479018046090582,0.19760780522534213,0,0,0,1
0.3790713325237498,-0.23547374683596853,-0.46946686903614,-0.056625742137346294,0,1,0,0
0.8913423129365238,3.9583289972108076,1.751987552476199,2.047175073861062,1,0,0,0
1.3528933942985282,-0.5665634371554509,-0.9984985793316433,0.83756245095062,0,0,1,0
0.14702779436647836,-0.3458369769424627,-0.9817419188245459,-0.12437279057496814,0,0,1,0
0.8945123066271972,0.9785217843354668,1.828589429080072,1.4480143497756426,1,0,0,0
-0.2023055103456981,-0.45620020704895675,-0.6274582395316296,-0.11672393026749468,0,0,1,0
0.4133072643830193,-0.3458369769424627,0.418636137840021,0.614652807704251,0,0,0,1
-1.2775673702220158,3.296149616571843,3.176303695579476,-1.2309079150561255,1,0,0,0
-0.09072173243400465,0.5370688639094903,-0.48622352954323744,-0.059903825126263605,0,0,0,1
-0.6334246522772405,-0.3458369769424627,-0.8620514866309931,-0.9326023630646614,0,0,1,0
-0.833768253527781,-0.3458369769424627,-0.7758743754516351,-0.6251910249928719,0,0,1,0
0.5965328997039249,-0.676926667261945,-0.6322458568193718,0.07413334597612804,0,0,1,0
0.11849785115042044,-0.3458369769424627,-0.5149492332696901,-0.2380130008574308,0,1,0,0
-1.181833560763688,-0.3458369769424627,-0.687303455628406,-1.3044826665851559,0,0,1,0
-0.026053861144273303,-0.014747286622980312,-0.04815654771483444,-0.6718126497241385,0,1,0,0
1.0390640189218905,-0.676926667261945,-1.2642113388013303,0.7916692891057792,0,0,1,0
-1.0854657525672258,3.296149616571843,2.5706701086800994,-0.7901878687683702,1,0,0,0
-0.6524446144212791,-0.45620020704895675,-0.9386533632348669,-0.8400875764885541,0,0,1,0
-0.12685966050767808,3.627239306891325,2.4797053802129994,0.6995187339728849,1,0,0,0
-0.6974585248288373,-0.23547374683596853,0.4401804156348605,-0.7646916677434588,0,1,0,0
2.120665866179555,-0.3458369769424627,-1.0583437954284196,0.8044173896182347,0,0,1,0
-1.1520356200713608,-0.5665634371554509,-0.7854496100271193,-0.9883297738762536,0,0,0,1
-0.9421820377488012,-0.014747286622980312,-0.2013603009225821,-0.8040286636104651,0,0,0,1
0.7087506763537531,-0.676926667261945,-1.3623574932000435,0.38445853559362186,0,0,1,0
0.33595941833059556,0.316342403696502,0.9093669098335874,-0.2999323462036442,0,0,0,1
-1.0220658787537633,-0.23547374683596853,-0.6035201530929192,-0.9369731403832177,0,1,0,0
0.6358408214682713,0.8681585542289726,1.7208680401058747,2.091247078489837,1,0,0,0
1.6901807229861467,-0.12511051672947443,-0.06491320822193189,1.6202958224154016,0,1,0,0
-0.37411916838018033,-0.5665634371554509,-0.18460364041548463,-0.4481745435913438,0,0,1,0
-0.21244949015585207,-0.45620020704895675,-1.1157952028813247,-0.2110598740596672,0,0,1,0
-0.05394980562219673,-0.3458369769424627,0.2654323846322738,0.37280312941080523,0,0,0,1
-0.6556146081119523,-0.45620020704895675,0.006901051094199916,-0.6131713873668422,0,1,0,0
-0.8451802308142041,-0.5665634371554509,-0.778268184095506,-0.9380658347128568,0,1,0,0
1.2977355040808163,0.5370688639094903,0.5287513354580897,1.5339729703739153,0,0,0,1
0.6795867343995604,-0.45620020704895675,-0.34020120226710326,-0.06172498234232861,0,0,1,0
0.9357222246059475,-0.23547374683596853,-0.23487362193677655,1.1883173307647588,0,0,0,1
-1.2718613815788042,-0.23547374683596853,0.3659723476748581,-1.222530591862226,0,1,0,0
0.9826381312279096,3.9583289972108076,2.2235678553187963,1.3285464364017716,1,0,0,0
-0.5078929021265857,-0.45620020704895675,-0.7830558013832483,-0.8801530352419865,0,0,1,0
1.2324336340529503,-0.5665634371554509,-0.5317058937767876,0.7377630355102519,0,0,1,0
-0.6961905273525681,-0.5665634371554509,-0.47904210361162425,-0.628104876538576,0,0,1,0
1.2882255230087967,0.5370688639094903,0.3611847303871157,0.9060379622746677,0,0,0,1
-1.3137052982956892,-0.23547374683596853,0.0787153104103313,-1.2782580026738184,0,0,0,1
0.218035653037556,-0.45620020704895675,-0.814175313753572,0.26644754799260306,0,0,1,0
-0.5269128642706241,-0.676926667261945,-1.1517023325393907,-0.6138998502532682,0,0,1,0
-0.9986079254427824,-0.5665634371554509,-0.8931709990013168,-0.960648184192064,0,0,1,0
0.7125546687825605,-0.5665634371554509,-1.0415871349213222,0.10108647277389166,0,0,1,0
0.591460909798848,-0.12511051672947443,-0.47664829496775324,0.5731304231779667,0,1,0,0
0.9046562864373509,-0.676926667261945,-0.7232105852864719,0.9224283772192537,0,0,1,0
-0.1813835519872555,-0.5665634371554509,-0.6490025173264691,-0.6022444440704515,0,0,1,0
0.5686369552260017,-0.676926667261945,-1.0248304744142247,0.3385653737487813,0,0,1,0
1.1500137980954492,-0.45620020704895675,-0.6154891963122744,0.4598544443387172,0,0,1,0
-0.8210882787650885,-0.3458369769424627,-0.5987325358051769,-0.6827395930205291,0,0,1,0
-1.0398178434215328,-0.014747286622980312,0.3252776007290502,-1.0761095516905916,0,1,0,0
1.803666497112244,-0.45620020704895675,-0.8285381656167982,1.1992442740611493,0,1,0,0
0.6681747571131372,-0.5665634371554509,-0.41680307887097684,0.04208097897338238,0,0,1,0
-1.0531318169223598,0.20597917359000792,1.8525275155187828,-1.0881291893166212,1,0,0,0
1.1620597741200072,-0.23547374683596853,-0.05294416500257645,0.9369976349477742,0,1,0,0
-0.724720470568626,-0.014747286622980312,-0.4144092702271059,-0.9038280790508327,0,1,0,0
0.8615443722441967,-0.3458369769424627,-0.9984985793316433,0.5938916154411089,0,0,1,0
0.6174548580623673,-0.3458369769424627,0.12419767464388165,0.5399853618455817,0,0,0,1
1.0904179167107948,-0.3458369769424627,-0.8668391039187351,0.5184957066960135,0,0,1,0
-0.3874331418810074,-0.676926667261945,-0.8883833817135746,-0.3454612766052718,0,0,1,0
1.356063387989201,-0.676926667261945,-0.9673790669613194,0.26972563098152036,0,0,1,0
-0.8978021260793777,0.42670563380299614,0.0428081807522654,-1.0087267346961828,0,0,0,1
-0.8515202181955503,0.6474320940159843,0.27979523649549987,-1.0025348001615615,0,0,0,1
-0.1744095658677747,-0.3458369769424627,-0.25881170837548745,-0.45473070956917816,0,0,1,0
-0.8375722459565886,0.42670563380299614,2.012912694658144,-0.22817875189067913,1,0,0,0
2.297551514119114,-0.3458369769424627,-0.5843696839419508,2.5461721510629003,0,0,1,0
-0.5700247784637784,-0.3458369769424627,-1.3623574932000435,-0.7231692832171744,0,0,1,0
0.6269648391343865,-0.676926667261945,-0.7878434186709903,0.05956408824760726,0,0,1,0
-1.2173374900992269,-0.5665634371554509,-0.033793695851608,-1.2174313516572437,0,1,0,0
-1.0201638825393595,-0.12511051672947443,-0.02900607856386599,-1.0884934207598342,0,1,0,0
0.5166490586989627,-0.45620020704895675,0.17686146480904458,0.9169649055710583,0,0,0,1
-0.34241923147344927,-0.3458369769424627,-0.8883833817135746,-0.7016796280676062,0,0,1,0
-0.23907743715750604,-0.23547374683596853,0.17207384752130256,-0.15314707458879676,0,1,0,0
-0.7684663834999149,-0.45620020704895675,-0.7686929495200219,-0.8531999084442229,0,0,1,0
1.3655733690612208,-0.014747286622980312,-0.682515838340664,0.3698892778651011,0,1,0,0
0.07918992938607385,0.42670563380299614,0.27022000192001583,0.318896875815278,0,0,0,1
-0.10023171350602389,0.316342403696502,0.404273285976795,0.21909746037491049,0,0,0,1
0.6580307773029831,3.185786386465349,2.5371567876659045,0.4387290206323621,1,0,0,0
-0.17884755703471705,0.7577953241224785,0.13856052650710768,0.23876595830841357,0,0,0,1
-0.6543466106356831,-0.676926667261945,0.2845828537832423,-0.7701551393916541,0,0,0,1
1.1322618334276802,-0.5665634371554509,-0.7974186532464745,1.3456653142327837,0,0,1,0
1.9666041728128416,-0.676926667261945,-1.1397332893200354,1.704797517240822,0,0,1,0
-1.0930737374248412,-0.45620020704895675,0.1074410141367842,-0.8379021878292761,0,1,0,0
-0.6676605841365101,-0.45620020704895675,-0.5556439802154981,-0.906741930596537,0,0,1,0
-0.9650059923216476,2.523607005826384,1.6538413980774858,-0.6667134095191563,1,0,0,0
-0.9859279506800901,-0.45620020704895675,-0.7902372273148615,-1.1704454954827639,0,0,1,0
0.30489348016199896,0.6474320940159843,2.290594497347186,0.7483257473634297,1,0,0,0
1.376351347609509,0.5370688639094903,-0.25641789973161644,1.2607993879641497,0,0,0,1
0.9959521047287362,-0.014747286622980312,-0.1367274675380637,0.25661329902585167,0,1,0,0
-0.8692721828633196,-0.676926667261945,-1.1708528016903592,-0.8484648996824536,0,1,0,0
-0.9016061185081854,0.5370688639094903,0.9237297616968139,-0.258774193120573,1,0,0,0
-0.6397646396585868,-0.3458369769424627,-0.32823215904774783,-0.5851255662394396,0,0,1,0
-1.2211414825280344,2.192517315506902,1.4264295769097353,-0.7566785759927724,1,0,0,0
0.677050739447022,-0.676926667261945,-0.5700068320787245,0.12658267379880322,0,0,1,0
-0.7443744314507993,2.8546966961458664,1.819014194504588,-0.47476343894589423,1,0,0,0
-0.43751904219364246,-0.676926667261945,0.38272900818195515,-0.4317841286467579,0,0,0,1
0.1489297905808823,0.7577953241224785,-0.9554100237419642,-0.03550031843099115,0,0,0,1
0.17302174262999784,0.5370688639094903,1.50542526215748,1.0408035962634856,1,0,0,0
-0.7843163519532804,-0.45620020704895675,0.1792552734529156,-0.8149556069068556,0,0,1,0
-1.2959533336279196,-0.3458369769424627,-0.8668391039187351,-1.1332938882750359,0,0,1,0
-0.33290925040143005,0.7577953241224785,0.5455079959651872,0.070855262987211,0,0,0,1
0.32010944987723,-0.3458369769424627,0.1888305080284,-0.07593000862763644,0,1,0,0
2.5866549387085014,1.6407011649744314,2.623333898845262,4.552723171723432,1,0,0,0
-1.337797250344805,2.9650599262523607,1.6945361450232932,-0.8633983888541875,1,0,0,0
0.8431584088382926,-0.5665634371554509,0.18164908209678657,0.9654076875183899,0,1,0,0
-1.1995855254314576,-0.23547374683596853,-0.02182465263225298,-1.1398500542528702,0,1,0,0
-0.8997041222937815,1.9717908552939136,2.0296693551652414,-0.575291317272688,1,0,0,0
2.821234471818311,-0.23547374683596853,-0.4574978258167848,1.4818878739944537,0,1,0,0
3.9421442408403213,0.6474320940159843,1.0051192555884296,4.9828805061580095,0,0,0,1
-0.5104288970791241,-0.5665634371554509,-0.36413928870581375,-0.6313829595274932,0,1,0,0
-0.9117500983183393,-0.5665634371554509,-0.8907771903574457,-0.7122423399207839,0,0,1,0
-0.7481784238796071,-0.676926667261945,-0.44313497395355855,-0.8058498208265301,0,1,0,0
-1.4233870799929786,1.7510643950809255,2.534762979022034,-1.2629602820588715,1,0,0,0
-0.19976951539315946,-0.676926667261945,0.2941580883587263,-0.3403620364002895,0,1,0,0
-0.30754930087604526,-0.23547374683596853,-0.4120154615832349,-0.20195408797934167,0,0,0,1
0.7220646498545797,-0.12511051672947443,2.2427183244697644,0.5297868814356173,1,0,0,0
0.5191850536515011,-0.23547374683596853,-0.15348412804516073,0.39684240466286447,0,1,0,0
0.8539363873865813,-0.45620020704895675,-0.7447548630813113,0.4292590031088233,0,0,1,0
-1.1824675595018226,-0.5665634371554509,-0.8261443569729272,-1.2334575351586166,0,0,1,0
-0.08818573748146623,3.296149616571843,2.2427183244697644,-0.023844912248174473,1,0,0,0
0.5559569804633091,3.627239306891325,2.652059602571715,1.5055629178032996,1,0,0,0
-0.3887011393572767,-0.3458369769424627,-0.5029801900503349,-0.6860176760094463,0,1,0,0
-0.4590749992902196,-0.3458369769424627,-1.1110075855935828,-0.997071328513366,0,0,1,0
0.34356740318821105,-0.12511051672947443,0.0428081807522654,0.37280312941080523,0,1,0,0
-1.016359890110552,-0.23547374683596853,0.3420342612361472,-0.7701551393916541,0,0,0,1
-0.6518106156831446,-0.3458369769424627,-0.553250171571627,-0.8404518079317672,0,0,1,0
0.36575735902292267,-0.676926667261945,-0.639427282750985,0.13131768256057233,0,0,1,0
0.006280074500592485,-0.23547374683596853,0.7441941134064848,0.06757717999829368,0,0,0,1
-1.448113030780229,-0.3458369769424627,-0.7543300976567956,-1.3496473655435701,0,0,1,0
0.06016996724203517,-0.676926667261945,-0.6490025173264691,-0.32215046423963845,0,0,1,0
1.0263840441591983,0.42670563380299614,0.9524554654232663,0.8626944205323183,0,0,0,1
1.768162567776705,2.302880545613396,2.786112886628494,2.2234630923761642,1,0,0,0
-0.9941699342758401,-0.3458369769424627,-0.060125590934189885,-0.8969076816297853,0,0,0,1
-0.17757955955844784,-0.676926667261945,-0.9889233447561591,-0.27370768229230674,0,0,1,0
0.03798001140732355,0.6474320940159843,0.2678261932761448,-0.2784426910540761,0,0,0,1
2.12003186744142,-0.45620020704895675,-0.36413928870581375,1.980156488309866,0,0,1,0
0.812092470669696,-0.12511051672947443,-0.4215906961587191,1.15225841788667,0,0,0,1
-0.3550992062361419,-0.12511051672947443,-0.45031639988517175,-0.2751646080651588,0,0,0,1
1.5278770460236835,0.42670563380299614,-0.19178506634709763,1.643606634781035,0,0,0,1
0.24719959499174843,-0.676926667261945,-1.0104676225509985,0.23985865263805267,0,0,1,0
-0.7069685059008567,0.5370688639094903,2.903409510178176,-0.15351130603200996,1,0,0,0
2.0712139646050542,0.6474320940159843,1.8573151328065247,2.788386060799559,1,0,0,0
0.6986066965435989,1.309611474654949,1.7448061265445856,2.2522373763899926,1,0,0,0
-0.8255262699320308,-0.45620020704895675,-0.9697728756051905,-0.6517799203474224,0,0,1,0
0.7423526094748877,-0.5665634371554509,-0.996104770687772,-0.049705344716298984,0,0,1,0
-0.7614923973804341,-0.3458369769424627,-1.1157952028813247,-0.7876382486658791,0,0,1,0
1.834098436542706,-0.3458369769424627,0.2534633414129184,0.9169649055710583,0,1,0,0
0.6060428807759441,-0.5665634371554509,-0.9314719373032537,0.10800687019493897,0,0,1,0
0.1165958549360165,0.6474320940159843,0.9261235703406848,0.4693244618622557,0,0,0,1
-1.448113030780229,-0.3458369769424627,-0.20375410956645307,-1.431235208823287,0,1,0,0
-0.2904313349464103,-0.3458369769424627,-0.9314719373032537,-0.6186348590150376,0,0,1,0
2.149829808133747,-0.23547374683596853,0.028445328889039372,1.9175086800772263,0,1,0,0
-0.41786508131146927,-0.45620020704895675,0.5191761008826054,-0.23327799209566144,0,0,0,1
-1.1926115393119765,-0.45620020704895675,-0.6466087086825981,-1.1740878099148941,0,0,1,0
1.2254596479334694,-0.676926667261945,-0.7615115235884088,0.7093529829396366,0,0,1,0
0.1229358423173628,0.42670563380299614,-0.2899312207458109,0.5410780561752208,0,0,0,1
0.6491547949690983,1.9717908552939136,2.786112886628494,0.8481251628037972,1,0,0,0
-0.3253012655438145,-0.676926667261945,-1.0966447337303564,-0.1695374895333828,0,0,1,0
-1.2972213311041891,-0.12511051672947443,0.5718398910477687,-0.9613766470784901,0,0,0,1
2.263949580997979,-0.12511051672947443,-0.6777282210529217,1.8144311816479415,0,1,0,0
-0.9738819746555322,3.8479657671043137,1.4048852991148957,-0.312316215272887,1,0,0,0
0.31503745997215293,-0.3458369769424627,-0.8907771903574457,0.3207180330313433,0,0,1,0
2.9429622295401585,-0.5665634371554509,-1.3623574932000435,1.9368129465675166,0,0,1,0
1.0194100580397174,-0.5665634371554509,-0.5628254061471113,0.6459767118205708,0,0,1,0
2.2677535734267864,3.296149616571843,3.4635607328440026,2.7709029515253345,1,0,0,0
0.9756641451084282,-0.45620020704895675,-0.7830558013832483,0.5636604056544282,0,0,1,0
0.13624981581818968,-0.3458369769424627,-0.7639053322322799,-0.2835419312590584,0,1,0,0
-1.0601058030418407,0.6474320940159843,1.0314511506710111,-0.5505235791342026,1,0,0,0
-0.10023171350602389,1.199248244548455,2.4653425283497725,0.7435907386016601,1,0,0,0
-1.0429878371122059,3.406512846678337,0.8399464591613266,-0.7483012527988729,1,0,0,0
0.38287532495255744,-0.3458369769424627,-0.4718606776800112,-0.1615243977826964,0,0,1,0
-1.1850035544543611,1.309611474654949,1.8381646636555569,-1.0141902063443782,1,0,0,0
-0.3195952769006029,-0.3458369769424627,-0.6681529864774376,-0.31377314104573906,0,1,0,0
3.7608206017338195,-0.014747286622980312,-0.5700068320787245,3.639959175031602,0,1,0,0
-0.2599993955159487,-0.45620020704895675,-0.6370334741071139,-0.49078962244726715,0,0,1,0
-1.448113030780229,-0.5665634371554509,-1.08228188186713,-1.344183893895375,0,0,1,0
-0.6010907166323749,0.42670563380299614,-0.17263459719612917,-0.2380130008574308,0,0,0,1
-1.416413093873498,-0.45620020704895675,-0.9937109620439011,-1.313224221222268,0,0,1,0
1.6413628201497807,-0.3458369769424627,-0.9889233447561591,1.2414951214738597,0,0,1,0
-0.682876553851741,-0.3458369769424627,-1.3623574932000435,-0.6659849466327301,0,0,1,0
0.4944591028642509,-0.23547374683596853,2.0775455280426622,1.297586763728665,1,0,0,0
0.8919763116746583,-0.676926667261945,-0.6178830049561455,0.9989169802939879,0,0,1,0
0.2991874915187874,-0.45620020704895675,-0.48861733818710845,0.5501838422555463,0,0,1,0
1.3085134826291045,1.4199747047614433,2.5970020037626806,1.9517464357392502,1,0,0,0
-0.3050133059235066,-0.014747286622980312,0.02365771160129694,0.20270704543032445,0,1,0,0
0.008816069453130916,3.7376025369978194,1.3857348299639274,-0.0813934802758317,1,0,0,0
-0.3912371343098151,-0.3458369769424627,-0.38328975785678215,-0.3043031235222006,0,1,0,0
-0.15348760750933207,-0.12511051672947443,1.0817211321923035,-0.016560283383913955,0,0,0,1
-0.4641469891952967,-0.676926667261945,-1.0679190300039036,-0.7432020125938906,0,0,1,0
-0.6106006977043942,0.09561594348351381,0.5885965515548661,-0.2132452627189454,0,0,0,1
-1.3244832768439778,-0.676926667261945,-0.8548700606993799,-1.0830299491116389,0,0,1,0
0.028470030335304097,4.068692227317301,2.173297873797504,0.12184766503703386,1,0,0,0
-0.426741063645354,-0.12511051672947443,0.05717103261549184,-0.3837055781426391,0,1,0,0
0.9553761854881204,-0.014747286622980312,2.2666564109084755,0.8845483071250994,1,0,0,0
1.4296072416128174,-0.676926667261945,-0.4574978258167848,0.3134334041670827,0,0,1,0
-0.6911185374474912,0.6474320940159843,0.9931502123690742,-0.5377754786217468,0,0,0,1
0.7943405060019266,-0.3458369769424627,-0.7926310359587325,0.8102450927096434,0,0,1,0
0.8254064441705232,-0.3458369769424627,-0.6035201530929192,0.5206810953552917,0,0,1,0
-0.38109315449966136,-0.5665634371554509,-0.6633653691896956,-0.2336422235388744,0,0,1,0
-0.4381530409317772,-0.45620020704895675,-1.039193326277451,-0.4743992075026813,0,0,1,0
-0.2967713223277566,0.5370688639094903,0.12659148328775266,-0.43688336885174023,0,0,0,1
0.18443371991642102,0.6474320940159843,1.105659218631014,1.3085137070250557,1,0,0,0
0.22120564672822893,-0.45620020704895675,-0.6035201530929192,0.013670926402766712,0,0,1,0
0.9388922182966204,-0.45620020704895675,-0.6896972642722772,0.4259809201199063,0,0,1,0
0.5267930385091164,-0.676926667261945,-0.6561839432580823,0.32326765313383443,0,0,1,0
-0.6245486699433559,-0.5665634371554509,-0.6705467951213088,-0.47767729049159846,0,0,1,0
1.0358940252312174,-0.12511051672947443,0.20319335989162604,0.48644333969326764,0,1,0,0
-0.7652963898092419,0.7577953241224785,0.8399464591613266,-0.5366827842921078,0,0,0,1
-0.2752153652311795,4.068692227317301,2.467736336993644,-0.011825274622144848,1,0,0,0
-0.5193048794130088,-0.676926667261945,-0.7351796285058272,-0.557808207998463,0,0,1,0
-0.48823894124441225,-0.45620020704895675,-0.5197368505574324,-0.942800843474626,0,0,1,0
-0.5066249046503162,-0.45620020704895675,-0.5173430419135612,-0.6514156889042093,0,0,1,0
1.3205594586536626,-0.3458369769424627,0.2917642797148553,1.2338462611663865,0,0,0,1
-0.41406108888266163,-0.676926667261945,-0.7016663074916325,-0.37095747763018333,0,0,1,0
-0.5129648920316625,-0.5665634371554509,-0.905140042220672,-0.62737641365215,0,0,1,0
-0.9003381210319161,2.8546966961458664,1.1798672865910163,-0.9442577692474781,1,0,0,0
0.2985534927806529,0.42670563380299614,0.17686146480904458,0.20780628563530673,0,0,0,1
-0.4654149866715659,-0.5665634371554509,-0.38328975785678215,-0.4754919018323204,0,1,0,0
0.6567627798267142,-0.3458369769424627,-1.032011900345838,0.6787575417097427,0,0,1,0
-0.36397518857002636,-0.45620020704895675,-0.20375410956645307,-0.6164494703557594,0,0,0,1
-0.41786508131146927,-0.3458369769424627,-0.254024091087745,-0.6667134095191563,0,1,0,0
0.24085960761040234,-0.014747286622980312,0.13377290921936566,0.06539179133901572,0,1,0,0
1.4118552769450479,0.20597917359000792,0.859096928312295,1.817709264636859,0,0,0,1
-1.15330361754763,0.316342403696502,0.13616671786323667,-1.2006767052694447,0,0,0,1
0.13624981581818968,-0.676926667261945,0.5335389527458317,0.05665023670190316,0,0,0,1
-0.8984361248175123,-0.3458369769424627,-0.8668391039187351,-0.7934659517572874,0,0,1,0
-0.13636964157969733,-0.5665634371554509,-0.6035201530929192,-0.19649061633114642,0,0,1,0
-0.024785863668004088,-0.3458369769424627,-0.3473826281987163,-0.2962900317715142,0,1,0,0
-0.46351299045716193,-0.676926667261945,-0.005067992125155527,-0.4915180853336932,0,1,0,0
-0.6086987014899903,-0.45620020704895675,-0.33062596769161884,-0.9107484764718802,0,0,1,0
2.0667759734381117,-0.45620020704895675,-0.7279982025742139,1.9222436888389955,0,0,1,0
-0.6987265223051066,-0.014747286622980312,0.4306051810593765,-0.4794984477076636,0,1,0,0
0.9198722561525818,-0.014747286622980312,-0.30908168989677937,0.5316080386516823,0,1,0,0
0.8970483015797356,-0.676926667261945,-0.9697728756051905,0.8943825560918508,0,0,1,0
0.9059242839136203,-0.5665634371554509,-0.8548700606993799,0.543263444834499,0,0,1,0
-0.7830483544770112,-0.23547374683596853,-0.24684266515613199,-0.6149925445829073,0,1,0,0
-1.1431596377374762,-0.3458369769424627,-0.5795820666542087,-0.9468073893499692,0,0,1,0
-0.2669733816354295,-0.12511051672947443,2.448585867842676,0.7945831406514833,1,0,0,0
0.04748999247934278,-0.014747286622980312,2.7693562261213973,1.159907278194143,1,0,0,0
-1.15330361754763,-0.12511051672947443,0.02365771160129694,-0.960283952748851,0,1,0,0
1.6838407356048004,0.09561594348351381,0.7226498356116453,2.809511484505915,0,0,0,1
-0.9218940781284932,-0.676926667261945,-0.558037788859369,-1.0782949403498698,0,0,1,0
-0.505356907174047,2.302880545613396,0.9500616567793954,-0.21397372560537128,1,0,0,0
-0.8724421765539928,-0.676926667261945,-0.7447548630813113,-0.9154834852336494,0,0,1,0
1.3966393072298169,-0.3458369769424627,-0.7375734371496981,1.3737111353601865,0,0,1,0
-0.32022927563873765,-0.676926667261945,0.34921568716776064,-0.681282667247677,0,1,0,0
0.27953353063661424,0.42670563380299614,2.381559225814286,0.2085347485217329,1,0,0,0
-0.3690471784751035,-0.45620020704895675,-0.7686929495200219,-0.3731428662894616,0,0,1,0
0.934454227129678,-0.45620020704895675,-0.2827497948141979,-0.020931060702470368,0,0,1,0
-0.7424724352363954,-0.676926667261945,-0.7758743754516351,-0.6561506976659786,0,0,1,0
-0.9390120440581281,-0.5665634371554509,0.011688668381941924,-0.8098563667018734,0,1,0,0
-1.064543794208783,-0.014747286622980312,-0.5245244678451744,-0.8888945898790989,0,1,0,0
-0.9364760491055896,0.7577953241224785,1.7160804228181326,-0.5505235791342026,1,0,0,0
0.5737089451310786,-0.45620020704895675,-0.04576273907096344,0.5964412355436001,0,0,1,0
-0.687948543756818,-0.676926667261945,0.8399464591613266,-0.6131713873668422,0,0,0,1
-0.8356702497421847,-0.23547374683596853,0.5359327613897028,-0.9945217084108751,0,0,0,1
-0.011471890167176986,0.8681585542289726,2.2762316454839593,0.11711265627526449,1,0,0,0
0.2605135684925755,3.7376025369978194,2.4078911208968674,0.20161435110068532,1,0,0,0
-0.47048697657664273,-0.12511051672947443,0.0763215017664603,-0.4794984477076636,0,0,0,1
-0.4850689475537391,-0.014747286622980312,0.02605152024516837,-0.2900980972368928,0,1,0,0
0.34293340445007636,-0.45620020704895675,-0.7854496100271193,-0.24056262095992195,0,0,1,0
0.19204170477403654,-0.45620020704895675,-0.24205504786839,-0.13748512253063688,0,0,1,0
0.3270834359967108,-0.12511051672947443,0.46651231071744237,0.7840204287983055,0,0,0,1
-1.018261886324956,-0.676926667261945,-0.8548700606993799,-1.431235208823287,0,0,1,0
-0.46731698288596984,0.42670563380299614,-0.16066555397677415,-0.5676424569652145,0,0,0,1
0.7848305249299073,-0.5665634371554509,-0.35456405413032926,0.14952925472122336,0,1,0,0
-0.49457892862575853,-0.12511051672947443,-0.4263783134464611,-0.7759828424830625,0,1,0,0
0.29411550161371053,-0.3458369769424627,0.12898529193162364,0.10909956452457807,0,1,0,0
-0.6885825424949525,-0.45620020704895675,-0.6274582395316296,-0.47658459616195936,0,0,1,0
-1.2661553929355926,-0.3458369769424627,0.38751662546969756,-1.3172307670976113,0,1,0,0
0.8609103735060621,0.42670563380299614,0.1074410141367842,0.6711086814022692,0,0,0,1
-0.972613977179263,-0.3458369769424627,-1.1971846967729407,-0.9810451450119932,0,0,1,0
-0.17694556082031312,-0.5665634371554509,0.34921568716776064,-0.21288103127573219,0,0,0,1
1.0923199129251988,-0.3458369769424627,-1.0607376040722907,1.0976237014047168,0,0,1,0
-0.8610301992675696,0.42670563380299614,-0.04576273907096344,-0.6761834270426947,0,0,0,1
-0.17377556712963999,-0.5665634371554509,-1.2905432338839118,-0.5818474832505224,0,0,1,0
-0.3037453084472374,-0.5665634371554509,-0.40962165293936365,-0.5272127667685692,0,0,1,0
-1.1653495935721878,-0.676926667261945,-0.2827497948141979,-0.8277037074193114,0,0,0,1
0.11976584862668965,-0.45620020704895675,-0.30190026396516634,0.18704509337216454,0,0,1,0
-0.180749553249121,-0.45620020704895675,-0.18939125770322662,-0.07884386017334054,0,1,0,0
0.35180938678396106,0.316342403696502,0.13137910057549465,0.7672657824105067,0,0,0,1
-0.19659952170248654,-0.5665634371554509,-0.17502840584000018,-0.30066080909007037,0,0,1,0
0.03924800888359277,-0.23547374683596853,0.6508355762955135,0.17976046450790403,0,0,0,1
0.08045792686234307,-0.676926667261945,-0.459891634460656,0.19833626811176827,0,0,1,0
-0.06219178921794674,-0.5665634371554509,-0.7232105852864719,-0.21360949416215835,0,0,1,0
1.2292636403622768,-0.5665634371554509,-0.7232105852864719,0.5942558468843218,0,0,1,0
-0.7431064339745301,-0.3458369769424627,-0.5508563629277561,-0.5279412296549952,0,0,1,0
-0.47048697657664273,-0.014747286622980312,-1.1014323510180986,-0.049705344716298984,0,1,0,0
-1.394857136776921,0.09561594348351381,0.011688668381941924,-0.906741930596537,0,0,0,1
-0.46287899171902747,-0.45620020704895675,-0.8261443569729272,-0.786181322893027,0,0,1,0
-1.1025837184968603,-0.3458369769424627,0.10983482278065519,-1.1908424563026931,0,1,0,0
-1.1051197134493989,0.42670563380299614,0.1481357610825921,-1.0200179094357864,0,0,0,1
-0.19786751917875575,-0.676926667261945,-0.6681529864774376,-0.33599125908173333,0,0,1,0
-0.007033899000234618,-0.12511051672947443,-0.2899312207458109,-0.25039686992667337,0,1,0,0
1.1899557185979304,-0.45620020704895675,-0.462285443104527,0.34111499385127225,0,0,1,0
1.1043658889497565,-0.23547374683596853,0.31091474886582376,1.6694670672491592,0,0,0,1
-0.4780949614342583,-0.45620020704895675,0.6843488973097084,-0.524663146666078,0,0,0,1
0.7601045741426571,0.6474320940159843,0.418636137840021,1.437815869365678,0,0,0,1
1.783378537491936,1.6407011649744314,2.3671963739510593,2.08068436663666,1,0,0,0
-1.0575698080893023,-0.5665634371554509,-1.2283042091432645,-0.9744889790341589,0,0,1,0
-0.9992419241809171,-0.45620020704895675,-0.6059139617367902,-1.0415075645853547,0,1,0,0
-0.9821239582512823,-0.014747286622980312,-0.08166986872902934,-1.135479276934314,0,1,0,0
-0.28472534630319873,-0.5665634371554509,0.16728623023356057,-0.31777968692108227,0,1,0,0
0.05129398490815043,-0.5665634371554509,-0.1032141465238688,0.1003580098874655,0,1,0,0
0.13307982212751676,-0.3458369769424627,-0.44074116530968754,0.34949231704517186,0,1,0,0
-0.24922141696766,-0.676926667261945,-0.15109031940128972,-0.10980353284644737,0,1,0,0
1.8410724226621868,-0.014747286622980312,0.8806412061071345,1.4359947121496128,0,0,0,1
2.147927811919343,-0.3458369769424627,-0.5724006407225954,1.328182204958559,0,0,1,0
-0.49711492357829695,-0.45620020704895675,-0.44792259124130057,-0.6627068636438129,0,0,1,0
0.7962425022163305,-0.3458369769424627,-0.5843696839419508,0.4554836670201608,0,0,1,0
-0.5725607734163168,-0.3458369769424627,-0.6178830049561455,-0.9471716207931823,0,0,1,0
-0.6182086825620097,0.42670563380299614,1.6418723548581302,0.1837670103832475,1,0,0,0
-0.36017119614121873,-0.45620020704895675,-1.077494264579388,-0.3593020714473667,0,0,1,0
0.13117782591311283,-0.3458369769424627,-1.3623574932000435,-0.3043031235222006,0,0,1,0
-0.3107192945667182,-0.12511051672947443,-0.45510401717291377,-0.08758541481045312,0,1,0,0
-0.5953847279891633,0.5370688639094903,0.16968003887743155,-0.41903602813430213,0,0,0,1
-1.0150918926342825,-0.676926667261945,-0.11278938109935281,-1.048427962006402,0,1,0,0
0.6193568542767712,0.20597917359000792,0.5024194403755079,0.5174030123663744,0,0,0,1
0.5559569804633091,-0.5665634371554509,-0.2947188380335529,0.18048892739433017,0,0,1,0
-0.2714113728023718,-0.5665634371554509,-0.2755683688825849,-0.5355900899624687,0,1,0,0
-0.9821239582512823,1.8614276251874196,2.817232398998818,-0.48204806781015475,1,0,0,0
0.5299630321997898,0.09561594348351381,0.20558716853549747,1.0673924916180357,0,0,0,1
0.6466188000165599,-0.014747286622980312,-0.41680307887097684,0.5436276762777119,0,1,0,0
-1.3536472187981705,-0.5665634371554509,-0.050550356358705445,-1.0120048176851,0,0,1,0
-0.5750967683688554,-0.12511051672947443,-0.21572315278580853,-0.5224777580068,0,1,0,0
-0.8971681273412431,-0.3458369769424627,-0.7351796285058272,-0.9511781666685255,0,0,1,0
-0.06599578164675439,0.42670563380299614,2.415072546828481,0.011849769186701452,1,0,0,0
0.3524433855220956,-0.45620020704895675,-0.14390889346967672,-0.09669120089077864,0,1,0,0
-1.0030459166097248,-0.5665634371554509,0.49045039715615285,-1.03130908417539,0,1,0,0
-0.5649527885587015,0.316342403696502,0.24149429819356294,-0.35602398845844935,0,0,0,1
-0.8058723090498575,0.7577953241224785,0.23431287226194994,-0.26824421064411147,0,0,0,1
-0.5040889096977778,0.09561594348351381,0.5455079959651872,-0.4037383075193552,0,0,0,1
1.3319714359400858,-0.5665634371554509,-0.23966123922451898,0.20962744285137175,0,0,1,0
0.6656387621605988,-0.5665634371554509,-0.44313497395355855,0.09999377844425256,0,1,0,0
-0.33544524535396847,-0.676926667261945,-0.9530162150980932,-0.6372106626189015,0,0,1,0
-0.8280622648845694,-0.676926667261945,-1.1756404189781011,-0.6506872260177833,0,0,1,0
-0.1211536718644665,-0.3458369769424627,-0.6753344124090508,-0.19976869932006347,0,0,1,0
0.9762981438465632,3.0754231563588545,2.932135213904629,1.388280393088707,1,0,0,0
0.16541375777238232,-0.3458369769424627,0.2845828537832423,-0.1520543802591579,0,0,0,1
0.8869043217695813,-0.45620020704895675,-1.0439809435651932,1.1508014921138177,0,0,1,0
2.045854015079669,-0.5665634371554509,-1.1828218449097143,1.6454277919970999,0,0,1,0
-0.6619545954932985,-0.3458369769424627,-0.816569122397443,-0.6120786930372032,0,0,1,0
0.8418904113620232,-0.676926667261945,-0.7686929495200219,0.02131978671024018,0,0,1,0
-0.24097943337191,-0.3458369769424627,-0.3665330973496847,-0.34764666526455,0,1,0,0
-1.1380876478323991,-0.014747286622980312,-0.3904711837883952,-0.7985651919622697,0,1,0,0
-0.0032299065714269707,-0.45620020704895675,-0.9673790669613194,0.352041937147663,0,0,1,0
0.013888059358207779,-0.12511051672947443,0.3994856686890526,0.11966227637775564,0,0,0,1
0.027836031597169603,-0.676926667261945,-0.9123214681522852,0.21472668305635406,0,0,1,0
-1.1133616970451488,-0.3458369769424627,-0.2181169614296795,-1.1190888619897281,0,1,0,0
-0.6448366295636637,-0.45620020704895675,-0.16784697990838718,-0.2795353853837152,0,0,1,0
-0.9852939519419553,-0.5665634371554509,-1.1469147152516486,-0.7333677636271391,0,0,1,0
0.10201388395892018,0.6474320940159843,0.0763215017664603,0.3793592953886396,0,0,0,1
0.9255782447957932,-0.45620020704895675,-0.48861733818710845,0.06757717999829368,0,1,0,0
-0.17884755703471705,-0.23547374683596853,-0.462285443104527,0.06575602278222868,0,1,0,0
-0.6010907166323749,-0.676926667261945,-1.0942509250864854,-0.6696272610648604,0,0,1,0
-0.3785571595471227,2.8546966961458664,1.3953100645394114,0.2577059933554905,1,0,0,0
-0.6213786762526828,-0.5665634371554509,-0.8644452952748641,-0.6670776409623692,0,0,1,0
-0.47302297152918144,-0.676926667261945,-0.5724006407225954,-0.6922096105440677,0,0,1,0
0.7975104996926,-0.12511051672947443,0.9476678481355243,0.821172036006034,0,1,0,0
-1.210363503979746,-0.3458369769424627,-0.680122029696793,-1.0018063372751354,0,0,1,0
-0.3785571595471227,-0.3458369769424627,-0.5317058937767876,-0.26205227610949006,0,0,1,0
-1.1507676225950916,-0.5665634371554509,-0.8572638693432508,-1.1912066877459064,0,0,1,0
0.2237416416807676,-0.45620020704895675,-0.2181169614296795,0.6084608731696296,0,0,1,0
1.0809079356387756,-0.676926667261945,-0.251630282443874,0.9198787571167624,0,1,0,0
-0.8090423027405307,2.9650599262523607,3.3797774303085153,-0.4081090848379113,1,0,0,0
0.08362792055301622,-0.45620020704895675,-0.7591177149445378,-0.06463883388803271,0,1,0,0
-1.014457893896148,-0.676926667261945,-0.3976526097200086,-0.9726678218180937,0,0,1,0
-0.07296976776623519,-0.5665634371554509,0.1170162487122682,-0.09159196068579632,0,1,0,0
-0.7424724352363954,2.6339702359328783,2.204417386167828,-0.04205648440882551,1,0,0,0
-0.6682945828746447,2.8546966961458664,3.0853389671123757,-0.5155573605857525,1,0,0,0
-0.7988983229303768,-0.45620020704895675,-0.773480566807764,-0.5811190203640964,0,0,1,0
-0.9497900226064167,-0.45620020704895675,-0.9266843200155115,-1.153326617651752,0,0,1,0
-0.6397646396585868,-0.5665634371554509,-0.6298520481755009,-0.8848880440037556,0,0,1,0
3.441919236452105,-0.676926667261945,-0.9889233447561591,2.6142834309437353,0,0,1,0
-0.032393848525619606,-0.5665634371554509,-0.0002803748374135199,0.4427355665077053,0,0,0,1
-1.2877113500321697,-0.676926667261945,-0.459891634460656,-1.3667662433745822,0,0,0,1
-0.5414948352477205,-0.5665634371554509,-0.5293120851329164,-0.5483381904749245,0,0,1,0
-1.0708837815901293,-0.3458369769424627,-0.5939449185174349,-1.1241881021947104,0,0,1,0
-1.034745853516456,-0.12511051672947443,0.8136145640787451,-1.0072698089233307,0,1,0,0
-0.15982759489067838,-0.45620020704895675,-1.0751004559355168,0.19214433357714686,0,0,1,0
-0.7139424920203374,0.20597917359000792,1.4312171941974772,-0.23655607508457877,1,0,0,0
-0.6010907166323749,-0.5665634371554509,-0.7639053322322799,-0.4357906745221011,0,0,1,0
0.8564723823391197,-0.45620020704895675,-0.4910111468309797,0.6587248123330266,0,0,1,0
-0.5503708175816051,-0.23547374683596853,-0.22051077007355052,-0.4212214167935803,0,1,0,0
1.1760077463589689,-0.676926667261945,-0.1367274675380637,0.4358151690866577,0,1,0,0
-0.8775141664590698,-0.676926667261945,-0.7519362890129246,-0.7297254491950088,0,0,1,0
-0.3081832996141798,-0.23547374683596853,-0.014643226700639542,0.04499483051908648,0,1,0,0
-0.6803405588992025,-0.3458369769424627,-0.33780739362323225,-0.49588886265224946,0,0,1,0
-0.12685966050767808,-0.45620020704895675,0.12659148328775266,-0.0773869344004885,0,0,0,1
0.796876500954465,-0.3458369769424627,-0.7495424803690536,0.8186224159035425,0,0,1,0
0.10391588017332412,-0.3458369769424627,-0.6274582395316296,0.1917801021339339,0,0,1,0
0.27446154073153733,-0.3458369769424627,-0.02182465263225298,-0.24129108384634787,0,1,0,0
-0.3608051948793535,-0.3458369769424627,0.48566277986841083,-0.4718495874001901,0,1,0,0
-1.0410858408978023,-0.5665634371554509,-1.1397332893200354,-0.6911169162144286,0,0,1,0
-0.9339400541530511,0.7577953241224785,0.8303712245858426,-0.49588886265224946,0,0,0,1
-0.8699061816014544,-0.014747286622980312,-0.21572315278580853,-0.9355162146103656,0,1,0,0
-0.6480066232543369,-0.3458369769424627,-1.0248304744142247,-0.6109859987075641,0,0,1,0
-0.8008003191447806,-0.5665634371554509,-0.15109031940128972,-0.6353895054028363,0,0,0,1
-0.831866257313377,-0.12511051672947443,0.16489242158968956,-0.7963798033029916,0,1,0,0
0.8539363873865813,-0.3458369769424627,-0.684909646984535,0.27628179695935473,0,0,1,0
-0.3227652705912761,-0.014747286622980312,-0.3449888195548453,-0.7989294234054828,0,1,0,0
0.5084070751032125,1.199248244548455,1.6801732931600672,1.6403285517921176,1,0,0,0
-0.9599340024165706,-0.12511051672947443,0.0763215017664603,-0.8819741924580516,0,0,0,1
0.8387204176713503,-0.676926667261945,0.25106953276904737,0.9697784648369463,0,1,0,0
-0.8046043115735884,-0.45620020704895675,-0.7902372273148615,-0.6623426322006,0,0,1,0
1.7789405463249937,0.5370688639094903,0.6795612800219659,2.5578275572457168,0,0,0,1
1.5006151002838948,-0.23547374683596853,-0.6418210913948561,1.3762607554626776,0,1,0,0
0.3074294751145376,-0.676926667261945,-0.7112415420671166,0.15025771760764953,0,0,1,0
-0.641032637134856,1.309611474654949,2.1948421515923435,-0.10907506996002146,1,0,0,0
-1.2014875216458614,-0.676926667261945,-0.8189629310413142,-1.1063407614772722,0,0,1,0
-0.776708367095665,-0.3458369769424627,-1.2306980177871356,-0.8965434501865723,0,0,1,0
3.2948315292048735,-0.3458369769424627,-1.0583437954284196,3.6588992100786792,0,0,1,0
-0.9472540276538781,-0.12511051672947443,-0.07927606008515833,-1.0185609836629343,0,1,0,0
-0.8014343178829153,-0.45620020704895675,-0.7567239063006665,-0.9617408785217031,0,0,1,0
-0.8356702497421847,0.7577953241224785,0.5335389527458317,-0.8794245723555605,0,0,0,1
0.06587595588524675,-0.3458369769424627,-0.21572315278580853,0.0020155202199500354,0,1,0,0
-0.31896127816246844,0.7577953241224785,0.05238341532774984,-0.1932125333422291,0,0,0,1
0.08109192560047779,-0.5665634371554509,-0.907533850864543,0.10909956452457807,0,0,1,0
1.6908147217242813,-0.12511051672947443,-0.7519362890129246,1.2742759513630317,0,1,0,0
0.9731281501558898,-0.5665634371554509,0.1170162487122682,1.5652968744902351,0,1,0,0
-1.1254076730697067,-0.5665634371554509,-1.039193326277451,-0.9832305336712713,0,0,1,0
-1.2040235165984,-0.12511051672947443,-0.249236473800003,-1.224715980521504,0,1,0,0
0.7848305249299073,-0.45620020704895675,-0.7758743754516351,0.11820535060490359,0,0,1,0
0.6631027672080599,-0.5665634371554509,-0.907533850864543,0.6488905633662749,0,0,1,0
1.2736435520317004,-0.3458369769424627,-0.9242905113716404,0.43800055774593594,0,0,1,0
0.07728793317166992,-0.676926667261945,-0.6466087086825981,-0.4962530940954624,0,0,1,0
-0.0653617829086199,-0.3458369769424627,-0.12715223296257927,-0.08758541481045312,0,1,0,0
2.4408352289375386,-0.676926667261945,0.5119946749509923,2.572032583531025,0,1,0,0
0.3156714587102877,-0.676926667261945,-0.8835957644258325,0.02314094392630518,0,0,1,0
1.6591147848175503,-0.12511051672947443,-0.11997080703096626,1.2513293704406117,0,1,0,0
-1.1304796629747835,-0.014747286622980312,0.9476678481355243,-0.8018432749511869,0,0,0,1
-0.8191862825506846,-0.676926667261945,-0.6346396654632429,-0.977402830579863,0,0,1,0
-0.42103507500214243,-0.676926667261945,-0.19178506634709763,-0.8484648996824536,0,0,1,0
2.1060838952024583,-0.676926667261945,-0.1463027021135477,1.091795998313308,0,1,0,0
-0.7488124226177417,-0.676926667261945,-1.1852156535535854,-0.7377385409456954,0,0,1,0
-0.6029927128467787,-0.014747286622980312,-0.0625193995780609,-1.101605752715503,0,1,0,0
0.33659341706873,-0.5665634371554509,-0.9338657459471247,0.19760780522534213,0,0,1,0
-0.7177464844491452,0.6474320940159843,0.6891365145974504,-0.6186348590150376,0,0,0,1
-0.6923865349237603,0.6474320940159843,-0.14390889346967672,-0.6029729069568777,0,0,0,1
-0.6784385626847986,-0.45620020704895675,-0.005067992125155527,-0.6000590554111734,0,1,0,0
0.24973558994428707,-0.676926667261945,-1.0176490484826115,0.5217737896849306,0,0,1,0
2.01986006681615,-0.5665634371554509,0.21276859446711047,0.8605090318730401,0,1,0,0
-0.19406352674994787,2.6339702359328783,2.216386429387183,0.21181283151064995,1,0,0,0
-0.13636964157969733,-0.014747286622980312,-0.3425950109109743,0.44747057526947437,0,1,0,0
-1.22874946738565,-0.014747286622980312,0.05477722397162084,-1.1693528011531251,0,1,0,0
-0.4590749992902196,-0.45620020704895675,-1.0727066472916458,-0.7712478337212931,0,0,1,0
-0.10276770845856255,-0.23547374683596853,-0.6561839432580823,-0.19394099622865527,0,1,0,0
-0.3677791809988343,-0.45620020704895675,-0.48382972089936643,-0.275528839508372,0,0,1,0
0.10581787638772806,-0.676926667261945,-1.1564899498271326,-0.07811539728691465,0,0,1,0
-0.5712927759400477,-0.676926667261945,-0.15109031940128972,-0.5993305925247474,0,1,0,0
-0.7507144188321455,-0.014747286622980312,2.623333898845262,-0.46310803276307766,1,0,0,0
1.45877118356701,-0.3458369769424627,-0.1702407885522582,0.8524959401223537,0,1,0,0
-0.15285360877119758,-0.3458369769424627,-0.44792259124130057,-0.3319847132063901,0,0,1,0
2.6817547494286944,-0.676926667261945,-0.467073060392269,2.5764033608495813,0,0,1,0
0.661834769731791,-0.676926667261945,-0.45510401717291377,0.8269997390974422,0,1,0,0
0.7322086296647339,-0.014747286622980312,-0.251630282443874,0.9238853029921056,0,1,0,0
-0.8997041222937815,-0.45620020704895675,-0.30668788125290836,-0.8138629125772167,0,0,1,0
0.6022388883471367,3.296149616571843,1.847739898231041,0.6124674190449728,1,0,0,0
1.530413040976222,-0.676926667261945,-1.0487685608529353,1.2549716848727417,0,0,1,0
-0.5972867242035671,0.6474320940159843,0.5096008663071213,-0.37205017195982243,0,0,0,1
-1.0854657525672258,-0.3458369769424627,-0.014643226700639542,-0.9744889790341589,0,0,0,1
-0.299307317280295,-0.3458369769424627,-0.680122029696793,-0.6415814399374578,0,0,1,0
0.12483783853176651,-0.23547374683596853,-0.060125590934189885,0.09707992689854844,0,1,0,0
-0.589044740607817,-0.45620020704895675,-0.8692329125626064,-0.6386675883917535,0,0,1,0
0.5952649022276555,-0.014747286622980312,-0.012249418056768538,0.594984309770748,0,1,0,0
0.8076544795027537,-0.3458369769424627,-0.9697728756051905,0.4172393654827937,0,0,1,0
-0.01781187754852329,0.42670563380299614,1.3067391447161825,-0.14440551995168444,0,0,0,1
-0.17884755703471705,-0.23547374683596853,0.19601193396001304,-0.5170142863586046,0,1,0,0
-0.5674887835112399,-0.676926667261945,-0.6346396654632429,-0.889987284208738,0,0,1,0
-1.1387216465705339,0.20597917359000792,0.4521494588542159,-1.2119678800090483,0,0,0,1
-0.5529068125341435,0.09561594348351381,0.08829054498581573,-0.6503229945745702,0,0,0,1
0.015156056834476996,0.5370688639094903,-0.3665330973496847,0.042445210416595325,0,0,0,1
0.8697863558399469,-0.5665634371554509,-0.8261443569729272,0.544356139164138,0,0,1,0
-0.7374004453313184,-0.676926667261945,-0.680122029696793,-0.44125414617029635,0,0,1,0
1.5449950119533185,-0.3458369769424627,0.038020563464523385,1.5798661322187562,0,1,0,0
1.2337016315292193,-0.5665634371554509,-0.9625914496735773,0.7964042978675483,0,0,1,0
1.0137040693965056,-0.014747286622980312,0.32288379208517876,1.051730539559876,0,0,0,1
-0.021615869977330938,-0.014747286622980312,0.05717103261549184,0.011121306300275555,0,1,0,0
-0.36524318604629585,3.627239306891325,2.154147404646536,0.05665023670190316,1,0,0,0
2.312767483834345,3.185786386465349,1.5365447745278036,3.646879572452649,1,0,0,0
2.6342048440685977,-0.5665634371554509,-0.5245244678451744,2.700970514428434,0,0,1,0
-0.5015529147452393,-0.676926667261945,-0.5819758752980797,-0.6536010775634874,0,0,1,0
-0.32022927563873765,-0.5665634371554509,-1.1157952028813247,-0.7111496455911448,0,0,1,0
-0.14397762643731285,-0.12511051672947443,-0.5700068320787245,-0.20705332818432398,0,1,0,0
-0.8363042484803194,-0.3458369769424627,-0.8333257829045404,-1.0028990316047743,0,0,1,0
-0.0666297803848891,-0.5665634371554509,-0.2085417268541951,-0.49807425131152755,0,0,1,0
-1.2262134724331115,-0.5665634371554509,0.20319335989162604,-1.1139896217847458,0,1,0,0
0.2579775735400371,-0.3458369769424627,-0.0026741834812845236,0.4489275010423264,0,1,0,0
-0.7323284554262416,-0.3458369769424627,0.5048132490193793,-0.6189990904582505,0,0,0,1
-0.17694556082031312,0.5370688639094903,0.8734597801755215,0.025690564028796336,0,0,0,1
0.4101372706923461,-0.45620020704895675,-0.6896972642722772,-0.11963778181319903,0,0,1,0
1.2812515368893158,-0.676926667261945,-0.009855609412897533,0.9923608143161539,0,1,0,0
0.3746333413568074,-0.676926667261945,-0.558037788859369,-0.058082667910198345,0,1,0,0
-0.03809983716883119,-0.676926667261945,-0.7208167766426009,-0.3840698095858521,0,0,1,0
-0.5934827317747594,-0.12511051672947443,-0.3904711837883952,-0.5993305925247474,0,1,0,0
0.796876500954465,-0.676926667261945,-0.27317456023871345,0.9013029535128986,0,1,0,0
-0.8248922711938962,-0.12511051672947443,-0.684909646984535,-0.89144420998159,0,1,0,0
0.8482303987433695,-0.5665634371554509,-0.8237505483290561,0.22237554336382753,0,0,1,0
1.1867857249072575,-0.45620020704895675,-0.8189629310413142,1.144245326135983,0,0,1,0
-1.0461578308028792,-0.676926667261945,-0.23247981329290554,-0.9049207733804718,0,0,1,0
-1.0188958850630905,-0.12511051672947443,0.13137910057549465,-0.5366827842921078,0,1,0,0
-0.2080114989889097,3.627239306891325,2.2235678553187963,0.5312438072084693,1,0,0,0
0.7087506763537531,-0.3458369769424627,-0.47904210361162425,0.4154182082667287,0,0,1,0
-0.8844881525785506,2.302880545613396,2.647271985283973,-0.540325098724238,1,0,0,0
0.19140770603590182,1.7510643950809255,1.6011776079123219,0.7228295463385181,1,0,0,0
0.7543985854994457,-0.5665634371554509,0.1122286314245262,1.208714291584688,0,1,0,0
-1.1564736112383034,0.09561594348351381,0.5239637181703477,-0.871775712048087,0,0,0,1
1.3941033122772786,-0.45620020704895675,-0.4000464183638796,0.787662743230436,0,0,1,0
0.08552991676742015,-0.23547374683596853,-0.4144092702271059,0.4004847190949947,0,1,0,0
0.6903647129478486,-0.5665634371554509,-1.3623574932000435,0.43071592888167537,0,0,1,0
-1.3105353046050163,-0.676926667261945,-0.8213567396851852,-1.3307073304964931,0,0,1,0
0.45515118109990454,1.309611474654949,2.091908379905888,1.4804309482216014,1,0,0,0
-0.02732185862054252,-0.45620020704895675,-0.48622352954323744,0.05665023670190316,0,0,1,0
1.8385364277096483,-0.014747286622980312,-0.27317456023871345,1.6497985693156563,0,1,0,0
-0.7652963898092419,-0.014747286622980312,0.24388810683743437,-1.1460419887874917,0,1,0,0
0.3682933539754611,-0.3458369769424627,-1.2761803820206854,0.020591323823814026,0,0,1,0
-0.17757955955844784,-0.676926667261945,-0.14151508482580571,-0.5068158059486402,0,1,0,0
1.0327240315405446,1.309611474654949,1.2516815459071482,2.205615751658726,1,0,0,0
0.6592987747792526,0.7577953241224785,0.7801012430645502,1.2542432219863158,0,0,0,1
-0.05268180814592728,-0.12511051672947443,-0.22290457871742153,0.12002650782096885,0,1,0,0
-0.2428814295863137,-0.5665634371554509,-0.2109355354980661,-0.5621789853170193,0,0,1,0
-0.3563672037124111,2.8546966961458664,2.2092050034555704,0.3735315922972311,1,0,0,0
0.8590083772916581,-0.3458369769424627,-0.7854496100271193,0.5359788159702384,0,0,0,1
-0.08945373495773544,-0.3458369769424627,0.06435245854710528,-0.027122995237091784,0,0,0,1
-0.12051967312633179,0.20597917359000792,0.2917642797148553,0.300321072211414,0,0,0,1
-0.5611487961298937,0.09561594348351381,1.8836470278891062,0.04535906196229943,1,0,0,0
-0.9897319431088978,-0.5665634371554509,0.404273285976795,-0.8094921352586604,0,0,0,1
2.4008933084350574,-0.014747286622980312,0.011688668381941924,3.0010972236359637,0,1,0,0
-0.49711492357829695,-0.45620020704895675,0.038020563464523385,-0.4489030064777698,0,1,0,0
-0.026687859882407797,-0.12511051672947443,0.3420342612361472,-0.007454497303588433,0,1,0,0
-1.2591814068161118,-0.5665634371554509,-0.5029801900503349,-1.431235208823287,0,0,1,0
1.172837752668296,0.42670563380299614,-0.12954604160645025,0.7330280267484828,0,0,0,1
-0.40518510654877693,0.6474320940159843,1.0170882988077847,-0.6943949992033458,0,0,0,1
-0.39821112042929613,-0.45620020704895675,-0.8907771903574457,-0.7756186110398494,0,0,1,0
0.5020670877218661,-0.676926667261945,-0.7088477334232455,-0.27152229363302854,0,0,1,0
-0.8718081778158582,-0.676926667261945,-0.5843696839419508,-1.0065413460369046,0,0,1,0
1.7580185879665513,-0.5665634371554509,-0.25641789973161644,1.8544966404013736,0,0,1,0
-1.004313914085994,-0.3458369769424627,-1.2689989560890724,-1.0280310011864728,0,0,1,0
-0.49521292736389305,-0.676926667261945,-0.9171090854400272,-0.4321483600899708,0,0,1,0
-1.0214318800156288,-0.3458369769424627,-0.14151508482580571,-0.908563087812602,0,1,0,0
0.6903647129478486,-0.3458369769424627,-0.23008600464903453,0.4704171561918948,0,0,1,0
2.625328861734713,-0.676926667261945,-0.41680307887097684,2.2515089135035664,0,0,1,0
-0.36270719109375715,-0.676926667261945,-0.6154891963122744,-0.6794615100316119,0,0,1,0
-1.0727857778045333,-0.014747286622980312,0.17207384752130256,-1.4232221170726005,0,1,0,0
-0.6169406850857404,-0.45620020704895675,-0.46946686903614,-0.6492303002449312,0,0,0,1
-0.5738287708925862,-0.5665634371554509,-0.7854496100271193,-0.7421093182642515,0,0,1,0
-0.5928487330366248,-0.45620020704895675,0.061958649903233846,-0.46929996729769896,0,1,0,0
-0.5142328895079317,-0.014747286622980312,-0.7974186532464745,-0.04642726172738167,0,0,0,1
1.4010772983967592,-0.5665634371554509,0.38991043411356857,0.6128316504881858,0,0,0,1
-0.6936545324000296,-0.676926667261945,-0.3976526097200086,-0.6474091430288661,0,0,1,0
-0.3367132428302377,-0.3458369769424627,-0.45271020852904276,-0.6732695754969906,0,1,0,0
-0.25365940813460236,0.09561594348351381,0.8375526505174556,-0.3851625039154912,0,0,0,1
1.68510873308107,-0.676926667261945,-0.553250171571627,1.6450635605538866,0,0,1,0
-0.8248922711938962,2.8546966961458664,1.974611756356207,-0.7242619775468135,1,0,0,0
-0.384897146928469,-0.676926667261945,-0.3114754985406504,-0.6000590554111734,0,0,1,0
1.4029792946111632,-0.12511051672947443,-0.012249418056768538,0.5133964664910312,0,1,0,0
0.22817963284770995,-0.3458369769424627,-1.1014323510180986,0.5031979860810666,0,0,1,0
-0.0672637791230236,-0.45620020704895675,-0.15827174533290317,0.15899927224476182,0,1,0,0
0.11532785745974729,-0.676926667261945,-0.6322458568193718,-0.03987109574954731,0,0,1,0
-0.65117661694501,-0.3458369769424627,-0.24444885651226098,-1.0356798614939464,0,0,1,0
-0.13636964157969733,0.6474320940159843,1.9865807995755616,-0.13639242820099803,1,0,0,0
-0.11988567438819729,-0.45620020704895675,-0.1463027021135477,-0.41721487091823684,0,0,1,0
-0.9827579569894169,0.20597917359000792,0.9452740394916533,-0.5709205399541317,1,0,0,0
0.5997028933945978,1.6407011649744314,2.0368507810968537,0.7475972844770034,1,0,0,0
1.306611486414701,-0.45620020704895675,-0.7854496100271193,0.8517674772359278,0,0,1,0
-0.8141142926456076,-0.5665634371554509,-0.33541358497936125,-0.7173415801257661,0,0,0,1
-0.6365946459679136,0.09561594348351381,1.9027974970400752,0.14443001451624105,1,0,0,0
-0.5193048794130088,-0.45620020704895675,-0.08885129466064236,-0.7453874012531688,0,1,0,0
0.5217210486040396,-0.23547374683596853,0.08829054498581573,0.5323365015381082,0,1,0,0
-0.5269128642706241,-0.3458369769424627,-0.4383473566658163,-0.5975094353086823,0,0,1,0
-0.17250756965337075,-0.014747286622980312,-0.80938769646583,0.00019436300388477623,0,1,0,0
0.9889781186092553,1.199248244548455,2.4916744234323547,0.8951110189782772,1,0,0,0
1.203903690836892,-0.12511051672947443,-1.254636104225846,0.37790236961578755,0,1,0,0
-0.7126744945440683,-0.5665634371554509,-0.11757699838709525,-0.6510514574609962,0,1,0,0
-0.8008003191447806,-0.676926667261945,-0.596338727161306,-0.7351889208432042,0,0,1,0
0.06397395967084304,0.09561594348351381,-0.2085417268541951,0.25807022479870373,0,0,0,1
1.482229136877991,-0.5665634371554509,-0.6011263444490482,1.2061646714821967,0,0,1,0
-0.7557864087372225,-0.23547374683596853,0.8136145640787451,-0.4762203647187464,0,0,0,1
2.050926004984746,0.7577953241224785,-0.014643226700639542,2.4256115433593903,0,0,0,1
1.1683997615013535,-0.014747286622980312,-0.05294416500257645,1.0739486575958703,0,1,0,0
-0.4850689475537391,-0.45620020704895675,0.4258175637716345,-0.9227681140979098,0,1,0,0
-0.6575166043263562,-0.3458369769424627,-0.9458347891664799,-0.7872740172226661,0,0,1,0
0.026568034120900388,0.6474320940159843,0.20319335989162604,0.03771020165482596,0,0,0,1
-1.0188958850630905,0.316342403696502,3.1475779918530233,-0.38334134669942593,1,0,0,0
-1.051229820707956,0.5370688639094903,0.6556231935832555,-0.8277037074193114,0,0,0,1
-0.07613976145690834,2.7443334660393726,2.283413071415573,0.1659196696658094,1,0,0,0
-0.8642001929582427,-0.014747286622980312,0.5263575268142188,-0.539232404394599,0,0,0,1
-0.3227652705912761,1.0888850144419608,1.7304432746813594,0.22456093202310573,1,0,0,0
-1.2794693664364196,-0.23547374683596853,-0.47425448632388223,-1.344183893895375,0,1,0,0
1.185517727430988,-0.45620020704895675,-0.9578038323858351,1.4640405332770154,0,0,1,0
-0.10466970467296625,-0.5665634371554509,-0.9458347891664799,-0.0569899735805595,0,0,1,0
-0.47048697657664273,-0.12511051672947443,-0.8907771903574457,-0.7657843620730979,0,1,0,0
-0.6213786762526828,-0.45620020704895675,0.13856052650710768,-0.6160852389125464,0,1,0,0
-0.9428160364869358,-0.12511051672947443,0.5119946749509923,-0.663799557973452,0,1,0,0
1.1240198498319298,-0.676926667261945,-0.38328975785678215,0.5501838422555463,0,0,1,0
1.71807666746407,-0.676926667261945,-0.47904210361162425,0.8830913813522475,0,0,1,0
-0.9047761121988585,0.09561594348351381,-0.18460364041548463,-0.8830668867876905,0,0,0,1
-0.6619545954932985,-0.45620020704895675,-0.5604315975032402,-0.7901878687683702,0,0,1,0
-0.1756775633440439,1.4199747047614433,2.125421700920083,0.4310801603248886,1,0,0,0
3.642262837702646,3.0754231563588545,2.051213632960081,6.453282842408975,1,0,0,0
-0.19152753179740944,-0.45620020704895675,0.16489242158968956,0.09234491813677909,0,1,0,0
-0.7754403696193958,-0.45620020704895675,-1.3336317894735907,-0.6721768811673515,0,0,1,0
-0.07677376019504306,0.20597917359000792,2.5443382135975177,0.2861160459261062,1,0,0,0
0.19584569720284417,-0.3458369769424627,-0.0026741834812845236,-0.13020049366637662,0,0,1,0
-0.739936440283857,-0.45620020704895675,-1.0631314127161617,-1.0968707439537337,0,0,1,0
-0.4527350119088735,-0.5665634371554509,-0.639427282750985,-0.5676424569652145,0,0,1,0
-0.32022927563873765,-0.23547374683596853,0.38272900818195515,-0.01000411740607959,0,0,0,1
0.8964143028416006,-0.5665634371554509,-0.680122029696793,0.7920335205489923,0,0,1,0
-0.7133084932822028,-0.45620020704895675,-0.7232105852864719,-0.5508878105774155,0,0,1,0
-0.4527350119088735,-0.3458369769424627,-0.11278938109935281,-0.059903825126263605,0,1,0,0
0.3600513703797111,-0.5665634371554509,-0.3713207146374267,0.20598512841924174,0,0,0,1
3.1851497475075834,3.406512846678337,0.9093669098335874,5.352939652462439,1,0,0,0
-0.19596552296435182,-0.676926667261945,-0.6585777519019533,-0.29264771733938394,0,0,1,0
-0.309451297090449,-0.12511051672947443,-0.25881170837548745,-0.01364643183820985,0,1,0,0
-0.557344803701086,-0.676926667261945,-1.03679951763358,-0.680554204361251,0,0,1,0
-0.4337150497648348,-0.45620020704895675,-0.15587793668903216,-0.173544035408726,0,1,0,0
0.74679060064183,-0.12511051672947443,-0.01703703534451097,0.30578454385960924,0,0,0,1
0.1685837514630555,0.6474320940159843,0.45693707614195794,-0.14185589984919328,0,0,0,1
0.13941980950886285,-0.5665634371554509,-0.8716267212064773,0.4292590031088233,0,0,1,0
0.2104276681799405,-0.45620020704895675,-0.7088477334232455,0.26134830778762075,0,0,1,0
-0.570658777201913,3.185786386465349,2.5299753617342917,-0.29483310599866186,1,0,0,0
0.23261762401465233,-0.45620020704895675,-1.0894633077987432,0.14552270884588014,0,0,1,0
-0.8502522207192811,-0.014747286622980312,-0.8405072088361536,-0.7279042919789438,0,1,0,0
-0.9168220882234163,-0.3458369769424627,-0.9530162150980932,-0.5315835440871255,0,0,1,0
1.30787948389097,0.20597917359000792,0.5096008663071213,0.7049822056210802,0,0,0,1
0.8019484908595423,0.42670563380299614,0.5119946749509923,0.844118616928454,0,0,0,1
0.16731575398678625,-0.5665634371554509,-0.0673070168658029,0.05919985680439432,0,1,0,0
-1.2794693664364196,-0.676926667261945,-0.07688225144128734,-1.2655099021613623,0,1,0,0
0.27255954451713343,-0.676926667261945,-0.7519362890129246,0.033703655779482755,0,0,1,0
-0.8642001929582427,-0.45620020704895675,-0.9793481101806748,-0.38552673535870413,0,0,1,0
0.32771743473484555,-0.5665634371554509,-0.16066555397677415,-0.07374461996835824,0,1,0,0
-0.8001663204066459,0.20597917359000792,-0.36174548006194274,-0.7300896806382219,0,0,0,1
-0.32466726680568003,0.20597917359000792,-0.14390889346967672,-0.005633340087523433,0,0,0,1
-0.5795347595357978,-0.3458369769424627,-0.15348412804516073,-0.5596293652145281,0,0,0,1
0.33912941202126873,-0.23547374683596853,-0.15827174533290317,0.23512364387628332,0,1,0,0
-0.5510048163197399,-0.3458369769424627,-1.33123798082972,-0.7104211827047188,0,0,1,0
-1.0366478497308598,1.5303379348679373,2.2427183244697644,-0.664528020859878,1,0,0,0
-0.08374774631452386,-0.676926667261945,-0.9721666842490616,-0.09232042357222248,0,0,1,0
-0.528814860485028,-0.23547374683596853,-0.0720946341535449,-0.7045934796133104,0,1,0,0
0.7201626536401763,2.302880545613396,0.7681321998451952,0.5968054669868129,1,0,0,0
0.6155528618479633,-0.12511051672947443,-0.7447548630813113,-0.21943719725356656,0,1,0,0
-1.448113030780229,-0.23547374683596853,0.6221098725690606,-1.1653462552777818,0,0,0,1
-0.39250513178608454,-0.23547374683596853,-0.30429407260903735,-0.5771124744887531,0,0,0,1
-0.9459860301776088,-0.5665634371554509,0.7441941134064848,-0.9730320532613068,0,0,0,1
-0.06979977407556226,-0.5665634371554509,-1.070312838647775,-0.5876751863419307,0,0,1,0
0.21232966439434442,-0.676926667261945,-0.5652192147909822,-0.20596063385468488,0,0,1,0
2.9435962282782926,1.6407011649744314,1.8094389599291039,2.6845800994838487,1,0,0,0
3.4584032036436057,-0.5665634371554509,-1.0463747522090643,3.170829076173231,0,0,1,0
-0.5091608996028548,-0.3458369769424627,-1.3623574932000435,-0.5057231116190011,0,0,1,0
-0.2967713223277566,-0.45620020704895675,-0.6944848815600192,-0.16407401788518755,0,0,1,0
-0.5408608365095859,-0.12511051672947443,0.31809617479743674,-0.7457516326963818,0,1,0,0
0.8596423760297927,-0.5665634371554509,0.17446765616517357,-0.1487762972702406,0,1,0,0
-1.1609116024052455,-0.3458369769424627,-0.4383473566658163,-0.9784955249095021,0,0,1,0
-1.243965437100881,-0.5665634371554509,-0.5029801900503349,-0.8637626202974006,0,0,1,0
2.521353068680635,0.8681585542289726,3.3510517265820634,4.487889974831514,1,0,0,0
-1.0911717412104371,-0.3458369769424627,-0.35217024548645826,-1.0393221759260767,0,0,1,0
-1.448113030780229,-0.3458369769424627,0.2558571500567894,-1.0254813810839818,0,0,0,1
0.4278892353601156,-0.23547374683596853,0.2845828537832423,0.2704540938679463,0,0,0,1
-1.118433686950226,-0.45620020704895675,-0.9937109620439011,-0.8994573017322764,0,0,1,0
2.1295418485134396,-0.45620020704895675,-0.9123214681522852,2.3647848923428163,0,0,1,0
-1.1114597008307452,0.20597917359000792,-0.12715223296257927,-1.187200141870563,0,0,0,1
-0.09832971729162017,0.42670563380299614,0.6364727244322871,-0.010368348849292797,0,0,0,1
-0.2352734447286984,-0.12511051672947443,-0.2085417268541951,-0.0803007859461926,0,1,0,0
-0.6885825424949525,-0.676926667261945,-0.7447548630813113,-0.7464800955828078,0,1,0,0
0.6979726978054644,-0.014747286622980312,-0.4383473566658163,0.7843846602415186,0,1,0,0
0.3029914839475953,-0.12511051672947443,-0.44552878259742956,-0.05407612203485514,0,1,0,0
0.3226454448297684,-0.23547374683596853,-0.02182465263225298,0.15681388358548387,0,1,0,0
0.11786385241228572,-0.676926667261945,-0.7998124618903457,0.15572118925584477,0,0,1,0
-0.23146945229989052,-0.5665634371554509,-1.0559499867845483,0.004200908879227984,0,0,1,0
-0.5998227191561055,-0.45620020704895675,-0.6490025173264691,-0.6710841868377124,0,0,1,0
2.080089946938939,0.6474320940159843,-0.5987325358051769,2.4172342201654913,0,0,0,1
0.6491547949690983,-0.5665634371554509,0.1170162487122682,0.5436276762777119,0,1,0,0
-0.6416666358729906,-0.23547374683596853,-0.2013603009225821,-0.4926107796633323,0,1,0,0
0.676416740708887,-0.5665634371554509,-0.19417887499096864,0.48790026546611964,0,1,0,0
1.0961239053540066,-0.014747286622980312,-0.36174548006194274,0.3851869984800478,0,1,0,0
-0.7773423658337996,-0.5665634371554509,0.01647628566968393,-0.45290955235311303,0,1,0,0
1.2964675066045468,3.627239306891325,2.489280614788483,2.2704489485506434,1,0,0,0
-0.5896787393459517,-0.5665634371554509,-1.3623574932000435,-0.7024080909540322,0,0,1,0
-1.1393556453086684,-0.676926667261945,0.5479018046090582,-0.926774659973253,0,1,0,0
0.42218324671690405,-0.3458369769424627,-0.20375410956645307,0.6678305984133521,0,1,0,0
-0.05775379805100437,-0.676926667261945,-0.009855609412897533,0.1491650232780104,0,1,0,0
-0.17123957217710153,-0.5665634371554509,-0.9195028940838985,-0.4408899147270834,0,0,1,0
1.038430020183756,-0.23547374683596853,3.623945911983363,2.001281912016221,1,0,0,0
0.8913423129365238,-0.5665634371554509,0.05717103261549184,1.036068587501716,0,1,0,0
2.2620475847835757,-0.12511051672947443,-0.34977643684258725,1.6924136481715797,0,1,0,0
0.3188414524009608,-0.45620020704895675,-0.9506224064542221,0.38118045260470457,0,0,1,0
-0.7342304516406454,-0.45620020704895675,-0.24205504786839,-1.011640586241887,0,0,1,0
-0.05648580057473516,-0.3458369769424627,-0.8548700606993799,-0.6903884533280026,0,0,1,0
2.2278116529243057,0.5370688639094903,-0.40722784429549264,1.3052356240361382,0,0,0,1
-0.9669079885360514,-0.014747286622980312,-0.46946686903614,-0.7362816151728433,0,1,0,0
-0.7018965159957797,-0.12511051672947443,0.3468218785238897,-0.43506221163567493,0,0,0,1
0.1977476934172481,-0.5665634371554509,-0.6011263444490482,-0.20596063385468488,0,0,1,0
0.89768230031787,-0.5665634371554509,-1.03679951763358,0.14260885730017606,0,0,1,0
0.7658105627858689,3.406512846678337,2.1158464663445993,0.8259070447678031,1,0,0,0
1.0523779924227175,0.6474320940159843,1.330677231154893,2.1739276160991934,1,0,0,0
-0.9688099847504552,-0.23547374683596853,0.2821890451393709,-0.837537956386063,0,0,0,1
-0.8204542800269539,-0.23547374683596853,-0.09603272059225579,-0.8080352094858083,0,1,0,0
0.4786091344108854,-0.45620020704895675,-1.084675690511001,0.6572678865601745,0,0,1,0
-0.13827163779410126,2.0821540854004077,3.305569362348513,-0.13529973387135893,1,0,0,0
0.9078262801280238,0.316342403696502,1.0099068728761718,1.1467949462384746,0,0,0,1
0.3410314082356724,-0.5665634371554509,-0.3785021405690402,0.213269757283502,0,0,1,0
1.4029792946111632,0.9785217843354668,2.812444781711076,2.456206984589284,1,0,0,0
-0.6999945197813757,-0.5665634371554509,-0.41680307887097684,-0.5978736667518953,0,0,1,0
4.255339617478824,-0.5665634371554509,-0.7256043939303429,4.4190502320642535,0,0,1,0
0.3270834359967108,-0.5665634371554509,0.5598708478284132,0.6157455020338901,0,0,0,1
-0.7988983229303768,0.42670563380299614,0.2678261932761448,-0.7322750692975,0,0,0,1
-1.3003913247948622,-0.23547374683596853,-0.6681529864774376,-1.1118042331254676,0,1,0,0
-0.02732185862054252,-0.12511051672947443,-0.0002803748374135199,-0.07593000862763644,0,1,0,0
0.5901929123225786,-0.5665634371554509,-0.4120154615832349,0.3655185005465447,0,1,0,0
1.8138104769223982,-0.676926667261945,-0.6250644308877586,2.1793910877473883,0,0,1,0
-0.7659303885473764,-0.5665634371554509,-0.8740205298503483,-0.6896599904415766,0,0,1,0
-0.3829951507140651,-0.676926667261945,-1.0056800052632562,-0.8131344496907906,0,0,1,0
1.9266622523103603,-0.23547374683596853,-0.09603272059225579,1.4990067518254657,0,1,0,0
-0.3119872920429874,3.0754231563588545,1.7902884907781358,-0.0358645498742041,1,0,0,0
-0.6289866611102982,-0.676926667261945,-0.6609715605458245,-0.4099302420539766,0,0,1,0
-1.032843857302052,-0.45620020704895675,-0.7974186532464745,-1.1668031810506339,0,0,1,0
-0.9193580831759548,-0.45620020704895675,-0.8213567396851852,-0.6193633219014636,0,1,0,0
-1.448113030780229,-0.45620020704895675,-1.0655252213600326,-1.39299090728592,0,0,1,0
-0.3842631481903343,-0.45620020704895675,-0.4335597393780743,-0.3786063379376568,0,1,0,0
0.16097576660543997,-0.5665634371554509,-0.29950645532129533,-0.06682422254731092,0,1,0,0
-0.401381114119969,-0.014747286622980312,0.404273285976795,-0.5013523343004448,0,0,0,1
-0.6873145450186834,0.42670563380299614,0.8255836072981005,-0.6361179682892626,0,0,0,1
-0.9650059923216476,-0.12511051672947443,0.21516240311098148,-0.6270121822089371,0,1,0,0
-1.238893447195804,2.302880545613396,1.5317571572400615,-1.3256080902915108,1,0,0,0
-0.8616641980057043,-0.45620020704895675,-0.8405072088361536,-1.0258456125271949,0,0,1,0
-0.22703146113294817,-0.5665634371554509,-0.9195028940838985,-0.6102575358211381,0,0,1,0
-0.7481784238796071,-0.45620020704895675,-0.6657591778335665,-0.6255552564360849,0,0,1,0
-0.45463700812327723,-0.3458369769424627,-1.2306980177871356,-0.29046232868010574,0,0,1,0
-0.17060557343896704,-0.12511051672947443,1.0960839840555294,0.8667009664076615,1,0,0,0
-0.724720470568626,-0.45620020704895675,-0.5819758752980797,-0.558172439441676,0,0,1,0
3.0621539923094674,-0.3458369769424627,-0.36413928870581375,2.592793775794167,0,0,1,0
1.2241916504572,-0.3458369769424627,-0.639427282750985,1.1679203699448295,0,0,1,0
0.29411550161371053,0.5370688639094903,0.5072070576632502,0.6969691138703937,0,0,0,1
-0.7748063708812611,-0.23547374683596853,0.22473763768646593,-0.9111127079150931,0,1,0,0
-1.068347786637591,-0.12511051672947443,0.19361812531614203,-0.9832305336712713,0,1,0,0
-0.6036267115849133,-0.45620020704895675,0.13137910057549465,-0.4325125915331838,0,1,0,0
-0.31452328699552606,-0.23547374683596853,-0.23726743058064798,-0.16188862922590933,0,1,0,0
-0.48380095007746987,0.20597917359000792,1.1894425211665007,-0.2179802714807145,0,0,0,1
0.27446154073153733,-0.12511051672947443,-0.8668391039187351,-0.11927355036998584,0,1,0,0
0.2034536820604597,-0.3458369769424627,-0.9410471718787379,0.03807443309803917,0,0,1,0
-0.672732574041587,-0.676926667261945,-0.13193985025032126,-0.6845607502365942,0,1,0,0
0.43930121264653876,-0.014747286622980312,-0.6537901346142113,-0.07447308285478439,0,1,0,0
0.4767071381964814,0.7577953241224785,0.4521494588542159,0.7523322932387729,0,0,0,1
-0.05775379805100437,-0.3458369769424627,-0.5293120851329164,-0.20632486529789784,0,0,1,0
-0.16363158731948602,0.7577953241224785,2.2283554726065384,0.1917801021339339,1,0,0,0
1.2381396226961616,-0.014747286622980312,-0.14151508482580571,0.544356139164138,0,1,0,0
-0.40201511285810376,1.6407011649744314,0.7657383912013243,0.3385653737487813,1,0,0,0
0.4855831205303662,-0.676926667261945,-0.8022062705342168,-0.07447308285478439,0,0,1,0
0.37970533126188427,-0.45620020704895675,-0.12236461567483725,0.36114772322798855,0,0,1,0
0.22754563410957523,-0.014747286622980312,-0.2827497948141979,0.26426215933332486,0,1,0,0
-0.6131366926569327,-0.5665634371554509,-1.0942509250864854,-0.6437668285967358,0,0,1,0
-0.6182086825620097,-0.5665634371554509,-0.5819758752980797,-0.5811190203640964,0,0,1,0
-0.2276654598710829,-0.5665634371554509,-0.3689269059935557,-0.5822117146937354,0,0,1,0
-1.3866151531811708,-0.676926667261945,-0.11997080703096626,-1.363488160385665,0,1,0,0
1.1088038801166988,0.6474320940159843,0.11462244006839721,0.30469184952997014,0,0,0,1
-0.43054505607416166,2.9650599262523607,2.5467320222413883,0.2052566655328156,1,0,0,0
1.0948559078777373,-0.45620020704895675,-0.19417887499096864,0.9839834911222541,0,0,1,0
-0.7735383734049919,-0.676926667261945,-0.905140042220672,-0.7745259167102103,0,0,1,0
1.1405038170234298,-0.3458369769424627,-0.7615115235884088,0.6991545025296719,0,0,1,0
-0.8939981336505699,-0.12511051672947443,-0.18220983177161362,-0.7344604579567782,0,1,0,0
-1.0835637563528218,-0.5665634371554509,-0.7950248446026035,-0.9504497037820995,0,0,1,0
-0.2555614043490063,-0.5665634371554509,-0.5652192147909822,-0.04751995605702077,0,1,0,0
-0.11861767691192808,-0.45620020704895675,-0.6418210913948561,-0.3447328137188459,0,0,1,0
2.1694837690159203,-0.45620020704895675,-0.5724006407225954,1.6996982770358398,0,0,1,0
0.6301348328250599,-0.014747286622980312,0.4306051810593765,1.3358310652660321,0,0,0,1
-0.7982643241922421,-0.5665634371554509,-0.47904210361162425,-0.31595852970501725,0,1,0,0
0.6231608467055791,-0.45620020704895675,-0.9984985793316433,0.4026701077542729,0,0,1,0
0.278265533160345,-0.676926667261945,0.004507242450328913,-0.019109903486405108,0,1,0,0
-0.4463950245275272,-0.676926667261945,-0.8788081471380905,-0.5858540291258656,0,0,1,0
1.0143380681346406,-0.5665634371554509,0.047595798040007825,1.47059669925485,0,0,0,1
1.4156592693738559,-0.3458369769424627,-0.30668788125290836,0.9512026612330821,0,0,1,0
2.113057881321939,-0.014747286622980312,-0.08166986872902934,1.0590151684241365,0,1,0,0
-0.7564204074753571,-0.23547374683596853,0.07392769312258929,-0.46966419874091203,0,0,0,1
-0.8483502245048772,-0.5665634371554509,0.14334814379484967,-0.45910148688773433,0,1,0,0
0.2985534927806529,-0.676926667261945,0.8543093110245531,0.6889560221197073,0,1,0,0
-1.2167034913610921,-0.3458369769424627,-0.8117815051097009,-1.0622687568484968,0,0,1,0
-1.4005631254201325,-0.23547374683596853,-0.5724006407225954,-1.1409427485825094,0,1,0,0
-1.1095577046163412,-0.5665634371554509,-1.2594237215135882,-1.1784585872334505,0,0,1,0
2.040148026436458,-0.3458369769424627,-0.459891634460656,1.2760971085790966,0,0,1,0
-0.8819521576260122,-0.12511051672947443,-0.684909646984535,-1.0655468398374142,0,1,0,0
-0.12685966050767808,-0.676926667261945,-0.2803559861703269,-0.16006747200984434,0,0,1,0
-0.5212068756274125,0.20597917359000792,-0.060125590934189885,-0.13712089108742392,0,0,0,1
-0.7729043746668572,-0.3458369769424627,-0.8835957644258325,-0.7803536198016187,0,0,1,0
0.36448936154665346,-0.5665634371554509,-0.6011263444490482,0.6765721530504645,0,1,0,0
-0.15602360246187072,-0.3458369769424627,-0.8524762520555089,-0.314137372488952,0,0,0,1
-0.6334246522772405,0.316342403696502,1.974611756356207,0.005293603208867089,1,0,0,0
-0.6759025677322602,0.09561594348351381,1.1822610952348878,-0.4128440935996807,1,0,0,0
1.2134136719089113,0.5370688639094903,2.178085491085246,2.8670600525335717,1,0,0,0
1.0752019469955638,-0.12511051672947443,0.5598708478284132,0.2154551459427802,0,1,0,0
-1.076589770233341,-0.3458369769424627,-0.8596576779871221,-1.2589537361835281,0,0,1,0
-0.06219178921794674,-0.12511051672947443,2.8962280842465624,0.7261076293274356,1,0,0,0
1.4093192819925096,1.5303379348679373,2.2475059417575065,1.2400381957010078,1,0,0,0
0.4031632845728653,-0.5665634371554509,-0.7591177149445378,0.18121739028075634,0,0,1,0
0.5508849905582323,-0.676926667261945,-0.40962165293936365,0.6135601133746119,0,1,0,0
0.46466116217192377,0.42670563380299614,-0.26359932566322947,0.2861160459261062,0,0,0,1
1.728220647274224,-0.676926667261945,-1.3623574932000435,0.5971696984300259,0,0,1,0
-1.0410858408978023,-0.3458369769424627,0.8375526505174556,-0.6885672961119375,0,0,0,1
0.5483489956056938,-0.5665634371554509,0.0787153104103313,0.5647530999840671,0,1,0,0
-0.5725607734163168,-0.12511051672947443,0.7202560269677739,-0.3818844209265739,0,0,0,1
-0.6949225298762988,-0.45620020704895675,-0.5700068320787245,-0.6332041167435584,0,0,1,0
-1.0810277614002832,-0.014747286622980312,0.10504720549291319,-0.6386675883917535,0,0,0,1
-0.3589031986649495,-0.45620020704895675,0.011688668381941924,-0.4208571853503671,0,1,0,0
-0.2016715116075634,-0.3458369769424627,-0.7160291593548587,-0.17099441530623485,0,0,1,0
0.8317464315518694,-0.12511051672947443,0.2199500203987235,0.9643149931887508,0,1,0,0
-0.23146945229989052,-0.676926667261945,-0.5724006407225954,-0.22198681735605771,0,0,1,0
-1.448113030780229,-0.3458369769424627,-0.05294416500257645,-1.347097745441079,0,1,0,0
-0.590946736822221,-0.45620020704895675,0.7226498356116453,-0.5374112471785338,0,1,0,0
-0.6086987014899903,0.09561594348351381,0.6029594034180926,-0.5141004348129006,0,0,0,1
0.5299630321997898,-0.45620020704895675,-0.007461800769026531,0.5490911479259072,0,0,0,1
-1.0556678118748983,-0.014747286622980312,0.04520198939613682,-1.2126963428954745,0,1,0,0
-0.10530370341110097,-0.45620020704895675,-0.7136353507109877,0.0020155202199500354,0,0,1,0
-0.7836823532151458,1.7510643950809255,1.1870487125226297,-0.2930119487825969,1,0,0,0
1.0669599633998141,0.6474320940159843,0.4497556502103449,1.3103348642411206,0,0,0,1
0.15843977165290152,-0.23547374683596853,0.9668183172864928,-0.1615243977826964,0,0,0,1
-0.013373886381580921,0.20597917359000792,2.841170485437528,0.8189866473467557,1,0,0,0
-0.7259884680448953,0.8681585542289726,0.9069731011897164,-0.4168506394750239,1,0,0,0
-0.07930975514758148,0.20597917359000792,0.5550832305406712,-0.10652544985753032,0,0,0,1
-1.0715177803282638,-0.676926667261945,-0.7519362890129246,-1.1085261501365504,0,0,1,0
-0.8844881525785506,-0.23547374683596853,-0.5676130234348533,-0.9952501712973011,0,1,0,0
2.3565133967656338,-0.5665634371554509,-0.23008600464903453,2.272634337209922,0,0,1,0
-0.2897973362082758,-0.3458369769424627,-0.9865295361122879,-0.6674418724055823,0,0,1,0
-0.05458380436033122,-0.5665634371554509,-0.7998124618903457,-0.2784426910540761,0,0,1,0
-0.912384097056474,0.5370688639094903,0.18404289074065802,-0.7708836022780802,0,0,0,1
-1.4100731064921517,-0.45620020704895675,-0.5125554246258192,-1.3627596974992389,0,0,1,0
-0.6993605210432412,-0.45620020704895675,-0.8285381656167982,-0.4408899147270834,0,0,1,0
-0.637862643444183,0.7577953241224785,0.418636137840021,-0.46638611575199485,0,0,0,1
-0.5148668882460664,-0.676926667261945,-0.6250644308877586,-0.8433656594774713,0,0,1,0
1.834098436542706,-0.45620020704895675,-0.5843696839419508,1.8031400069083379,0,0,1,0
0.001208084595515397,0.6474320940159843,0.9835749777935903,0.11492726761598654,0,0,0,1
-0.7329624541643761,-0.45620020704895675,-0.7567239063006665,-0.9996209486158572,0,0,1,0
1.343383413226509,-0.5665634371554509,-0.7543300976567956,1.433445092047122,0,0,1,0
0.9509381943211784,-0.45620020704895675,-0.25881170837548745,0.024962101142370182,0,0,1,0
0.5477149968675589,-0.5665634371554509,-0.6729406037651797,0.318532644372065,0,0,1,0
-0.5820707544883362,-0.5665634371554509,-0.19178506634709763,-0.6219129420039547,0,1,0,0
0.07665393443353542,-0.5665634371554509,-0.48861733818710845,-0.6783688157019728,0,0,1,0
1.0935879104014683,-0.23547374683596853,1.3067391447161825,0.4733310077375989,0,0,0,1
-0.3887011393572767,-0.45620020704895675,-0.16305936262064516,-0.5964167409790432,0,0,1,0
-0.4330810510267001,1.7510643950809255,1.4982438362258665,-0.3319847132063901,1,0,0,0
-0.38109315449966136,-0.5665634371554509,-0.6944848815600192,-0.4048310018489943,0,0,1,0
-0.19596552296435182,-0.45620020704895675,0.08350292769807331,-0.0114610431789319,0,0,0,1
-1.448113030780229,-0.45620020704895675,-0.19657268363484007,-1.224715980521504,0,1,0,0
1.1931257122886034,0.7577953241224785,0.10025958820517075,1.5004636775983173,0,0,0,1
-1.2116315014560153,-0.3458369769424627,-0.4024402270077506,-1.328157710394002,0,1,0,0
-1.2832733588652276,-0.45620020704895675,-0.682515838340664,-1.1813724387791547,0,1,0,0
-1.014457893896148,-0.3458369769424627,-1.1876094621974564,-0.9959786341837271,0,0,1,0
0.08426191929115094,-0.23547374683596853,0.7250436442555163,0.3545915572501542,1,0,0,0
-0.14524562391358206,2.41324377571989,1.340252465730377,0.3986635618789297,1,0,0,0
-1.0220658787537633,-0.5665634371554509,-1.0894633077987432,-0.7031365538404584,0,0,1,0
-0.7513484175702801,1.6407011649744314,1.4623367065678012,-0.7697909079484411,1,0,0,0
-0.04760981824085042,3.9583289972108076,2.424647781403965,1.2105354488007531,1,0,0,0
0.006280074500592485,-0.676926667261945,-0.7160291593548587,-0.10943930140323442,0,0,1,0
-1.0315758598257827,-0.23547374683596853,-0.1798160231277426,-0.9162119481200754,0,1,0,0
2.3419314257885375,-0.676926667261945,-0.8716267212064773,1.1161995050085807,0,0,1,0
2.0705799658669193,-0.45620020704895675,-0.7615115235884088,1.3023217724904341,0,0,1,0
0.03924800888359277,-0.014747286622980312,-0.13433365889419227,-0.3287066302174728,0,1,0,0
0.5768789388217515,-0.5665634371554509,-0.5652192147909822,0.48280102526113733,0,0,1,0
2.723598666145579,1.9717908552939136,1.4814871757187695,3.150067883910089,1,0,0,0
-0.9003381210319161,-0.3458369769424627,0.890216440682619,-0.7468443270260209,0,0,0,1
-0.15095161255679365,-0.45620020704895675,0.5838089342671241,0.3378369108623552,0,0,0,1
-0.6454706283017984,-0.5665634371554509,0.4784813539367974,-0.8291606331921635,0,0,0,1
0.24466360003921,-0.5665634371554509,-0.3258383504038768,-0.04023532719276051,0,0,1,0
-0.08057775262385071,0.20597917359000792,0.6915303232413214,-0.2627807389959162,0,0,0,1
1.3833253337289897,-0.5665634371554509,-0.680122029696793,0.1211192021506077,0,0,1,0
1.8245884554706864,-0.5665634371554509,-0.24205504786839,1.7557899192906452,0,0,1,0
-0.0926237286484086,-0.3458369769424627,0.5407203786774448,-0.03732147564705615,0,1,0,0
-0.18328554820165943,-0.45620020704895675,0.3133085575096948,-0.399731761644012,0,1,0,0
-0.0723357690281007,-0.3458369769424627,-0.5149492332696901,-0.11890931892677288,0,0,1,0
0.5680029564878668,0.20597917359000792,0.09547197091742875,0.3859154613664739,0,0,0,1
-0.9840259544656862,-0.676926667261945,-1.1923970794851986,-0.663799557973452,0,0,1,0
-0.20674350151264048,-0.3458369769424627,0.6197160639251896,-0.04751995605702077,0,1,0,0
0.7322086296647339,-0.5665634371554509,-0.948228597810351,1.0990806271775686,0,0,1,0
0.17175374515372863,-0.5665634371554509,-0.6298520481755009,0.13204614544699847,0,0,1,0
-1.238893447195804,0.6474320940159843,0.418636137840021,-1.0524345078817454,0,0,0,1
-0.4330810510267001,-0.3458369769424627,-0.9625914496735773,-0.4594657183309474,0,0,1,0
-0.821722277503223,-0.3458369769424627,-1.0559499867845483,-0.3134089096025261,0,0,1,0
0.5622969678446554,-0.676926667261945,-0.04336893042709244,0.09161645525035318,0,1,0,0
-1.335895254130401,3.7376025369978194,1.0529954284658507,-1.2309079150561255,1,0,0,0
0.12673983474617045,-0.45620020704895675,-0.7208167766426009,0.35896233456871035,0,0,1,0
-0.9764179696080707,-0.45620020704895675,0.3348528353045342,-0.6386675883917535,0,1,0,0
-0.050779811931523575,3.0754231563588545,2.6448781766401015,0.17575391863256082,1,0,0,0
-0.5541748100104128,-0.3458369769424627,-0.5700068320787245,-0.45363801523953906,0,0,1,0
0.13371382086565126,-0.5665634371554509,-1.3623574932000435,-0.08685695192402722,0,0,1,0
0.6295008340869254,-0.014747286622980312,0.23670668090582095,0.13131768256057233,0,1,0,0
-0.38806714061914216,0.6474320940159843,2.7645686088336543,-0.592774426546913,1,0,0,0
1.499347102807626,-0.676926667261945,-1.0751004559355168,1.4873513456426486,0,0,1,0
0.5635649653209244,-0.23547374683596853,0.05238341532774984,0.5651173314272803,0,1,0,0
-1.051229820707956,-0.5665634371554509,0.18404289074065802,-0.9617408785217031,0,1,0,0
0.32327944356790317,-0.3458369769424627,-0.4215906961587191,-0.32724970444462076,0,1,0,0
-0.1680695784864284,-0.5665634371554509,-0.9769543015368036,-0.7238977461036005,0,0,1,0
-0.8800501614116082,0.6474320940159843,0.07392769312258929,-0.6648922523030911,0,0,0,1
2.1612417854201706,-0.014747286622980312,-0.2923250293896819,1.659997049725621,0,1,0,0
0.9623501716076016,0.7577953241224785,0.899791675258103,1.2771898029087358,0,0,0,1
-0.3493932175929303,-0.23547374683596853,-0.16305936262064516,-0.10434006119825211,0,1,0,0
0.42345124419317326,-0.3458369769424627,-0.5029801900503349,-0.17973596994334742,0,0,1,0
1.6375588277209734,-0.45620020704895675,-1.211547548636167,0.47988717371543327,0,0,1,0
0.8051184845502153,-0.23547374683596853,0.2199500203987235,0.7774642628204713,0,1,0,0
0.6326708277775983,-0.5665634371554509,0.20558716853549747,0.5170387809231615,0,0,1,0
-0.21942347627533287,-0.45620020704895675,0.14334814379484967,-0.4667503471952078,0,0,1,0
0.8399884151476197,-0.45620020704895675,0.23191906361807893,0.8940183246486381,0,0,0,1
-0.7570544062134917,-0.5665634371554509,-0.40962165293936365,-1.0160113635604433,0,1,0,0
0.5147470624845588,0.42670563380299614,2.5443382135975177,0.8288208963135071,1,0,0,0
1.241309616386835,-0.676926667261945,0.12659148328775266,1.8129742558750892,0,0,0,1
0.5420090082243475,0.7577953241224785,1.6921423363794226,1.3234471961967893,1,0,0,0
1.564014974097357,-0.676926667261945,-0.9123214681522852,0.5658457943137062,0,0,1,0
0.16160976534357469,0.5370688639094903,1.299557718784569,0.7989539179700397,1,0,0,0
0.07728793317166992,-0.5665634371554509,-0.5795820666542087,-0.09523427511792658,0,0,1,0
0.7169926599495029,-0.5665634371554509,-1.0535561781406775,0.8015035380725306,0,0,1,0
-0.7076025046389913,-0.45620020704895675,-0.6442149000387271,-0.5720132342837708,0,0,1,0
-0.4609769955046235,-0.014747286622980312,0.31091474886582376,-0.2835419312590584,0,0,0,1
-1.3219472818914395,-0.5665634371554509,0.24628191548130537,-1.1566047006406692,0,0,0,1
-0.42483906743095007,-0.5665634371554509,-1.0463747522090643,-0.8451868166935365,0,0,1,0
-0.6131366926569327,-0.3458369769424627,-0.8500824434116379,-0.5151931291425397,0,0,1,0
-0.08818573748146623,-0.014747286622980312,-0.46467925174839797,-0.1389420483034892,0,1,0,0
0.11279186250720885,-0.676926667261945,-0.9673790669613194,0.05737869958832906,0,0,1,0
0.7962425022163305,-0.5665634371554509,-0.80938769646583,-0.10470429264146505,0,0,1,0
2.455417199914635,2.192517315506902,1.6346909289265168,4.59825210212506,1,0,0,0
1.653408796174339,3.0754231563588545,2.628121516133005,2.5075636180823198,1,0,0,0
0.01896004926328487,-0.45620020704895675,-0.8931709990013168,-0.5640001425330844,0,0,1,0
4.928012278639658,0.316342403696502,0.3372466439484052,6.271895583688891,0,0,0,1
0.39872529340592294,-0.45620020704895675,-1.3623574932000435,0.048637144951216744,0,0,1,0
0.16224376408170918,1.8614276251874196,2.158935021934278,1.1296760684074625,1,0,0,0
1.597616907218492,-0.014747286622980312,0.018870094313554932,1.8745293697780903,0,0,0,1
0.2985534927806529,0.42670563380299614,0.6628046195148689,0.7239222406681572,0,0,0,1
-0.8483502245048772,-0.5665634371554509,-0.6107015790245324,-0.7697909079484411,0,1,0,0
-0.12368966681700494,0.6474320940159843,2.7573871829020415,0.5152176237070962,1,0,0,0
-0.9085801046276663,0.42670563380299614,0.8327650332297136,-0.6929380734304937,1,0,0,0
-1.2807373639126889,-0.5665634371554509,-1.1780342276219724,-1.3343496449286232,0,0,1,0
-0.3436872289497185,-0.014747286622980312,-0.8668391039187351,-0.31777968692108227,0,1,0,0
0.2605135684925755,-0.676926667261945,-0.4814359122554954,-0.30138927197649623,0,1,0,0
0.06397395967084304,-0.3458369769424627,-0.9554100237419642,-0.45582340389881715,0,0,1,0
-0.20420750656010184,-0.45620020704895675,-0.13193985025032126,-0.7300896806382219,0,1,0,0
1.0777379419481028,-0.5665634371554509,-0.8524762520555089,1.4691397734819978,0,0,1,0
-0.5256448667943548,0.6474320940159843,-0.5412811283522718,-0.6550580033363396,0,0,0,1
-0.19152753179740944,3.8479657671043137,1.3019515274284406,0.1863166304857384,1,0,0,0
-0.9903659418470323,0.9785217843354668,1.072145897616819,-0.6922096105440677,1,0,0,0
-1.1120936995688797,0.7577953241224785,0.7848888603522927,-1.1810082073359418,0,0,0,1
0.4665631583863277,0.5370688639094903,1.3211019965794089,0.31561879282636096,0,0,0,1
0.3873133161194998,1.7510643950809255,2.5180063185149364,0.5181314752528006,1,0,0,0
-0.8058723090498575,0.20597917359000792,-0.3425950109109743,-0.7468443270260209,0,0,0,1
0.2649515596595179,-0.5665634371554509,-0.4981925727625927,0.22456093202310573,0,0,1,0
0.115961856197882,-0.5665634371554509,-0.5628254061471113,0.24095134696769152,0,0,1,0
2.6139168844482894,1.199248244548455,1.718474231462004,2.971230245292496,1,0,0,0
-0.34812522011666086,-0.3458369769424627,-0.17502840584000018,-0.04642726172738167,0,0,1,0
-0.16299758858135152,2.9650599262523607,0.859096928312295,0.29886414643856196,1,0,0,0
-0.6822425551136064,3.0754231563588545,1.5987837992684513,-0.7701551393916541,1,0,0,0
-0.5801687582739324,-0.23547374683596853,-0.32823215904774783,-0.21033141117324103,0,1,0,0
-0.7722703759287226,-0.3458369769424627,0.10504720549291319,-0.7767113053694885,0,1,0,0
-0.5040889096977778,-0.014747286622980312,-0.5676130234348533,-0.749758178571725,0,1,0,0
0.24910159120615236,-0.5665634371554509,-0.7184229679987297,0.1648269753361703,0,0,1,0
1.1804457375259112,0.09561594348351381,0.6532293849393845,0.6037258644078602,0,0,0,1
-0.43434904850296957,0.6474320940159843,-0.12236461567483725,-0.07702270295727555,0,0,0,1
-0.4736569702673159,-0.23547374683596853,-0.4814359122554954,-0.3735070977326745,0,1,0,0
0.2801675293747489,-0.3458369769424627,-0.9195028940838985,-0.16990172097659575,0,0,1,0
-0.9117500983183393,-0.5665634371554509,-1.0080738139071272,-0.8156840697932818,0,0,1,0
0.082359923076747,-0.45620020704895675,-0.9027462335768011,-0.28609155136154957,0,0,1,0
0.5401070120099436,-0.45620020704895675,-1.1708528016903592,0.40558395929997704,0,0,1,0
3.0298200566646014,-0.3458369769424627,-0.7399672457935693,2.5214044129244146,0,0,1,0
-1.0461578308028792,-0.676926667261945,-0.907533850864543,-1.0003494115022833,0,0,1,0
-0.22132547248973658,-0.5665634371554509,-0.7040601161355035,-0.6525083832338484,0,0,1,0
-0.9935359355377055,-0.3458369769424627,-0.7088477334232455,-0.9205827254386317,0,0,1,0
-0.9016061185081854,-0.23547374683596853,-0.15827174533290317,-0.8943580615272942,0,0,0,1
0.2731935432552679,3.0754231563588545,3.015918516440115,0.5031979860810666,1,0,0,0
-0.3081832996141798,-0.23547374683596853,0.05477722397162084,-0.5596293652145281,0,1,0,0
-0.5199388781511433,-0.45620020704895675,-0.05294416500257645,-0.609893304377925,0,1,0,0
-1.108289707140072,-0.676926667261945,-0.8835957644258325,-0.7559501131063464,0,0,1,0
0.013254060620073284,1.0888850144419608,0.7154684096800319,0.49190681134146286,1,0,0,0
1.2146816693851807,-0.676926667261945,-1.2330918264310065,0.08688144648858383,0,0,1,0
0.6922667091622526,-0.5665634371554509,-0.8883833817135746,0.19724357378212917,0,0,1,0
-1.0810277614002832,-0.45620020704895675,-1.070312838647775,-0.8564779914331401,0,0,1,0
0.41394126312115403,-0.45620020704895675,-0.8213567396851852,-0.30466735496541353,0,0,1,0
-0.5985547216798364,-0.45620020704895675,-0.08885129466064236,-0.7064146368293756,0,1,0,0
-0.9688099847504552,-0.676926667261945,-0.30190026396516634,-1.0546198965410234,0,0,1,0
-0.5116968945553932,-0.45620020704895675,-0.8022062705342168,-0.5068158059486402,0,0,1,0
1.7649925740860322,0.316342403696502,-0.32823215904774783,1.405399270919719,0,0,0,1
-0.08057775262385071,-0.676926667261945,-0.08645748601677135,-0.6357537368460495,0,1,0,0
-0.05268180814592728,-0.3458369769424627,-0.02421846127612398,-0.10652544985753032,0,1,0,0
-0.3360792440921032,-0.014747286622980312,1.1128406445626269,0.14406578307302811,0,0,0,1
3.00763010082989,2.8546966961458664,2.4270415900478355,4.249318379526986,1,0,0,0
0.8298444353374655,0.5370688639094903,-0.17263459719612917,0.070855262987211,0,0,0,1
0.11469385872161257,-0.3458369769424627,0.9165483357652005,0.6740225329479733,0,0,0,1
0.0214960442158233,-0.3458369769424627,-0.7830558013832483,-0.09414158078828748,0,0,1,0
-0.30057531475656424,-0.014747286622980312,-0.033793695851608,-0.3090381322839697,0,1,0,0
-0.19596552296435182,1.0888850144419608,0.8806412061071345,0.9399114864934783,1,0,0,0
-1.1203356831646298,-0.676926667261945,-0.7543300976567956,-0.9315096687350224,0,0,1,0
-0.43054505607416166,-0.45620020704895675,0.00929485973807092,-0.4660218843087818,0,1,0,0
1.2000996984080847,-0.014747286622980312,-0.16066555397677415,0.9162364426846323,0,0,0,1
0.8615443722441967,-0.3458369769424627,-0.7351796285058272,0.22055438614776252,0,0,1,0
-1.1412576415230722,-0.45620020704895675,-0.5556439802154981,-1.1963059279508887,0,0,1,0
0.28650751675609504,-0.3458369769424627,-0.11278938109935281,0.050094070724068795,0,1,0,0
0.037346012669188834,-0.3458369769424627,-1.1014323510180986,-0.33599125908173333,0,0,1,0
-0.12876165672208204,-0.676926667261945,-1.0487685608529353,-0.36112322866343166,0,0,1,0
-0.12305566807887044,-0.12511051672947443,0.06435245854710528,0.13095345111735937,0,1,0,0
-0.915554090747147,-0.45620020704895675,-1.034405708989709,-0.9693897388291766,0,0,1,0
0.8590083772916581,-0.5665634371554509,0.30373332293421074,0.36114772322798855,0,1,0,0
-0.020981871239196214,0.42670563380299614,2.496462040720097,0.2001574253278333,1,0,0,0
-0.7285244629974338,3.7376025369978194,2.5826391518994547,-0.48751153945834996,1,0,0,0
-0.35319721002173793,-0.014747286622980312,-0.6298520481755009,-0.6335683481867714,0,1,0,0
-1.1273096692841107,-0.5665634371554509,0.061958649903233846,-1.0396864073692895,0,1,0,0
1.4219992567552022,1.0888850144419608,2.5970020037626806,0.8503105514630754,1,0,0,0
-0.7354984491169145,-0.676926667261945,-0.467073060392269,-0.6157210074693333,0,0,1,0
0.9388922182966204,-0.5665634371554509,-0.6011263444490482,0.5585611654494459,0,0,1,0
-0.6384966421823176,0.316342403696502,0.0787153104103313,-0.38115595804014796,0,0,0,1
2.478241154487481,-0.3458369769424627,-0.2803559861703269,1.7404921986756983,0,0,1,0
-1.0601058030418407,-0.45620020704895675,-0.6083077703806612,-1.067367997053479,0,0,1,0
-1.1292116654985145,-0.23547374683596853,0.8878226320387479,-1.0983276697265858,0,0,0,1
0.8666163621492735,0.7577953241224785,1.5820271387613538,1.265898628169132,1,0,0,0
0.8399884151476197,-0.23547374683596853,1.771138021627167,1.7623460852684798,1,0,0,0
-0.9770519683462053,0.316342403696502,0.10265339684904176,-1.0345871671643072,0,0,0,1
-0.7798783607863381,-0.45620020704895675,-0.1702407885522582,-0.9723035903748807,0,1,0,0
0.9642521678220051,-0.5665634371554509,-0.3114754985406504,1.5536414683074187,0,0,0,1
-0.06409378543235067,-0.45620020704895675,-0.4934049554748507,-0.21980142869677977,0,0,1,0
-0.5357888466045089,-0.014747286622980312,-0.34977643684258725,-0.3796990322672959,0,1,0,0
-0.41532908635893084,-0.676926667261945,-0.07448844279741591,-0.2951973374418751,0,1,0,0
-1.3194112869389008,-0.676926667261945,-0.639427282750985,-1.41593748820834,0,0,1,0
-0.03809983716883119,-0.3458369769424627,-0.5340997024206586,0.12548997946916413,0,0,1,0
-0.8990701235556469,-0.5665634371554509,-0.3976526097200086,-1.0418717960285677,0,0,1,0
0.5324990271523282,-0.45620020704895675,-0.9147152767961563,0.32363188457704734,0,0,1,0
-1.0005099216571862,-0.3458369769424627,-0.7686929495200219,-0.8637626202974006,0,0,1,0
-1.1773955695967457,0.5370688639094903,0.4306051810593765,-1.1453135259010656,0,0,0,1
-0.2485874182295253,-0.5665634371554509,-0.5484625542838848,-0.3363554905249463,0,0,1,0
0.8716883520543508,-0.45620020704895675,-0.19417887499096864,1.284110200329783,0,0,0,1
0.353711382998365,-0.3458369769424627,-0.5197368505574324,0.43836478918914884,0,1,0,0
-0.18201755072539022,2.41324377571989,2.1996297688800857,-0.09450581223150042,1,0,0,0
0.9179702599381779,0.42670563380299614,0.35400330445550265,1.3398376111413755,0,0,0,1
-0.9916339393233017,0.7577953241224785,2.52758155309042,-0.4900611595608411,1,0,0,0
0.20091768710792127,-0.014747286622980312,-0.20614791821032408,0.16846928976830056,0,0,0,1
-0.5903127380840864,-0.45620020704895675,0.7489817306942268,-1.0018063372751354,0,0,0,1
-0.3747531671183151,3.8479657671043137,3.1930603560865736,0.04463059907587353,1,0,0,0
-0.8642001929582427,-0.3458369769424627,-1.12776424610068,-0.7909163316547964,0,0,1,0
-0.3912371343098151,0.6474320940159843,0.6915303232413214,-0.4988027141979536,0,0,0,1
0.8907083141983893,-0.45620020704895675,-0.8788081471380905,1.1660992127287646,0,1,0,0
-0.8451802308142041,1.6407011649744314,1.9147665402594305,-0.171722878192661,1,0,0,0
1.4454572100661829,-0.676926667261945,-0.7471486717251824,0.8382909138370459,0,0,1,0
-1.357451211226978,-0.45620020704895675,-0.5364935110645296,-1.3361708021446885,0,0,1,0
-0.7754403696193958,-0.676926667261945,-0.996104770687772,-0.7818105455744708,0,0,1,0
0.19457769972657496,-0.45620020704895675,-0.9195028940838985,-0.3636728487659228,0,1,0,0
-0.5281808617468933,-0.676926667261945,-1.1469147152516486,-0.30830966939754384,0,0,1,0
-0.5681227822493745,1.199248244548455,2.410284929540739,-0.11162469006251262,1,0,0,0
-0.5174028831986048,-0.5665634371554509,-0.5700068320787245,-0.3764209492783786,0,0,1,0
1.406783287039971,-0.3458369769424627,0.2869766624271133,1.1362322343852966,0,1,0,0
-1.1697875847391301,-0.5665634371554509,-0.8596576779871221,-0.9402512233721348,0,0,1,0
0.5305970309379243,-0.3458369769424627,-0.18460364041548463,0.22456093202310573,0,1,0,0
-0.45463700812327723,-0.3458369769424627,-0.6250644308877586,-0.748665484242086,0,0,1,0
0.4995310927693278,-0.3458369769424627,0.09307816227355775,0.4704171561918948,0,1,0,0
0.8888063179839854,-0.12511051672947443,-0.18220983177161362,0.6514401834687661,0,1,0,0
-0.6987265223051066,-0.676926667261945,-0.16305936262064516,-0.557808207998463,0,1,0,0
1.7548485942758782,-0.5665634371554509,-0.5628254061471113,1.9382698723403688,0,0,1,0
0.28523951927982577,-0.12511051672947443,-0.019430843988381973,-0.15059745448630585,0,1,0,0
-1.1577416087145722,-0.45620020704895675,-0.6346396654632429,-0.9366089089400047,0,1,0,0
1.5468970081677225,-0.45620020704895675,-0.18220983177161362,1.7794649630994919,0,1,0,0
-0.2080114989889097,-0.676926667261945,-0.7471486717251824,-0.28427039414548433,0,0,1,0
-0.4907749361969507,0.7577953241224785,0.669986045446482,0.24641481861588704,1,0,0,0
0.8869043217695813,-0.5665634371554509,-0.5269182764890453,0.3509492428180239,0,0,1,0
0.47226914702953904,0.6474320940159843,0.8399464591613266,0.6791217731529556,0,0,0,1
-0.24097943337191,-0.3458369769424627,-0.6370334741071139,-0.4270491198849885,0,0,1,0
0.7442546056892916,2.523607005826384,1.6251156943510328,1.121298745213563,1,0,0,0
0.1692177502011902,-0.5665634371554509,-0.639427282750985,-0.09487004367471363,0,0,1,0
-0.12685966050767808,-0.3458369769424627,0.1888305080284,-0.44343953482957454,0,1,0,0
-0.6492746207306062,-0.3458369769424627,-0.3425950109109743,-0.41721487091823684,0,1,0,0
-0.8584942043150311,-0.5665634371554509,-0.7471486717251824,-0.7610493533113287,0,0,1,0
0.625062842919983,3.296149616571843,1.7256556573936166,1.111828727690024,1,0,0,0
-0.7659303885473764,0.5370688639094903,-0.44552878259742956,-1.0863080321005563,0,0,0,1
-0.6657585879221063,-0.3458369769424627,-0.44313497395355855,-0.5789336317048183,0,0,1,0
0.6973386990673299,-0.014747286622980312,-0.2659931343071004,0.7049822056210802,0,1,0,0
-0.3233992693294108,-0.3458369769424627,-1.1469147152516486,-0.609893304377925,0,0,1,0
-0.5484688213672012,-0.3458369769424627,-0.8716267212064773,-0.6721768811673515,0,0,1,0
-0.48253295260120066,-0.5665634371554509,-0.8835957644258325,-0.5279412296549952,0,0,1,0
-0.8128462951693385,-0.676926667261945,-0.36174548006194274,-1.013461743457952,0,0,1,0
-0.11988567438819729,-0.3458369769424627,-0.16305936262064516,0.070855262987211,0,1,0,0
0.9097282763424277,-0.45620020704895675,-0.6298520481755009,0.3400222995216334,0,0,1,0
-0.8718081778158582,-0.12511051672947443,-0.03139988720773699,-0.8105848295882995,0,1,0,0
-0.9941699342758401,-0.5665634371554509,-1.0511623694968064,-0.8746895635937911,0,0,1,0
-0.28662734251760263,-0.5665634371554509,0.3611847303871157,-0.34327588794599384,0,0,0,1
-1.1260416718078412,-0.676926667261945,0.12659148328775266,-0.8521072141145839,0,1,0,0
0.46339316469565434,-0.12511051672947443,-0.4120154615832349,0.5472699907098422,0,0,0,1
-0.9187240844378202,-0.676926667261945,0.040414372108394395,-0.5949598152061911,0,1,0,0
-0.40962309771571925,-0.014747286622980312,0.9093669098335874,-0.5468812647020723,0,0,0,1
-0.12939565546021653,0.5370688639094903,0.6532293849393845,0.5170387809231615,0,0,0,1
0.4291572328363848,-0.014747286622980312,-0.5125554246258192,0.6904129478925594,0,1,0,0
0.16224376408170918,-0.014747286622980312,0.48566277986841083,0.5061118376267707,0,0,0,1
-0.3100852958285837,0.09561594348351381,-0.1702407885522582,-0.023480680804961525,0,0,0,1
0.6199908530149058,-0.12511051672947443,-0.7208167766426009,0.7862058174575837,0,1,0,0
1.1931257122886034,1.6407011649744314,1.9865807995755616,1.643970866224248,1,0,0,0
-0.7183804831872799,0.316342403696502,0.9572430827110083,-0.5166500549153917,0,0,0,1
-0.5135988907697973,4.068692227317301,3.1044894362633446,-0.5330404698599776,1,0,0,0
-0.9434500352250703,-0.3458369769424627,0.18404289074065802,-0.9540920182142296,0,0,0,1
-1.1957815330026498,2.41324377571989,0.6197160639251896,-0.9500854723388864,1,0,0,0
-0.5262788655324896,-0.5665634371554509,-1.0415871349213222,-0.33489856475209423,0,0,1,0
2.5080390951798086,0.316342403696502,0.27979523649549987,2.3422025428636086,0,0,0,1
-0.08945373495773544,-0.12511051672947443,0.16968003887743155,0.1473438660619454,0,1,0,0
0.7404506132604841,-0.3458369769424627,-0.19178506634709763,0.6110104932721208,0,1,0,0
-0.8882921450073583,1.9717908552939136,2.4270415900478355,-0.6430383657103098,1,0,0,0
-0.5351548478663744,-0.23547374683596853,0.0763215017664603,-0.5155573605857525,0,1,0,0
-0.8166502875981461,-0.3458369769424627,0.10983482278065519,-0.5308550812006995,0,1,0,0
2.021128064292419,3.627239306891325,1.7998637253536198,2.4216049974840477,1,0,0,0
-0.9130180957946086,-0.45620020704895675,0.30373332293421074,-0.6550580033363396,0,1,0,0
2.0921359229634966,-0.23547374683596853,0.25106953276904737,2.044625453758571,0,1,0,0
-0.11354568700685098,-0.45620020704895675,-1.0559499867845483,-0.4212214167935803,0,0,1,0
-0.821722277503223,-0.5665634371554509,-0.7016663074916325,-0.7592281960952636,0,0,1,0
-0.5452988276765283,-0.45620020704895675,-0.6777282210529217,-0.4026456131897161,0,0,1,0
-1.1171656894739568,-0.5665634371554509,0.10983482278065519,-0.9198542625522057,0,1,0,0
1.0644239684472756,-0.12511051672947443,-0.19417887499096864,0.6077324102832035,0,1,0,0
-0.3493932175929303,-0.5665634371554509,-0.7591177149445378,-0.19649061633114642,0,0,1,0
-0.7671983860236457,-0.014747286622980312,-0.14390889346967672,-0.2678799792008985,1,0,0,0
0.35180938678396106,-0.676926667261945,-1.1876094621974564,0.028240184131287493,0,0,1,0
-0.1623635898432168,-0.45620020704895675,-1.3527822586245593,-0.27589307095158494,0,1,0,0
0.1559037767003631,-0.3458369769424627,-0.7758743754516351,0.22055438614776252,0,0,1,0
0.26938955082646027,-0.3458369769424627,-1.0056800052632562,-0.35711668278808845,0,0,1,0
2.185333737469286,-0.45620020704895675,-0.8620514866309931,2.1320410001296954,0,1,0,0
0.3188414524009608,-0.676926667261945,0.047595798040007825,0.1400592371976849,0,1,0,0
-0.5078929021265857,-0.5665634371554509,-1.1876094621974564,-0.5421462559403031,0,0,1,0
-0.06599578164675439,-0.5665634371554509,-1.1445209066077775,-0.3068527436246918,0,0,1,0
-0.5097948983409893,-0.676926667261945,-0.680122029696793,-0.4336052858628229,0,0,1,0
-0.7722703759287226,-0.5665634371554509,-0.6202768136000166,-0.9129338651311583,0,0,1,0
-1.0975117285917833,-0.676926667261945,0.02126390295742594,-1.1249165650811364,0,1,0,0
1.8328304390664365,-0.12511051672947443,0.05238341532774984,1.193416570969741,0,1,0,0
3.57696096767478,0.5370688639094903,0.8375526505174556,4.180842868202938,0,0,0,1
0.9262122435339282,-0.45620020704895675,-0.06491320822193189,0.141151931527324,0,1,0,0
-0.9745159733936668,-0.014747286622980312,-0.0026741834812845236,-0.785452860006601,0,1,0,0
-0.48697094376814304,-0.3458369769424627,-0.40722784429549264,-0.8546568342170751,0,0,1,0
0.3670253564991919,-0.5665634371554509,-0.7591177149445378,0.33164497632773376,0,0,1,0
-1.4240210787311134,-0.5665634371554509,0.038020563464523385,-1.0498848877792542,0,1,0,0
-0.47619296521985455,-0.45620020704895675,-0.9721666842490616,-0.8630341574109744,0,0,1,0
0.2243756404189021,2.523607005826384,1.0506016198219796,0.3134334041670827,1,0,0,0
2.17899375008794,-0.5665634371554509,0.16010480430194712,1.5004636775983173,0,1,0,0
-0.8699061816014544,-0.014747286622980312,-0.12475842431870826,-0.7989294234054828,0,1,0,0
-0.3874331418810074,-0.676926667261945,-0.2755683688825849,-0.25185379569952543,0,1,0,0
-1.1368196503561299,-0.3458369769424627,-0.36174548006194274,-0.9668401187266854,0,0,1,0
2.689996733024444,-0.45620020704895675,-0.19178506634709763,2.144060637755725,0,0,1,0
-0.7602243999041649,-0.23547374683596853,0.5431141873213162,-0.3053958178518397,0,0,0,1
0.32771743473484555,1.5303379348679373,2.2618687936207333,0.7435907386016601,1,0,0,0
-0.7729043746668572,0.5370688639094903,0.2893704710709843,-0.8193263842254119,0,0,0,1
4.384041361320152,-0.676926667261945,-0.687303455628406,4.13640663213095,0,0,1,0
-0.6340586510153752,3.406512846678337,2.1278155095639537,-0.3101308266136088,1,0,0,0
1.031456034064275,-0.3458369769424627,-0.44552878259742956,0.32326765313383443,0,0,1,0
0.9357222246059475,-0.45620020704895675,0.35160949581163164,0.8466682370309455,0,0,0,1
-0.922528076866628,-0.3458369769424627,-0.5819758752980797,-0.9063776991533239,0,0,1,0
0.353711382998365,-0.676926667261945,-1.0463747522090643,0.05919985680439432,0,0,1,0
-0.4356170459792388,-0.23547374683596853,0.07392769312258929,-0.13347857665529367,0,1,0,0
1.1062678851641605,-0.12511051672947443,-0.12715223296257927,1.467682847709146,0,1,0,0
0.5439110044387514,-0.676926667261945,-0.3593516714180717,0.4587617500090781,0,0,1,0
-0.33861523904464164,-0.5665634371554509,-0.7447548630813113,-0.5938671208765521,0,1,0,0
-0.5516388150578744,0.42670563380299614,2.0751517193987907,-0.09559850656113954,1,0,0,0
0.18950570982149786,-0.676926667261945,-0.8644452952748641,0.026054795472009284,0,0,1,0
2.5993349134711936,-0.5665634371554509,0.45454326749808693,2.797127615436672,0,0,0,1
-0.2599993955159487,-0.23547374683596853,-0.07448844279741591,-0.21033141117324103,0,1,0,0
-0.6086987014899903,-0.676926667261945,-0.2803559861703269,-0.6488660688017182,0,1,0,0
-0.4666829841478351,-0.676926667261945,-0.5412811283522718,-0.43797606318137905,0,0,1,0
0.3422994057119416,-0.5665634371554509,-0.7040601161355035,0.43727209485950974,0,0,1,0
0.6206248517530407,-0.5665634371554509,0.38751662546969756,0.44856326959911347,0,1,0,0
-1.1526696188094954,0.7577953241224785,-0.1367274675380637,-0.8903515156519509,0,0,0,1
0.06460795840897754,-0.45620020704895675,-0.46467925174839797,-0.2886411714640407,0,0,1,0
0.40443128204913453,-0.45620020704895675,-0.24205504786839,-0.0813934802758317,0,1,0,0
0.763908566571465,-0.5665634371554509,-0.4287721220903321,0.26535485366296396,0,1,0,0
0.034810017716650404,-0.23547374683596853,0.626897489856803,-0.3381766477410115,0,1,0,0
-0.2625353904684871,-0.676926667261945,-1.0056800052632562,-0.6871103703390854,0,0,1,0
0.1305438271749781,-0.676926667261945,-0.7926310359587325,0.49955567164893633,0,0,1,0
-0.8711741790777235,-0.014747286622980312,-0.16784697990838718,-0.7960155718597786,0,0,0,1
1.8753083545214564,-0.45620020704895675,0.1074410141367842,1.843569697104983,0,1,0,0
-1.0778577677096102,-0.676926667261945,0.3659723476748581,-1.0007136429454964,0,0,0,1
0.9388922182966204,-0.12511051672947443,1.2301372681123086,0.35604848302300623,0,0,0,1
-0.5231088718418164,-0.3458369769424627,0.12898529193162364,-0.33344163897924217,0,1,0,0
2.0236640592449575,2.0821540854004077,2.9488918744117263,2.6802093221652923,1,0,0,0
-1.186905550668765,-0.3458369769424627,-0.5867634925858217,-1.1281946480700535,0,0,1,0
0.5965328997039249,-0.014747286622980312,-0.35217024548645826,0.36224041755762765,0,1,0,0
0.5692709539641362,-0.12511051672947443,1.847739898231041,1.1559007323188,1,0,0,0
-0.3760211645945843,-0.45620020704895675,-0.5843696839419508,-0.7599566589816896,0,0,1,0
0.9059242839136203,-0.3458369769424627,0.17207384752130256,1.1467949462384746,0,1,0,0
-0.9529600162970897,0.6474320940159843,0.3611847303871157,-1.0440571846878457,0,0,0,1
-0.5979207229417017,-0.45620020704895675,-0.9314719373032537,-0.2554961101316557,0,0,1,0
0.6301348328250599,-0.3458369769424627,-1.0176490484826115,-0.04861265038665988,0,0,1,0
-0.5091608996028548,-0.5665634371554509,-0.24444885651226098,-0.27771422816764996,0,1,0,0
-0.4926769324113546,-0.45620020704895675,-0.907533850864543,-0.6397602827213926,0,0,1,0
-0.7925583355490305,-0.676926667261945,-0.5795820666542087,-0.5741986229430489,0,0,1,0
0.39745729592965373,2.41324377571989,1.4120667250465089,1.3777176812355298,1,0,0,0
-0.3798251570233919,-0.3458369769424627,-0.8620514866309931,-0.40738062195148544,0,0,1,0
0.3847773211669614,-0.45620020704895675,-1.0056800052632562,-0.23509914931172643,0,0,1,0
-0.20040351413129417,-0.45620020704895675,-0.005067992125155527,-0.2336422235388744,0,1,0,0
1.2311656365766808,-0.014747286622980312,-0.816569122397443,1.1795757761276466,0,1,0,0
-0.6264506661577597,0.5370688639094903,0.4258175637716345,-0.2635092018823421,0,0,0,1
-0.13256564915088967,-0.014747286622980312,0.6173222552813186,-0.3607589972202187,0,0,0,1
0.13371382086565126,-0.12511051672947443,-0.38568356650065316,0.44965596392875257,0,1,0,0
0.5401070120099436,-0.676926667261945,-1.1684589930464881,0.8397478396098976,0,0,1,0
0.5293290334616549,-0.45620020704895675,-0.7327858198619561,0.7330280267484828,0,0,1,0
-1.2997573260567277,3.0754231563588545,0.6436541503639005,-0.9453504635771172,1,0,0,0
-1.222409480004304,-0.676926667261945,0.19361812531614203,-1.0101836604690348,0,0,0,1
0.46909915333886615,-0.676926667261945,-0.7040601161355035,-0.07847962873012759,0,0,1,0
-1.3536472187981705,-0.23547374683596853,0.3276714093729212,-1.2411063954660901,0,1,0,0
0.278265533160345,0.316342403696502,1.021875916095527,0.387372387139326,0,0,0,1
1.3370434258451627,-0.45620020704895675,-0.4024402270077506,1.476060170903045,0,1,0,0
-0.43054505607416166,-0.5665634371554509,-0.7830558013832483,-0.39062597556368645,0,0,1,0
1.122117853617526,3.0754231563588545,2.865108571876239,2.743949824727571,1,0,0,0
1.0187760593015824,-0.676926667261945,-0.7064539247793744,0.370617740751527,0,0,1,0
-0.27204537154050634,-0.676926667261945,-0.3976526097200086,-0.5155573605857525,0,1,0,0
-0.8946321323887045,-0.23547374683596853,-0.5724006407225954,-1.0411433331421416,0,1,0,0
-0.5338868503901049,-0.5665634371554509,-0.33301977633548985,-0.6546937718931265,0,0,1,0
0.20218568458419048,-0.014747286622980312,-0.46946686903614,-0.08685695192402722,0,1,0,0
-0.9402800415343973,-0.45620020704895675,-0.8452948261238956,-1.047699499119976,0,0,1,0
0.13244582338938204,-0.3458369769424627,-0.8405072088361536,0.01585631506204466,0,0,1,0
0.29538349908997974,-0.12511051672947443,1.2732258237019876,0.6874990963468552,1,0,0,0
-0.5383248415570473,-0.676926667261945,-0.38568356650065316,-0.49807425131152755,0,1,0,0
-1.1647155948340533,-0.5665634371554509,-0.8716267212064773,-0.9686612759427505,0,0,1,0
0.09186990414876624,0.7577953241224785,1.0984777926994005,0.5177672438095874,1,0,0,0
1.4200972605407982,-0.12511051672947443,-0.0026741834812845236,1.434173554933548,0,1,0,0
-0.3899691368335459,-0.676926667261945,-0.80938769646583,-0.4743992075026813,0,0,1,0
-1.0366478497308598,-0.676926667261945,-0.684909646984535,-1.1296515738429056,0,0,1,0
0.5160150599608277,1.0888850144419608,1.9387046266981407,1.9142305970883091,1,0,0,0
-0.47746096269612376,-0.45620020704895675,0.3372466439484052,-0.978859756352715,0,0,0,1
-0.18582154315419785,-0.12511051672947443,-0.02900607856386599,0.17138314131400467,0,1,0,0
-1.3371632516066703,-0.5665634371554509,-0.7064539247793744,-1.1037911413747812,0,0,1,0
0.8577403798153888,-0.23547374683596853,-0.060125590934189885,1.241859352917073,0,1,0,0
0.18696971486895944,-0.676926667261945,-0.9147152767961563,0.2547921418097864,0,1,0,0
-0.7748063708812611,-0.5665634371554509,-0.8812019557819616,-0.7577712703224115,0,0,1,0
0.883100329340774,0.5370688639094903,-0.11278938109935281,0.7938546777650574,0,0,0,1
-1.3498432263693627,-0.23547374683596853,2.439010633267191,-1.1780943557902377,1,0,0,0
0.5286950347235204,-0.676926667261945,-1.163671375758746,0.04499483051908648,0,0,1,0
1.3034414927240277,-0.676926667261945,-0.0673070168658029,0.8870979272275907,0,0,1,0
0.6409128113733485,-0.5665634371554509,-0.4120154615832349,0.5927989211114697,0,0,1,0
-0.6055287077993172,-0.5665634371554509,-0.5819758752980797,-0.5355900899624687,0,0,1,0
-0.2967713223277566,-0.5665634371554509,-0.2779621775264559,-0.4357906745221011,0,1,0,0
0.24719959499174843,0.5370688639094903,0.35400330445550265,0.1462511717323063,0,0,0,1
2.4826791456544233,-0.3458369769424627,-0.9147152767961563,0.7151806860310447,0,0,1,0
-0.3969431229530269,0.20597917359000792,0.6221098725690606,-0.4616511069902255,0,0,0,1
1.356697386727336,-0.3458369769424627,1.3713719781007008,1.750690679085663,0,0,0,1
-0.09325772738654309,-0.12511051672947443,-0.5508563629277561,0.4627682958844213,0,1,0,0
-0.3709491746895074,2.302880545613396,2.1565412132904065,-0.25367495291559067,1,0,0,0
0.35180938678396106,-0.3458369769424627,-0.7615115235884088,-0.2041394766386199,0,0,1,0
-0.6220126749908174,-0.676926667261945,-0.5867634925858217,-0.35711668278808845,0,1,0,0
0.6694427545894063,3.185786386465349,0.9907564037252032,1.8814497671991375,1,0,0,0
-0.7374004453313184,4.068692227317301,1.8333770463678147,-0.27880692249728906,1,0,0,0
-1.4354330560175366,-0.5665634371554509,-0.16545317126451617,-1.3707727892499253,0,1,0,0
-0.058387796789138864,-0.45620020704895675,-0.3258383504038768,-0.242019546732774,0,0,1,0
-1.3371632516066703,3.627239306891325,0.8447340764490691,-0.9690255073859635,1,0,0,0
-0.3677791809988343,0.316342403696502,2.4270415900478355,0.0340678872226957,1,0,0,0
-0.8813181588878776,-0.3458369769424627,-0.773480566807764,-0.6128071559236292,0,0,1,0
-0.7532504137846839,-0.5665634371554509,-0.3162631158283928,-0.4427110719431484,0,1,0,0
-1.443041040875152,-0.3458369769424627,-0.27317456023871345,-1.4101097851169317,0,0,1,0
0.6909987116859836,-0.014747286622980312,0.06435245854710528,0.7771000313772581,0,1,0,0
-0.19913551665502496,-0.12511051672947443,0.11462244006839721,-0.18811329313724678,0,0,0,1
-0.7919243368108959,-0.3458369769424627,-0.6274582395316296,-1.3940836016155587,0,0,1,0
-0.6245486699433559,-0.5665634371554509,-0.9793481101806748,-0.4088375477243375,0,0,1,0
0.0214960442158233,-0.3458369769424627,0.18404289074065802,-0.01364643183820985,0,0,0,1
-0.3195952769006029,-0.23547374683596853,-0.6968786902038903,-0.36804362608447927,0,1,0,0
1.5900089223608767,-0.12511051672947443,-0.26838694295097143,1.3886446245319204,0,0,0,1
0.9205062548907164,-0.676926667261945,0.3324590266606632,0.7119026030421277,0,1,0,0
-0.4501990169563351,0.20597917359000792,0.421029946483892,-0.785088628563388,0,0,0,1
-0.8920961374361661,-0.45620020704895675,0.9069731011897164,-0.6270121822089371,0,0,0,1
-0.2631693892066216,-0.45620020704895675,-0.22769219600516355,-0.1232800962453293,0,1,0,0
0.18887171108336337,0.20597917359000792,0.31809617479743674,0.4026701077542729,0,0,0,1
-0.5586128011773551,-0.12511051672947443,0.02605152024516837,-0.9635620357377682,0,1,0,0
1.5652829715736265,-0.45620020704895675,-0.7902372273148615,1.3157983358893162,0,0,1,0
-1.1748595746442072,-0.5665634371554509,0.19601193396001304,-1.3547466057485524,0,1,0,0
-0.033661846001888825,-0.5665634371554509,-0.22290457871742153,0.6430628602748667,0,0,0,1
-1.0569358093511678,-0.45620020704895675,-0.3593516714180717,-0.7960155718597786,0,0,0,1
-1.0613738005181101,-0.676926667261945,-0.9554100237419642,-1.224715980521504,0,0,1,0
1.0599859772803333,-0.12511051672947443,2.3073511578542827,2.2132646119661996,1,0,0,0
-0.34558922516412244,-0.5665634371554509,-0.27078075159484244,-0.7064146368293756,0,1,0,0
-1.1469636301662838,-0.3458369769424627,-1.1086137769497117,-0.9431650749178391,0,0,1,0
1.2368716252198926,-0.3458369769424627,0.3683661563187291,1.630130071382153,0,1,0,0
-0.9339400541530511,-0.23547374683596853,-0.2109355354980661,-1.0426002589149936,0,1,0,0
-0.10403570593483176,-0.5665634371554509,-0.7256043939303429,-0.40228138174650313,0,0,1,0
1.6324868378158965,-0.3458369769424627,-0.8237505483290561,1.3850023100997897,0,0,1,0
-0.8147482913837423,-0.5665634371554509,-1.0104676225509985,-0.609164841491499,0,0,1,0
-0.8502522207192811,-0.23547374683596853,-0.7208167766426009,-0.5854897976826526,0,1,0,0
5.03262207043187,0.9785217843354668,2.3600149480194466,8.550891723872763,1,0,0,0
0.19077370729776733,-0.45620020704895675,0.38991043411356857,0.5396211304023687,0,0,0,1
-0.222593469966006,-0.23547374683596853,-0.0673070168658029,-0.1677163323173178,0,1,0,0
-0.4058191052869114,-0.12511051672947443,0.1170162487122682,-0.260595350336638,0,1,0,0
-0.3462232239022571,3.7376025369978194,2.415072546828481,-0.2646018962119812,1,0,0,0
0.32835143347298,-0.5665634371554509,-0.6107015790245324,-0.26132381322306414,0,0,1,0
-0.26760738037356396,0.5370688639094903,0.38272900818195515,0.41796782836921986,0,0,0,1
0.13307982212751676,0.7577953241224785,-0.1367274675380637,-0.029308383896369732,0,0,0,1
-0.12368966681700494,-0.5665634371554509,-0.24444885651226098,-0.27480037662194584,0,0,1,0
-0.0672637791230236,-0.45620020704895675,-0.9697728756051905,-0.046791493170594875,0,0,1,0
-1.0556678118748983,-0.3458369769424627,0.30852094022195276,-1.1096188444661896,0,1,0,0
0.17175374515372863,-0.3458369769424627,-0.684909646984535,0.09088799236392703,0,0,1,0
0.7531305880231763,0.42670563380299614,2.632909133420747,2.189589568157353,1,0,0,0
-0.4907749361969507,-0.3458369769424627,-0.9242905113716404,-0.44307530338636136,0,0,1,0
-0.3253012655438145,-0.45620020704895675,-0.3928649924322662,-0.34764666526455,0,0,1,0
1.0498419974701791,-0.5665634371554509,-0.7160291593548587,0.24532212428624792,0,0,1,0
0.9236762485813893,-0.3458369769424627,-0.8381134001922824,0.8444828483716673,0,0,1,0
0.09567389657757411,-0.45620020704895675,-1.3240565548981065,0.057014468145116105,0,0,1,0
-1.1076557084019374,3.406512846678337,2.0943021885497597,-0.7293612177517959,1,0,0,0
1.2920295154376045,-0.23547374683596853,-0.40722784429549264,0.6958764195407546,0,1,0,0
-1.032843857302052,-0.45620020704895675,-1.0487685608529353,-0.6503229945745702,0,0,1,0
0.24529759877734472,0.20597917359000792,0.4808751625806684,0.4806156366018594,0,0,0,1
0.04115000509799648,0.6474320940159843,0.1553171870142051,0.0009228258903109317,0,0,0,1
-0.8014343178829153,-0.3458369769424627,-0.6896972642722772,-0.976674367693437,0,0,1,0
-1.2927833399372468,-0.5665634371554509,-0.687303455628406,-1.431235208823287,0,0,1,0
1.5367530283575683,-0.676926667261945,-1.1397332893200354,1.9317137063625343,0,0,1,0
-0.015275882595984632,-0.45620020704895675,-0.9314719373032537,-0.5250273781092911,0,0,1,0
0.9014862927466779,1.9717908552939136,1.931523200766528,2.4143203686197867,1,0,0,0
-0.9523260175589551,1.0888850144419608,2.5826391518994547,-0.4816838363669417,1,0,0,0
-1.0157258913724172,-0.45620020704895675,-0.47425448632388223,-0.7213481260011094,0,0,1,0
1.4245352517077405,0.9785217843354668,2.410284929540739,1.8486689373099654,1,0,0,0
0.03227402276411197,-0.5665634371554509,-0.6729406037651797,-0.44744608070491776,0,0,1,0
0.0024760820717846127,-0.676926667261945,-0.6035201530929192,-0.504266185846149,0,0,1,0
-1.1894415456213034,-0.12511051672947443,0.1505295697264631,-1.100148826942651,0,1,0,0
1.5348510321431643,0.316342403696502,0.1888305080284,0.8586878746569752,0,0,0,1
-0.20293950908383263,3.8479657671043137,1.8118327685729754,0.32763843045239055,1,0,0,0
-0.06599578164675439,-0.23547374683596853,0.13616671786323667,-0.345825508048485,0,1,0,0
0.9617161728694666,-0.45620020704895675,-0.680122029696793,0.3604192603415624,0,0,1,0
-1.2813713626508236,2.7443334660393726,1.3713719781007008,-1.028759464072899,1,0,0,0
-0.299307317280295,-0.45620020704895675,-0.9673790669613194,-0.07046653697944118,0,0,1,0
1.8379024289715133,-0.45620020704895675,-0.8524762520555089,0.8080597040503652,0,0,1,0
0.47100114955327005,-0.3458369769424627,-0.5149492332696901,0.318896875815278,0,0,1,0
-0.8629321954819734,-0.014747286622980312,0.3324590266606632,-0.7792609254719797,0,0,0,1
3.3594994004946046,-0.676926667261945,0.04520198939613682,1.8508543259692436,0,1,0,0
-0.3043793071853721,-0.014747286622980312,0.9093669098335874,-0.5195639064610957,0,0,0,1
2.414841280674019,-0.676926667261945,0.1888305080284,1.4917221229612052,0,0,0,1
-0.5769987645832593,-0.676926667261945,-0.26120551701935846,-0.5563512822256109,0,1,0,0
-0.35700120245054556,-0.23547374683596853,-0.33062596769161884,-0.22052989158320566,0,1,0,0
2.319107471215691,-0.014747286622980312,0.8279774159419716,2.034062741905393,0,0,0,1
0.08743191298182387,-0.676926667261945,-0.591551109873564,0.10800687019493897,0,0,1,0
-0.81855228381255,-0.5665634371554509,-1.032011900345838,-0.9049207733804718,0,0,1,0
0.5984348959183289,-0.45620020704895675,-0.14869651075741872,0.7286572494299264,0,0,1,0
-0.8109442989549345,-0.23547374683596853,-0.3761083319251692,-0.6681703352920083,0,1,0,0
-0.2092794964651789,-0.3458369769424627,-0.8644452952748641,-0.609529072934712,0,0,1,0
-0.5212068756274125,-0.5665634371554509,-0.9242905113716404,-0.34728243382133706,0,0,1,0
1.409953280730644,0.316342403696502,1.3905224472516693,2.3232625078165317,1,0,0,0
0.9705921552033514,-0.3458369769424627,-0.5364935110645296,0.9916323514297274,0,0,1,0
-0.06409378543235067,-0.45620020704895675,-1.3623574932000435,-0.10688968130074326,0,0,1,0
-1.0753217727570716,-0.45620020704895675,-1.3623574932000435,-0.7996578862919088,0,0,1,0
-0.6575166043263562,-0.45620020704895675,-0.23726743058064798,-0.8630341574109744,0,1,0,0
1.7624565791334936,-0.676926667261945,-0.9530162150980932,1.6035411760276022,0,0,1,0
-0.8001663204066459,-0.5665634371554509,-0.7974186532464745,-0.6605214749845348,0,0,1,0
-0.4070871027631806,-0.45620020704895675,-0.6561839432580823,-0.1615243977826964,0,0,1,0
-0.04063583212136962,3.7376025369978194,0.7034993664606768,-0.08540002615117491,1,0,0,0
0.08426191929115094,0.6474320940159843,0.02605152024516837,-0.20086139364970257,0,0,0,1
-1.0398178434215328,-0.23547374683596853,-0.6657591778335665,-0.7814463141312578,0,1,0,0
4.164043799187439,-0.676926667261945,-1.2450608696503618,2.3811753072874016,0,0,1,0
0.6840247255665028,-0.45620020704895675,-0.19417887499096864,0.10400032431959576,0,0,1,0
0.19077370729776733,-0.23547374683596853,0.38991043411356857,-0.24566186116490427,0,1,0,0
-0.11417968574498571,-0.5665634371554509,-0.7998124618903457,-0.24566186116490427,0,0,1,0
-0.036197840954427254,-0.676926667261945,-0.26120551701935846,0.17684661296219992,0,0,0,1
-0.6340586510153752,0.20597917359000792,0.3348528353045342,-0.7381027723889083,0,0,0,1
0.4329612252651927,-0.45620020704895675,-0.4287721220903321,0.38882931291217804,0,0,1,0
2.5004311103221926,-0.3458369769424627,-0.5245244678451744,2.435445792326142,0,0,1,0
-0.04190382959763884,-0.676926667261945,-1.3623574932000435,-0.6448595229263749,0,0,1,0
-0.7691003822380494,-0.3458369769424627,-0.6107015790245324,-0.6350252739596235,0,1,0,0
1.0986599003065451,-0.45620020704895675,0.09786577956129976,0.2722752510840115,0,1,0,0
1.2647675696978158,-0.5665634371554509,-0.7686929495200219,0.8120662499257084,0,0,1,0
2.3286174522877108,-0.3458369769424627,-0.6298520481755009,1.91313790275867,0,0,1,0
0.5534209855107707,-0.12511051672947443,-0.36413928870581375,0.018405935164535817,0,1,0,0
2.5511510093729624,-0.23547374683596853,-0.26359932566322947,1.2374885755985165,0,1,0,0
-0.617574683823875,-0.3458369769424627,-0.7519362890129246,-0.733003532183926,0,0,1,0
-0.8489842232430118,2.7443334660393726,1.9147665402594305,-0.6743622698266296,1,0,0,0
0.507773076365078,0.6474320940159843,0.1792552734529156,0.8656082720780224,0,0,0,1
-1.160277603667111,3.0754231563588545,2.7095110100246207,-0.9304169744053833,1,0,0,0
-0.38806714061914216,0.09561594348351381,1.3833410213200563,-0.4689357358544859,0,0,0,1
-0.07613976145690834,-0.23547374683596853,0.2582509587006604,-0.5348616270760427,0,1,0,0
0.35688137668903797,-0.5665634371554509,-0.7256043939303429,0.28757297169895824,0,0,1,0
-1.1640815960959185,-0.3458369769424627,-0.6992724988477614,-0.8426371965910453,0,0,1,0
-0.5097948983409893,-0.12511051672947443,-0.0002803748374135199,0.14880079183479747,0,1,0,0
-0.7691003822380494,-0.014747286622980312,-0.4024402270077506,-0.8043928950536781,0,1,0,0
-0.21308348889398657,-0.676926667261945,-0.6633653691896956,-0.07265192563871939,0,0,1,0
-0.19089353305927495,-0.5665634371554509,-0.25881170837548745,-0.26642305342804645,0,0,1,0
-0.9085801046276663,-0.23547374683596853,-0.050550356358705445,-1.028395232629686,0,1,0,0
-0.8959001298649738,-0.676926667261945,-0.8955648076451878,-0.8499218254553057,0,0,1,0
-1.1330156579273223,-0.3458369769424627,0.5167822922387343,-1.0924999666351776,0,1,0,0
-0.870540180339589,-0.5665634371554509,-1.0176490484826115,-0.9438935378042651,0,0,1,0
-0.8331342547896463,-0.3458369769424627,-1.1852156535535854,-0.8280679388625245,0,0,1,0
-0.005765901523965402,-0.23547374683596853,-0.18460364041548463,0.2598913820147687,0,1,0,0
0.3245474410441724,-0.3458369769424627,-1.3049060857471382,0.5250518726738479,0,0,1,0
-0.7456424289270686,-0.12511051672947443,1.0936901754116586,-0.6124429244804162,0,0,0,1
-0.9136520945327432,-0.3458369769424627,-0.7471486717251824,-0.8797888037987733,0,1,0,0
-0.08881973621960072,-0.676926667261945,-0.6896972642722772,-0.015467589054275109,0,0,1,0
3.2200196781049875,0.6474320940159843,0.3994856686890526,4.2682584145740625,0,0,0,1
0.008182070714996196,-0.45620020704895675,-0.4814359122554954,-0.6408529770510318,0,0,1,0
0.6713447508038102,-0.3458369769424627,-0.5436749369961428,1.0189497096707039,0,1,0,0
1.7263186510598203,-0.3458369769424627,-0.7136353507109877,1.3544068688698965,0,0,1,0
0.06967994831405462,-0.5665634371554509,0.3420342612361472,0.4904498855686108,0,0,0,1
-1.2179714888373616,-0.3458369769424627,-0.9769543015368036,-1.0236602238679167,0,0,1,0
-0.81855228381255,0.20597917359000792,2.817232398998818,-0.4459891549320657,1,0,0,0
0.696704700329195,-0.12511051672947443,-0.0673070168658029,0.5239591783442088,0,1,0,0
-1.0055819115622633,-0.676926667261945,-0.9147152767961563,-1.0779307089066568,0,0,1,0
-0.6651245891839717,-0.3458369769424627,1.0242697247393981,-0.8805172666851994,0,0,0,1
-0.4920429336732201,0.42670563380299614,-0.009855609412897533,-0.3673151631980531,0,0,0,1
0.36131936785598034,-0.676926667261945,-0.816569122397443,0.5079329948428359,0,1,0,0
2.0598019873186306,-0.5665634371554509,-0.7040601161355035,1.2713620998173276,0,0,1,0
-1.2801033651745541,-0.3458369769424627,0.07392769312258929,-1.1613397094024385,0,0,0,1
-0.7830483544770112,-0.676926667261945,-0.16545317126451617,-0.524663146666078,0,0,0,1
-1.2027555191221304,0.316342403696502,0.35639711309937366,-1.117996167660089,0,0,0,1
1.406783287039971,-0.676926667261945,-1.0032861966193853,0.5053833747403448,0,0,1,0
0.45768717605244297,-0.45620020704895675,-0.9745604928929326,0.028240184131287493,0,0,1,0
0.09186990414876624,-0.5665634371554509,-0.8596576779871221,-0.24857571271060838,0,0,1,0
-0.6670265853983754,-0.3458369769424627,-0.3904711837883952,-0.5505235791342026,0,1,0,0
1.636290830244704,-0.45620020704895675,0.5574770391845423,2.459849299021414,0,0,0,1
-0.2099134952033134,-0.676926667261945,-0.8596576779871221,0.08578875215894471,0,0,1,0
1.837268430233379,0.7577953241224785,-0.2923250293896819,1.371889978144121,0,0,0,1
2.0756519557719963,-0.3458369769424627,-0.7375734371496981,1.4305312405014174,0,0,1,0
-1.0899037437341679,-0.5665634371554509,-0.3162631158283928,-0.888530358435886,0,1,0,0
1.5297790422380875,-0.12511051672947443,-0.19178506634709763,2.040618907883227,0,1,0,0
1.0745679482574293,-0.3458369769424627,-0.5843696839419508,0.16846928976830056,0,0,1,0
-0.03175984978748489,-0.014747286622980312,-0.22051077007355052,-0.0813934802758317,0,1,0,0
0.8964143028416006,-0.45620020704895675,-0.30190026396516634,0.4973702829896584,0,1,0,0
-0.8077743052642614,-0.676926667261945,-0.3904711837883952,-0.48678307657192393,0,1,0,0
-1.2572794106017078,-0.676926667261945,0.10983482278065519,-1.010547891912248,0,1,0,0
-1.0873677487816293,-0.5665634371554509,-0.4048340356516216,-1.2523975702056935,0,0,1,0
-0.1693375759626976,1.4199747047614433,2.4749177629252572,0.1659196696658094,1,0,0,0
-1.1748595746442072,-0.5665634371554509,-0.5412811283522718,-1.1030626784883553,0,1,0,0
0.6681747571131372,0.6474320940159843,1.4216419596219931,1.502284834814383,1,0,0,0
0.7290386359740609,0.20597917359000792,-0.14151508482580571,1.3554995631995355,0,0,0,1
-1.1704215834772649,0.20597917359000792,2.316926392429768,-0.5858540291258656,1,0,0,0
-0.15221961003306286,0.5370688639094903,-0.009855609412897533,0.070855262987211,0,0,0,1
-1.1228716781171684,-0.3458369769424627,-0.5317058937767876,-0.8655837775134656,0,0,1,0
1.1912237160741999,2.192517315506902,2.3121387751420257,1.4873513456426486,1,0,0,0
1.226093646671604,-0.014747286622980312,0.5263575268142188,1.8927409419387413,0,0,0,1
0.020228046739554084,2.6339702359328783,1.376159595388443,0.3261815046795385,1,0,0,0
-0.7722703759287226,-0.676926667261945,0.5431141873213162,-0.9631978042945551,0,0,0,1
-0.6632225929695678,-0.12511051672947443,-0.6178830049561455,-0.3840698095858521,0,1,0,0
-0.5896787393459517,-0.23547374683596853,0.5790213169793816,-0.7763470739262754,0,0,0,1
-1.3422352415117473,-0.676926667261945,-0.23726743058064798,-1.431235208823287,0,0,1,0
0.2548075798493639,-0.45620020704895675,-0.7447548630813113,-0.0606322880126895,0,0,1,0
0.6510567911835023,-0.3458369769424627,0.634078915788416,1.0528232338895152,0,0,0,1
0.23642161644346,0.6474320940159843,0.0763215017664603,0.43071592888167537,0,0,0,1
0.6472527987546944,3.8479657671043137,0.9189421444090714,1.2181843091082263,1,0,0,0
-1.2959533336279196,-0.3458369769424627,0.2606447673445314,-1.1773658929038116,0,1,0,0
-0.9669079885360514,-0.45620020704895675,-0.8740205298503483,-0.7541289558902813,0,0,1,0
1.0599859772803333,1.199248244548455,0.41145471190840804,2.578952980952072,1,0,0,0
0.7905365135731192,1.309611474654949,2.065576484823307,0.9792484823604851,1,0,0,0
-0.31769328068619923,-0.45620020704895675,-1.300118468459396,-0.6350252739596235,0,0,1,0
-0.05458380436033122,1.5303379348679373,3.4970740538581975,0.5425349819480728,1,0,0,0
0.010718065667534853,-0.45620020704895675,-1.1469147152516486,-0.5100938889375574,0,0,1,0
2.0312720441025736,-0.676926667261945,-1.0032861966193853,1.8807213043127116,0,0,1,0
-0.5009189160071046,-0.12511051672947443,-0.10082033787999779,-0.5421462559403031,0,1,0,0
0.2719255457789987,-0.5665634371554509,0.40906090326453703,0.387008155696113,0,0,0,1
0.048123991217477506,-0.5665634371554509,-0.7615115235884088,-0.6037013698433037,0,0,1,0
2.4871171368213654,-0.5665634371554509,-0.9027462335768011,1.453113589980625,0,0,1,0
-1.0005099216571862,-0.23547374683596853,0.13856052650710768,-0.8306175589650157,0,1,0,0
-1.385981154443036,-0.23547374683596853,-0.009855609412897533,-1.3019330464826644,0,1,0,0
0.5863889198937712,-0.3458369769424627,-0.9673790669613194,0.649983257695914,0,0,1,0
-1.3111693033431508,-0.45620020704895675,-0.4120154615832349,-1.224715980521504,0,1,0,0
-0.5440308302002589,-0.676926667261945,0.3683661563187291,-0.558536670884889,0,0,0,1
-0.20547550403637105,-0.676926667261945,-0.7232105852864719,-0.28172077404299317,0,1,0,0
0.628232836610656,-0.5665634371554509,-0.8333257829045404,0.39392855311716035,0,0,1,0
-0.8191862825506846,-0.3458369769424627,-0.5029801900503349,-0.8892588213223119,0,0,1,0
0.07918992938607385,-0.5665634371554509,-0.9314719373032537,0.0956230011256964,0,0,1,0
1.4860331293067988,-0.23547374683596853,0.5167822922387343,1.574038429127348,0,1,0,0
-0.8147482913837423,0.7577953241224785,0.16728623023356057,-0.46128687554701253,0,0,0,1
-0.10720569962550491,0.6474320940159843,2.39113446038977,0.026419026915222493,1,0,0,0
1.35859938294174,0.09561594348351381,0.40906090326453703,1.294672912182961,0,0,0,1
-0.2504894144439292,0.20597917359000792,0.6747736627342239,-0.3247000843421296,0,0,0,1
-0.868638184125185,-0.676926667261945,-0.591551109873564,-0.7217123574443224,0,0,1,0
-0.02795585735867724,-0.3458369769424627,-0.8620514866309931,-0.011096811735718692,0,0,1,0
-0.7811463582626074,-0.45620020704895675,-0.462285443104527,-0.6182706275718245,0,1,0,0
-0.40962309771571925,0.5370688639094903,0.3133085575096948,-0.41940025957751503,0,0,0,1
0.19077370729776733,-0.5665634371554509,-0.07448844279741591,-0.280628079713354,0,1,0,0
0.027836031597169603,-0.45620020704895675,-0.7327858198619561,-0.574562854386262,0,0,1,0
-0.09642772107721624,-0.45620020704895675,0.30612713157808175,-0.09778389522041774,0,1,0,0
1.8632623784968982,-0.45620020704895675,-1.1876094621974564,1.4928148172908442,0,0,1,0
-0.42357106995468086,-0.676926667261945,-0.15109031940128972,-0.31595852970501725,0,0,1,0
-0.35573320497427635,-0.5665634371554509,-1.0511623694968064,-0.33599125908173333,0,0,1,0
0.5984348959183289,0.20597917359000792,-0.13433365889419227,0.27191101964079833,0,0,0,1
0.8190664567891769,-0.45620020704895675,-0.48861733818710845,0.7964042978675483,0,0,1,0
-0.19723352044062104,1.8614276251874196,1.5269695399523195,0.2704540938679463,1,0,0,0
-0.73486445037878,0.6474320940159843,-0.2827497948141979,-0.6663491780759432,0,0,0,1
0.88119833312637,-0.45620020704895675,-0.007461800769026531,0.2850233515964671,0,0,1,0
-1.1957815330026498,-0.676926667261945,-0.5077678073380769,-1.2775295397873923,0,0,1,0
-0.7735383734049919,0.42670563380299614,0.5718398910477687,-0.7111496455911448,0,0,0,1
0.3480053943551532,-0.676926667261945,-1.1301580547445513,0.32144649591776914,0,0,1,0
-0.19533152422621708,-0.23547374683596853,-0.682515838340664,-0.5527089677934807,0,1,0,0
0.899584296532274,-0.3458369769424627,-0.2133293441419371,0.31780418148563916,0,1,0,0
0.29348150287557584,-0.3458369769424627,0.6963179405290634,0.335287290759864,0,0,0,1
0.4475431962422888,-0.3458369769424627,-0.7447548630813113,-0.03550031843099115,0,0,1,0
-0.8711741790777235,-0.3458369769424627,-1.3623574932000435,-0.995614402740514,0,0,1,0
1.185517727430988,-0.676926667261945,0.41384852055227905,0.2733679454136504,0,1,0,0
1.293297512913874,-0.45620020704895675,-0.7471486717251824,0.700975659745737,0,0,1,0
-0.8920961374361661,-0.676926667261945,-0.7998124618903457,-1.0691891542695444,0,0,1,0
0.6554947823504447,-0.45620020704895675,-1.0272242830580958,-0.4314198972035447,0,0,1,0
-1.0188958850630905,0.316342403696502,0.23910048954969193,-0.5778409373751792,0,0,0,1
-0.13066365293648574,-0.45620020704895675,-0.4718606776800112,-0.21579488282143655,0,0,1,0
0.7112866713062915,-0.5665634371554509,-0.7136353507109877,0.5017410603082145,0,0,0,1
-0.5611487961298937,-0.676926667261945,-0.9721666842490616,-0.36913632041411837,0,0,1,0
2.182797742516748,-0.5665634371554509,-0.6944848815600192,1.036068587501716,0,0,1,0
2.0769199532482663,-0.45620020704895675,-0.5125554246258192,1.366426506495926,0,1,0,0
-0.3633411898318919,-0.676926667261945,-0.4718606776800112,-0.6590645492116828,0,0,1,0
-1.0436218358503406,-0.676926667261945,-0.8668391039187351,-0.9103842450286671,0,0,1,0
-1.0379158472071288,3.5168760767848313,1.6322971202826462,-0.647044911585653,1,0,0,0
-0.46858498036223906,-0.3458369769424627,-0.47664829496775324,-0.42741335132820146,0,0,1,0
-1.3384312490829395,-0.014747286622980312,-0.09363891194838436,-1.431235208823287,0,1,0,0
-0.3589031986649495,-0.45620020704895675,-0.9434409805226089,-0.37095747763018333,0,0,1,0
1.898766307832437,-0.23547374683596853,1.7543813611200696,2.1622722099163765,1,0,0,0
1.6755987520090507,-0.5665634371554509,-0.9147152767961563,1.1242125967592669,0,0,1,0
-0.8895601424836276,-0.3458369769424627,-0.46467925174839797,-0.8972719130729984,0,0,1,0
-0.9567640087258975,-0.676926667261945,0.15771099565807611,-1.0411433331421416,0,1,0,0
-0.8439122333379349,-0.3458369769424627,-0.45271020852904276,-0.7901878687683702,0,0,1,0
1.4245352517077405,-0.45620020704895675,0.4377866069909895,1.4749674765734064,0,1,0,0
1.9919641223382265,-0.12511051672947443,-0.02182465263225298,2.3997511108912666,0,0,0,1
-0.11037569331617783,-0.3458369769424627,0.030839137532910378,-0.001262562768967276,0,0,1,0
1.667990767151435,-0.5665634371554509,-0.11997080703096626,1.6345008487007093,0,0,1,0
-1.2629853992449196,-0.676926667261945,-0.6083077703806612,-0.9275031228596792,0,0,1,0
4.189403748712824,0.6474320940159843,2.297775923278799,6.118189914652996,1,0,0,0
-0.08945373495773544,-0.5665634371554509,-0.9865295361122879,-0.5166500549153917,0,0,1,0
-0.3069153021379106,-0.3458369769424627,-0.9841357274684168,-0.5031734915165099,0,0,1,0
-0.24478342580071763,-0.676926667261945,-0.7567239063006665,-0.08540002615117491,0,0,1,0
-0.6144046901332019,-0.676926667261945,-0.35217024548645826,-0.42012872246394123,0,1,0,0
-0.2485874182295253,3.8479657671043137,2.786112886628494,0.11529149905919948,1,0,0,0
0.6542267848741752,-0.014747286622980312,-0.5436749369961428,1.040075133377059,0,0,0,1
-0.007033899000234618,-0.3458369769424627,-0.7088477334232455,-0.012189506065357797,0,0,1,0
-0.8350362510040502,-0.45620020704895675,-0.5747944493664665,-1.254947190308185,0,0,1,0
-0.4647809879334312,0.5370688639094903,0.27740142785162886,-0.6532368461202744,0,0,0,1
-0.47048697657664273,-0.5665634371554509,0.2223438290425945,0.030061341347352492,0,0,0,1
-0.5643187898205668,-0.676926667261945,-0.6035201530929192,-0.39463252143902966,0,0,1,0
-0.8439122333379349,-0.3458369769424627,-1.1900032708413275,-1.2341859980450425,0,0,1,0
-0.04380582581204277,-0.45620020704895675,-0.19178506634709763,-0.242019546732774,0,0,0,1
-0.8166502875981461,-0.23547374683596853,0.27022000192001583,-0.8251540873168203,0,0,0,1
0.1368838145563244,3.627239306891325,1.7065051882426485,0.942825338039183,1,0,0,0
-0.2587313980396792,-0.676926667261945,-0.6777282210529217,-0.23072837199317028,0,0,1,0
-0.19406352674994787,-0.12511051672947443,0.16728623023356057,0.0016512887767370873,0,1,0,0
1.3376774245832972,-0.45620020704895675,-1.1014323510180986,0.8346485994049153,0,0,1,0
0.17555773758253626,-0.12511051672947443,2.2762316454839593,0.8408405339395367,1,0,0,0
-0.7589564024278956,2.9650599262523607,1.998549842794917,-0.36695093175484017,1,0,0,0
0.9141662675093701,0.6474320940159843,1.0889025581239165,1.6403285517921176,1,0,0,0
-0.44893101948006564,-0.5665634371554509,-0.8644452952748641,-0.5789336317048183,0,0,1,0
-1.4075371115396131,-0.5665634371554509,-0.3449888195548453,-1.4064674706848015,0,0,1,0
1.3440174119646435,-0.3458369769424627,-1.0511623694968064,1.0488166880141718,0,0,1,0
-0.24541742453885235,-0.676926667261945,-0.22051077007355052,-0.30976659517039584,0,0,1,0
-0.060289793003542806,-0.014747286622980312,1.4838809843626406,0.9595799844269818,1,0,0,0
1.1956617072411422,0.5370688639094903,0.24628191548130537,0.5647530999840671,0,0,0,1
2.457953194867173,0.42670563380299614,0.9620306999987508,2.458756604691775,0,0,0,1
-1.2762993727457466,-0.5665634371554509,-0.8261443569729272,-1.1842862903248588,0,0,1,0
1.9051062952137834,0.6474320940159843,3.092520393043989,3.264436557078977,1,0,0,0
0.9629841703457361,-0.3458369769424627,-0.45031639988517175,0.9661361504048158,0,0,1,0
0.19204170477403654,-0.5665634371554509,-0.8859895730697036,-0.16808056376053074,0,0,1,0
0.46909915333886615,3.9583289972108076,2.1038774231252435,1.2309324096206824,1,0,0,0
-0.008301896476503833,-0.3458369769424627,-1.345600832692946,-0.507908500278279,0,0,1,0
4.0809899644918035,-0.014747286622980312,0.01647628566968393,2.0544597027253224,0,1,0,0
-0.5674887835112399,-0.5665634371554509,-0.5029801900503349,-0.34728243382133706,0,0,0,1
3.3582314030183356,-0.676926667261945,-0.33541358497936125,2.851033869032199,0,0,1,0
0.25987956975444104,0.6474320940159843,1.5748457128297404,0.44528518661019645,1,0,0,0
-0.436885043455508,-0.45620020704895675,-1.0439809435651932,-0.5377754786217468,0,0,1,0
-1.0715177803282638,0.5370688639094903,0.0428081807522654,-0.8732326378209391,0,0,0,1
1.903838297737514,-0.23547374683596853,-0.11039557245548182,1.4385443322521043,0,1,0,0
1.0587179798040638,0.316342403696502,0.6125346379935765,1.4979140574958265,0,0,0,1
-1.2515734219584966,-0.12511051672947443,-0.01703703534451097,-1.311403064006203,0,1,0,0
-0.8458142295523388,-0.014747286622980312,0.9716059345742347,-0.6007875182975995,0,0,0,1
0.41837925428809636,-0.45620020704895675,-0.7615115235884088,0.22783901501202278,0,0,1,0
-0.7988983229303768,0.316342403696502,-0.40722784429549264,-0.5680066884084276,0,0,0,1
-0.29296732989894897,-0.45620020704895675,-0.7543300976567956,-0.540689330167451,0,0,1,0
0.11913184988855494,-0.676926667261945,-0.19178506634709763,-0.11308161583536468,0,1,0,0
-1.088001747519764,-0.676926667261945,-0.02421846127612398,-0.9391585290424957,0,1,0,0
-0.48887293998254694,-0.5665634371554509,-0.7639053322322799,-0.6750907327130556,0,0,1,0
-0.8267942674083,-0.676926667261945,-0.7543300976567956,-0.6138998502532682,0,0,1,0
-0.048243816978985145,-0.5665634371554509,-0.6944848815600192,-0.028944152453156787,0,0,1,0
0.5521529880345012,2.192517315506902,2.9393166398362416,1.3485791657784878,1,0,0,0
0.11722985367415123,0.20597917359000792,-0.26120551701935846,0.24350096707018268,0,0,0,1
1.0840779293294487,0.316342403696502,0.5383265700335738,0.8408405339395367,0,0,0,1
-0.6023587141086442,3.5168760767848313,2.1349969354955673,-0.02967261533958294,1,0,0,0
-1.0727857778045333,3.0754231563588545,0.856703119668424,-0.6794615100316119,1,0,0,0
-1.2820053613889582,-0.676926667261945,-0.8357195915484115,-1.1591543207431605,0,0,1,0
-0.5769987645832593,2.9650599262523607,3.3079631709923842,0.08032528051074946,1,0,0,0
0.6516907899216368,0.20597917359000792,0.37794139089421314,0.46131137011156925,0,0,0,1
0.37716933630934585,0.7577953241224785,0.2271314463303369,0.8102450927096434,0,0,0,1
-0.46034299676648904,-0.3458369769424627,0.32288379208517876,-0.2576814987909339,0,1,0,0
-0.9935359355377055,1.4199747047614433,1.2133806076052112,-0.6171779332421854,1,0,0,0
-0.10213370972042782,-0.23547374683596853,0.04520198939613682,-0.15423976891843585,0,1,0,0
-0.5256448667943548,-0.5665634371554509,-0.22290457871742153,-0.6179063961286115,0,1,0,0
1.0416000138744292,-0.5665634371554509,-0.8716267212064773,0.7264718607706482,0,0,1,0
-0.08374774631452386,2.6339702359328783,1.7735318302710383,1.0178570153410649,1,0,0,0
-0.19469752548808258,-0.014747286622980312,-0.4359535480219453,-0.2121525683893063,0,0,0,1
0.9547421867499859,-0.3458369769424627,0.27022000192001583,0.022776712483092234,0,1,0,0
-1.3105353046050163,1.5303379348679373,2.5922143864749385,-1.0611760625188578,1,0,0,0
-1.0036799153478595,-0.12511051672947443,-0.5436749369961428,-0.9486285465660343,0,1,0,0
-0.19976951539315946,0.316342403696502,0.9835749777935903,-0.41029447349718956,0,0,0,1
0.4456412000278851,-0.5665634371554509,-0.7112415420671166,0.2598913820147687,0,0,1,0
1.8043004958503783,-0.45620020704895675,0.6005655947742211,1.7444987445510416,0,0,0,1
0.07221594326659306,-0.45620020704895675,-0.7375734371496981,-0.3731428662894616,0,0,1,0
-0.954228013773359,-0.3458369769424627,-0.3449888195548453,-0.6874746017822984,0,0,1,0
-0.44893101948006564,-0.676926667261945,-0.09124510330451335,-0.6375748940621146,0,0,0,1
-0.48316695133933535,-0.676926667261945,0.4258175637716345,-0.3673151631980531,0,0,0,1
-0.4565390043376812,-0.3458369769424627,-0.8452948261238956,-0.26132381322306414,0,0,1,0
-0.42800906112162324,-0.5665634371554509,-0.7112415420671166,-0.3090381322839697,0,0,1,0
-0.8001663204066459,1.6407011649744314,2.675997689010426,-0.592774426546913,1,0,0,0
0.4316932277889233,-0.5665634371554509,-0.2947188380335529,0.19250856502035982,0,1,0,0
1.1671317640250842,-0.5665634371554509,0.404273285976795,1.419240065761814,0,0,0,1
0.5553229817251746,3.8479657671043137,2.362408756663317,0.9176933684574842,1,0,0,0
-0.46161099424275825,-0.45620020704895675,-0.3138693071845214,-0.7555858816631333,0,1,0,0
-0.005765901523965402,-0.23547374683596853,-0.08885129466064236,-0.20013293076327668,0,0,0,1
-0.8794161626734736,0.7577953241224785,0.31091474886582376,-0.8943580615272942,0,0,0,1
-0.17757955955844784,-0.12511051672947443,-0.3713207146374267,-0.27807845961086314,0,1,0,0
0.42218324671690405,-0.5665634371554509,-0.30908168989677937,-0.07119499986586708,0,0,1,0
0.8184324580510424,-0.45620020704895675,-0.6059139617367902,-0.18556367303475563,0,0,1,0
0.6719787495419447,-0.3458369769424627,0.047595798040007825,0.5057476061835577,0,1,0,0
-0.7418384364982608,-0.45620020704895675,-1.0559499867845483,-0.7359173837296302,0,0,1,0
-0.8762461689828006,-0.014747286622980312,-0.38089594921291114,-1.3376277279175406,0,1,0,0
-0.6949225298762988,-0.45620020704895675,0.3923042427574396,-0.524663146666078,0,0,0,1
0.20408768079859418,0.42670563380299614,1.3641905521690878,0.6019047071917952,0,0,0,1
0.48621711926850064,-0.5665634371554509,-0.7208167766426009,0.142973088743389,0,0,1,0
-0.9466200289157435,-0.3458369769424627,-0.5724006407225954,-0.7388312352753343,0,0,1,0
0.5711729501785401,-0.12511051672947443,-0.7040601161355035,0.9533880498923603,0,1,0,0
-0.6689285816127795,-0.014747286622980312,0.23910048954969193,-0.36695093175484017,0,1,0,0
1.0961239053540066,-0.45620020704895675,-0.01703703534451097,1.3919227075208376,0,1,0,0
1.7979605084690327,-0.014747286622980312,0.4401804156348605,1.5183110183157558,0,0,0,1
-0.3506612150691995,-0.45620020704895675,-0.7854496100271193,-0.523570452336439,0,0,1,0
3.1420378333144297,-0.3458369769424627,0.06674626719097629,3.547444388455495,0,1,0,0
-0.570658777201913,-0.12511051672947443,0.7154684096800319,-0.5505235791342026,0,0,0,1
-0.9358420503674549,-0.5665634371554509,-0.9386533632348669,-0.7934659517572874,0,0,1,0
-0.6689285816127795,-0.3458369769424627,-0.8620514866309931,-1.0597191367460057,0,0,1,0
-1.3314572629634587,-0.014747286622980312,-0.20375410956645307,-1.2192525088733088,0,1,0,0
0.24149360634853684,0.09561594348351381,0.5885965515548661,0.12403305369631205,0,0,0,1
-1.1222376793790336,-0.3458369769424627,-0.7232105852864719,-0.9231323455411229,0,0,1,0
0.7068486801393491,-0.3458369769424627,-0.9362595545909957,0.44091440929164,0,0,1,0
-0.6537126118975485,-0.5665634371554509,-0.6729406037651797,-0.8338956419539328,0,0,1,0
-1.181833560763688,-0.23547374683596853,0.5694460824038977,-0.9347877517239396,0,0,0,1
-1.3656931948227282,-0.5665634371554509,0.16728623023356057,-1.0222032980950646,0,0,0,1
-0.9631039961072436,-0.45620020704895675,-0.8596576779871221,-0.8604845373084833,0,0,1,0
-0.28789533999387185,3.627239306891325,2.0200941205897567,0.08943106659107498,1,0,0,0
-1.4347990572794018,-0.3458369769424627,-0.17502840584000018,-1.2553114217513979,0,0,1,0
0.3353254195924608,-0.3458369769424627,-0.6226706222438876,0.12803959957165525,0,0,1,0
-0.07994375388571621,-0.676926667261945,-0.8596576779871221,-0.436519137408527,0,0,1,0
0.45641917857617353,-0.12511051672947443,-0.34020120226710326,0.7607096164326725,0,1,0,0
0.08869991045809308,-0.45620020704895675,-0.7399672457935693,-0.17864327561370832,0,0,1,0
-0.0672637791230236,3.406512846678337,2.6496657939278445,0.08506028927251882,1,0,0,0
-1.32067928441517,-0.676926667261945,0.3420342612361472,-1.1205457877625802,0,0,0,1
-0.6137706913950672,-0.3458369769424627,-0.5340997024206586,-0.7373743095024823,0,0,1,0
1.515831069999126,-0.23547374683596853,-0.46467925174839797,1.0149431637953608,0,1,0,0
0.07221594326659306,-0.3458369769424627,-0.41919688751484785,-0.15314707458879676,0,0,1,0
1.376985346347644,-0.676926667261945,0.1481357610825921,0.6601817381058787,0,1,0,0
0.07665393443353542,-0.45620020704895675,-0.459891634460656,0.21181283151064995,0,0,1,0
-0.7291584617355684,-0.3458369769424627,-0.6992724988477614,-0.558536670884889,0,0,1,0
0.13815181203259363,-0.3458369769424627,-0.5628254061471113,0.24568635572946088,0,0,1,0
0.019594048001419364,-0.014747286622980312,0.8758535888193925,0.2861160459261062,1,0,0,0
0.14449179941393991,-0.5665634371554509,-1.1923970794851986,-0.12364432768854225,0,0,1,0
-0.8280622648845694,2.8546966961458664,1.0434201938903667,-0.7177058115689792,1,0,0,0
0.8520343911721774,-0.676926667261945,-0.6202768136000166,0.8404763024963241,0,0,1,0
0.2376896139197292,-0.3458369769424627,-1.2402732523626196,0.2726394825272245,0,0,1,0
-0.49521292736389305,-0.5665634371554509,-1.3623574932000435,-0.47658459616195936,0,0,1,0
-0.4070871027631806,1.0888850144419608,2.111058849056857,-0.15533246324807495,1,0,0,0
-0.9218940781284932,-0.45620020704895675,-0.3880773751445242,-1.1602470150727995,0,0,1,0
1.750410603108936,-0.3458369769424627,-0.5556439802154981,1.403578113703654,0,0,1,0
0.34610339814074953,0.316342403696502,0.48805658851228184,0.3341945964302249,0,0,0,1
-0.5522728137960091,-0.014747286622980312,-0.4000464183638796,-0.7803536198016187,0,1,0,0
1.7954245135164937,-0.3458369769424627,-0.0625193995780609,1.2917590606372569,0,0,1,0
-0.5326188529138357,-0.676926667261945,-0.3593516714180717,-0.4416183776135093,0,0,1,0
1.0479400012557751,-0.45620020704895675,-1.1445209066077775,0.7435907386016601,0,0,1,0
1.473353154544106,-0.12511051672947443,0.40906090326453703,1.6894997966258756,0,1,0,0
-0.06916577533742754,-0.014747286622980312,0.13377290921936566,0.40776934795925524,0,1,0,0
-1.2553774143873042,-0.3458369769424627,0.38751662546969756,-1.100877289829077,0,1,0,0
0.5540549842489052,-0.45620020704895675,-0.7327858198619561,0.6678305984133521,0,0,1,0
1.085345926805718,-0.5665634371554509,-0.2971126466774243,1.284110200329783,0,1,0,0
0.6745147444944831,0.9785217843354668,2.865108571876239,0.5243234097874218,1,0,0,0
-0.4540030093851427,-0.45620020704895675,-0.682515838340664,-0.5206566007907348,0,0,1,0
0.08743191298182387,-0.12511051672947443,0.23910048954969193,0.07704719752183214,0,0,0,1
-0.6194766800382788,0.42670563380299614,-0.19417887499096864,-0.8353525677267849,0,0,0,1
0.5711729501785401,-0.3458369769424627,-0.5293120851329164,-0.07556577718442349,0,0,1,0
2.1574377929913626,-0.5665634371554509,-0.7184229679987297,0.7475972844770034,0,0,1,0
0.8431584088382926,-0.5665634371554509,-0.41680307887097684,0.033703655779482755,0,0,1,0
-0.65117661694501,-0.3458369769424627,-1.0008923879755143,-0.6128071559236292,0,0,1,0
-0.2758493639693142,-0.12511051672947443,0.5383265700335738,-0.4055594647354204,0,0,0,1
-0.14461162517544757,2.192517315506902,2.1326031268516967,0.17976046450790403,1,0,0,0
-1.1120936995688797,-0.23547374683596853,0.45454326749808693,-0.8958149873001463,0,1,0,0
-0.4108910951919885,1.4199747047614433,2.3145325837858963,0.196515110895703,1,0,0,0
2.6399108327118097,-0.23547374683596853,0.19122431667227102,1.6425139404513958,0,0,0,1
-0.27775136018371793,0.42670563380299614,1.3043453360723114,0.22674632068238393,1,0,0,0
3.1585218005059295,-0.014747286622980312,-0.15348412804516073,2.091247078489837,0,1,0,0
-1.3048293159618045,-0.5665634371554509,-0.5939449185174349,-1.2469340985574984,0,0,1,0
0.6212588504911751,0.5370688639094903,3.078157541180763,2.115286353741897,1,0,0,0
0.676416740708887,-0.45620020704895675,-0.2013603009225821,-0.2584099616773598,0,1,0,0
0.33722741580686477,0.316342403696502,0.421029946483892,0.5538261566876765,0,0,0,1
-0.8014343178829153,-0.3458369769424627,-0.46467925174839797,-0.9821378393416323,0,0,1,0
0.28143552685101814,-0.5665634371554509,-0.7256043939303429,0.3378369108623552,0,0,1,0
-0.48570294629187377,-0.12511051672947443,0.35400330445550265,-0.1637097864419746,0,0,0,1
0.4120392669067501,1.8614276251874196,1.6131466511316774,0.7927619834354183,1,0,0,0
-0.6150386888713365,-0.3458369769424627,0.4808751625806684,-0.6714484182809255,0,1,0,0
-0.5319848541757012,2.8546966961458664,3.394140282171742,-0.8120417553611515,1,0,0,0
0.6973386990673299,1.9717908552939136,0.8854288233948769,1.5383437476924717,1,0,0,0
3.311315496396373,-0.23547374683596853,-0.16066555397677415,4.4179575377346145,0,0,0,1
1.4023452958730287,-0.3458369769424627,0.10025958820517075,1.980156488309866,0,0,0,1
-1.3967591329913247,-0.5665634371554509,-0.6944848815600192,-1.363852391828878,0,0,1,0
1.5564069892397416,-0.5665634371554509,-0.8788081471380905,1.5791376693323302,0,0,1,0
-0.5319848541757012,0.20597917359000792,2.032063163809112,-0.20741755962753694,1,0,0,0
-0.7551524099990878,0.316342403696502,-0.16545317126451617,-0.6124429244804162,0,0,0,1
0.9382582195584859,1.309611474654949,2.3648025653071887,1.3256325848560675,1,0,0,0
-0.32022927563873765,-0.3458369769424627,-1.161277567114875,-0.768698213618802,0,0,1,0
-0.04190382959763884,-0.676926667261945,-0.35456405413032926,0.16919775265472645,0,1,0,0
-0.5516388150578744,-0.5665634371554509,-0.9793481101806748,-0.4204929539071542,0,0,1,0
0.6440828050640215,-0.3458369769424627,-0.41680307887097684,0.013670926402766712,0,0,1,0
0.1299098284368436,1.199248244548455,1.699323762311035,0.9777915565876327,1,0,0,0
-0.11734967943565887,-0.014747286622980312,-0.19178506634709763,-0.35056051681025413,0,1,0,0
-1.210363503979746,-0.3458369769424627,-0.7543300976567956,-1.1737235784716813,0,0,1,0
0.6320368290394638,0.5370688639094903,-0.2013603009225821,1.001102368953266,0,0,0,1
-0.6518106156831446,-0.5665634371554509,-0.04576273907096344,-0.5355900899624687,0,1,0,0
0.40823527447794244,-0.45620020704895675,-0.8261443569729272,0.39101470157145624,0,0,1,0
-0.669562580350914,-0.5665634371554509,-0.48861733818710845,-1.1045196042612073,0,0,1,0
0.23578761770532525,-0.45620020704895675,-0.5939449185174349,0.5399853618455817,0,0,1,0
0.3264494372585761,0.5370688639094903,0.37794139089421314,0.42015321702849784,0,0,0,1
-0.014641883857850138,-0.5665634371554509,-0.7615115235884088,0.1469796346187322,0,0,1,0
1.8664323721875715,-0.014747286622980312,0.05477722397162084,1.9328064006921732,0,0,0,1
-1.3555492150125743,-0.23547374683596853,1.1295973050697243,-1.3379919593607534,0,0,0,1
-0.4540030093851427,-0.5665634371554509,-0.8500824434116379,-0.7552216502199204,0,0,1,0
-0.11227768953058177,-0.3458369769424627,-1.0870694991548722,-0.502809260073297,0,0,1,0
-0.912384097056474,-0.5665634371554509,-0.7830558013832483,-0.6328398853003452,0,0,1,0
1.068227960876083,0.7577953241224785,0.9476678481355243,1.3740753668033991,0,0,0,1
1.0739339495192948,2.523607005826384,1.5365447745278036,2.447829661395385,1,0,0,0
-0.15982759489067838,2.41324377571989,0.9500616567793954,0.4900856541253979,1,0,0,0
-0.3291052579726224,0.6474320940159843,3.6071892514762665,-0.20596063385468488,1,0,0,0
-0.13129765167462046,0.6474320940159843,0.23670668090582095,-0.1272866421206725,0,0,0,1
-0.9916339393233017,-0.45620020704895675,-0.11518318974322382,-0.9213111883250578,0,1,0,0
-0.5123308932935278,2.9650599262523607,2.1230278922762116,-0.25913842456378594,1,0,0,0
0.780392533762965,-0.23547374683596853,-0.3713207146374267,0.3407507624080593,0,1,0,0
-0.8857561500548199,3.9583289972108076,1.907585114327817,-0.575291317272688,1,0,0,0
-0.8775141664590698,4.068692227317301,1.9554612872052382,-0.6047940641729427,1,0,0,0
-0.3233992693294108,-0.12511051672947443,-0.3593516714180717,-0.31887238125072137,0,1,0,0
-0.8743441727683966,-0.12511051672947443,-0.4574978258167848,-0.5115508147104094,0,1,0,0
0.7518625905469073,-0.014747286622980312,-0.19178506634709763,0.5170387809231615,0,1,0,0
-0.7735383734049919,-0.5665634371554509,-1.0990385423742275,-0.48532615079907193,0,0,1,0
-0.426741063645354,-0.5665634371554509,-0.7232105852864719,-0.6732695754969906,0,0,1,0
-0.4108910951919885,-0.5665634371554509,-1.3623574932000435,-0.17900750705692126,0,0,1,0
-0.47746096269612376,-0.3458369769424627,-0.99131715340003,-0.4376118317381661,0,0,1,0
-0.49140893493508536,-0.12511051672947443,-0.7591177149445378,-0.41065870494040246,0,1,0,0
-0.7576884049516263,-0.014747286622980312,0.16968003887743155,-0.9020069218347676,0,1,0,0
-0.7513484175702801,-0.014747286622980312,0.38751662546969756,-0.7228050517739615,0,1,0,0
1.837268430233379,1.9717908552939136,2.4581611024181598,2.902390502525235,1,0,0,0
0.45641917857617353,-0.3458369769424627,0.4784813539367974,0.31088378406459155,0,0,0,1
0.747424599379965,-0.676926667261945,-0.6059139617367902,-0.2919192544529578,0,0,1,0
-0.7209164781398183,-0.12511051672947443,-0.596338727161306,-0.41029447349718956,0,1,0,0
-0.9586660049403013,-0.014747286622980312,0.2606447673445314,-0.9624693414081291,0,1,0,0
-0.790022340596492,0.42670563380299614,-0.22769219600516355,-0.5523447363502677,0,0,0,1
0.7068486801393491,-0.5665634371554509,-0.5747944493664665,0.33164497632773376,0,0,1,0
-1.188807546883169,-0.45620020704895675,-0.814175313753572,-1.2760726140145402,0,0,1,0
0.4361312189558656,-0.5665634371554509,-0.3665330973496847,0.3134334041670827,0,1,0,0
-0.7057005084245873,0.316342403696502,1.751987552476199,-0.6550580033363396,1,0,0,0
1.0910519154489293,-0.014747286622980312,-0.4910111468309797,1.190138487980824,0,1,0,0
-0.9612019998928398,0.42670563380299614,0.4712999280051844,-0.7967440347462046,0,0,0,1
-0.8128462951693385,-0.5665634371554509,-0.30190026396516634,-1.046606804790337,0,0,1,0
-0.7684663834999149,-0.45620020704895675,-0.7806619927393773,-0.7967440347462046,0,1,0,0
0.28967751044676815,-0.5665634371554509,-0.19896649227871108,0.6918698736654114,0,1,0,0
-0.4578070018139504,-0.676926667261945,-0.7327858198619561,-0.2802638482701411,0,0,1,0
-0.9276000667717048,-0.676926667261945,0.3468218785238897,-0.8608487687516964,0,0,0,1
3.0209440743307163,4.068692227317301,1.9913684168633043,4.844472557737062,1,0,0,0
0.7784905375485611,-0.45620020704895675,0.059564841259362844,1.0448101421388287,0,1,0,0
-0.6904845387093566,-0.3458369769424627,-0.5077678073380769,-0.7665128249595239,0,0,0,1
-0.41215909266825773,0.316342403696502,1.1774734779471454,-0.38625519824513027,1,0,0,0
2.046488013817804,-0.12511051672947443,-0.5771882580103375,2.1648218300188677,0,0,0,1
2.361585386670711,0.7577953241224785,0.23670668090582095,3.2946677668656585,0,0,0,1
-0.11100969205431256,-0.5665634371554509,-0.7902372273148615,-0.44307530338636136,0,0,1,0
1.259695579792739,-0.3458369769424627,0.059564841259362844,0.7093529829396366,0,1,0,0
2.5771449576364813,-0.45620020704895675,-1.032011900345838,2.064658183135287,0,0,1,0
0.7429866082130225,-0.676926667261945,-0.816569122397443,0.22019015470454958,0,0,1,0
-0.9516920188208204,0.42670563380299614,0.624503681212932,-0.8317102532946546,0,0,0,1
2.5676349765644626,-0.5665634371554509,0.6101408293497056,1.8115173301022374,0,0,0,1
1.596348909742223,-0.45620020704895675,-0.9147152767961563,1.2258331694157,0,0,1,0
-0.2302014548236213,0.09561594348351381,0.1888305080284,0.333466133543799,0,0,0,1
-0.6423006346111252,0.09561594348351381,0.4425742242787315,-0.645587985812801,0,0,0,1
-0.010837891429042264,-0.45620020704895675,-1.2306980177871356,-0.3574809142313017,0,0,1,0
0.7220646498545797,0.42670563380299614,0.46172469342969996,0.48280102526113733,0,0,0,1
-1.1425256389993415,-0.676926667261945,-0.4359535480219453,-1.2338217666018296,0,1,0,0
0.5204530511277702,-0.5665634371554509,0.31809617479743674,0.27992411139148476,0,1,0,0
1.7288546460123586,-0.23547374683596853,-0.7040601161355035,1.3438441570167186,0,1,0,0
-0.7608583986422994,-0.014747286622980312,0.38991043411356857,-0.8608487687516964,0,0,0,1
-0.24541742453885235,-0.5665634371554509,-0.17263459719612917,-0.13275011376886778,0,1,0,0
1.2736435520317004,-0.3458369769424627,-0.48382972089936643,0.30542031241639633,0,0,1,0
1.237505623958027,-0.3458369769424627,-1.1780342276219724,1.5077483064625778,0,0,1,0
-0.23083545356175603,-0.5665634371554509,-0.4383473566658163,-0.3786063379376568,0,0,1,0
-0.07360376650436991,-0.3458369769424627,-0.9793481101806748,0.12294035936667295,0,0,1,0
2.9752961651850236,0.7577953241224785,-0.17263459719612917,3.556914405979033,0,0,0,1
3.239673638987161,-0.676926667261945,-0.6178830049561455,2.0074738465508424,0,0,1,0
-0.8946321323887045,3.627239306891325,2.719086244600105,-0.49479616832261036,1,0,0,0
-1.1241396755934376,-0.23547374683596853,0.4377866069909895,-0.6044298327297297,0,0,0,1
-0.08247974883825464,-0.014747286622980312,1.0697520889729482,0.05956408824760726,1,0,0,0
-1.301025323532997,-0.23547374683596853,-0.44313497395355855,-1.3212373129729544,0,1,0,0
3.5623789966976833,-0.014747286622980312,-0.37371452328129773,2.5396159850850655,0,1,0,0
-0.2289334573473521,-0.3458369769424627,-0.3186569244722638,-0.6579718548820437,0,1,0,0
-0.28599334377946817,-0.45620020704895675,-0.9195028940838985,-0.7432020125938906,0,0,1,0
-1.2553774143873042,3.627239306891325,1.2445001199755352,-1.0178325207765082,1,0,0,0
-0.622646673728952,-0.3458369769424627,-0.9099276595084143,-0.7952871089733525,0,1,0,0
0.32898543221111476,-0.5665634371554509,-1.0559499867845483,0.0755902717489801,0,0,1,0
-1.0607398017799754,-0.45620020704895675,-0.5340997024206586,-1.0968707439537337,0,0,1,0
-0.7621263961185687,-0.45620020704895675,0.2845828537832423,-0.8247898558736073,0,1,0,0
-0.44132303462245037,-0.5665634371554509,-0.905140042220672,-0.1458624457245365,0,0,1,0
0.3873133161194998,-0.3458369769424627,-0.5269182764890453,0.40594819074319,0,0,1,0
-1.0138238951580134,-0.676926667261945,-0.45510401717291377,-1.153690849094965,0,0,1,0
1.922224261143418,-0.5665634371554509,-0.687303455628406,2.0956178558083938,0,0,1,0
-0.6416666358729906,-0.5665634371554509,-0.44074116530968754,-0.7104211827047188,0,1,0,0
-0.7684663834999149,-0.23547374683596853,-0.36413928870581375,-0.6907526847712157,0,1,0,0
-0.8730761752921274,0.6474320940159843,0.5526894218968003,-0.8051213579401041,0,0,0,1
-0.20357350782196734,-0.676926667261945,-0.7878434186709903,-0.5024450286300839,0,0,1,0
0.1451257981520744,-0.5665634371554509,-1.3623574932000435,-0.05917536223983745,0,0,1,0
-1.0284058661351096,-0.3458369769424627,-0.4910111468309797,-0.786909785779453,0,0,1,0
-0.13002965419835125,-0.12511051672947443,0.38751662546969756,-0.10470429264146505,0,0,0,1
-1.0201638825393595,-0.676926667261945,-0.4215906961587191,-1.2210736660893737,0,0,1,0
0.6669067596368679,0.7577953241224785,2.561094874104615,1.5835084466508862,1,0,0,0
-0.4565390043376812,-0.45620020704895675,0.21755621175485249,-0.4150294822589589,0,1,0,0
-0.37411916838018033,-0.676926667261945,-0.45510401717291377,-0.680554204361251,0,1,0,0
-0.41215909266825773,1.6407011649744314,1.5389385831716749,-0.4955246312090364,1,0,0,0
-0.18962553558300552,-0.676926667261945,-0.4287721220903321,-0.34618973949169796,0,0,1,0
0.524257043556578,3.5168760767848313,1.4695181324994142,1.3627841920637955,1,0,0,0
0.7873665198824458,0.316342403696502,0.38991043411356857,1.1129214220196633,0,0,0,1
0.7911705123112537,-0.45620020704895675,0.629291298500674,1.091795998313308,0,0,0,1
-1.0994137248061873,-0.23547374683596853,-0.7591177149445378,-0.9912436254219579,0,1,0,0
-0.9650059923216476,-0.12511051672947443,-0.2133293441419371,-0.7654201306298848,0,1,0,0
0.36575735902292267,0.20597917359000792,-0.04576273907096344,0.040624053200530065,0,0,0,1
-1.21226550019415,-0.23547374683596853,0.7585569652697107,-1.294648417618404,0,0,0,1
-0.9295020629861087,-0.3458369769424627,-0.9195028940838985,-0.9041923104940458,0,0,1,0
-1.0296738636113791,-0.23547374683596853,-0.6011263444490482,-0.626647950765724,0,1,0,0
-0.8058723090498575,1.9717908552939136,2.695148158161394,-0.5818474832505224,1,0,0,0
0.29094550792303736,0.316342403696502,-0.34020120226710326,0.7607096164326725,0,0,0,1
-0.23337144851429448,3.7376025369978194,1.8764656019574937,-0.020931060702470368,1,0,0,0
0.10454987891145862,-0.23547374683596853,-0.4048340356516216,-0.14914052871345354,0,1,0,0
2.2347856390437864,-0.3458369769424627,-0.038581313139350426,2.880900847375666,0,0,0,1
-0.9472540276538781,-0.45620020704895675,-0.7088477334232455,-0.8674049347295307,0,0,1,0
-0.5662207860349707,-0.45620020704895675,-0.5005863814064639,-0.7410166239346125,0,0,1,0
-0.27965335639812183,-0.5665634371554509,-0.6298520481755009,-0.20304678230898077,0,0,1,0
-0.7710023784524535,-0.014747286622980312,0.35400330445550265,-0.9508139352253124,0,0,0,1
-0.7481784238796071,-0.3458369769424627,-0.9673790669613194,-0.5873109548987177,0,1,0,0
-0.795094330501569,1.6407011649744314,2.328895435649123,-0.3447328137188459,1,0,0,0
1.4898371217356066,-0.5665634371554509,-0.8859895730697036,1.4862586513130096,0,0,1,0
0.14766179310461308,-0.3458369769424627,-1.0056800052632562,-0.24784724982418221,0,0,1,0
0.6440828050640215,-0.5665634371554509,-1.12776424610068,0.24495789284303499,0,0,1,0
-1.1399896440468031,-0.45620020704895675,-0.7016663074916325,-1.1882928362002019,0,0,1,0
-0.27204537154050634,-0.23547374683596853,-0.14151508482580571,-0.3665867003116272,0,1,0,0
1.5215370586423378,-0.014747286622980312,0.7082869837484188,2.2729985686531347,0,0,0,1
-0.7874863456439536,-0.014747286622980312,-0.4957987641187217,-0.8859807383333949,0,1,0,0
-0.8768801677209351,-0.676926667261945,-0.7088477334232455,-0.9030996161644067,0,0,1,0
-1.3390652478210743,-0.5665634371554509,-1.0104676225509985,-1.1788228186766636,0,0,1,0
-0.786852346905819,0.7577953241224785,1.8692841760258803,-0.49516039976582343,1,0,0,0
-0.2853593450413334,-0.3458369769424627,-0.23008600464903453,-0.23437068642530054,0,0,1,0
0.06587595588524675,-0.014747286622980312,-0.0625193995780609,-0.4878757709015631,0,1,0,0
0.8989502977941395,-0.676926667261945,-0.5652192147909822,0.3655185005465447,0,0,1,0
0.7112866713062915,-0.45620020704895675,-0.6968786902038903,0.06065678257724637,0,0,1,0
1.0358940252312174,-0.014747286622980312,2.8292014422181735,0.8481251628037972,1,0,0,0
-0.6670265853983754,-0.014747286622980312,-0.12954604160645025,-0.2831776998158452,0,1,0,0
-0.9637379948453783,-0.676926667261945,-0.7423610544374404,-0.7865455543362401,0,0,1,0
-0.8299642610989731,-0.5665634371554509,-0.44552878259742956,-0.6820111301341031,0,1,0,0
1.8290264466376287,-0.23547374683596853,-0.08406367737290035,1.3092421699114816,0,1,0,0
-0.3493932175929303,0.09561594348351381,2.173297873797504,-0.18483521014832974,1,0,0,0
0.11786385241228572,-0.3458369769424627,-0.6250644308877586,-0.4605584126605865,0,0,1,0
-0.7602243999041649,-0.3458369769424627,-0.6657591778335665,-1.0553483594274495,0,0,1,0
-0.6942885311381641,-0.12511051672947443,0.12180386600001021,-1.0254813810839818,0,1,0,0
-1.3086333083906123,-0.676926667261945,-0.5700068320787245,-0.9351519831671525,0,0,1,0
-0.3221312718531414,-0.014747286622980312,0.3659723476748581,-0.2795353853837152,0,1,0,0
-0.5776327633213939,0.7577953241224785,0.12659148328775266,-0.41065870494040246,0,0,0,1
-0.024151864929869368,-0.676926667261945,-1.1157952028813247,0.0551933109290511,0,0,1,0
0.4431052050753464,-0.12511051672947443,-0.14869651075741872,0.32436034746347353,0,1,0,0
-0.05902179552727359,-0.12511051672947443,-0.6466087086825981,-0.024937606577813576,0,1,0,0
1.3858613286815287,-0.45620020704895675,-0.7279982025742139,0.6452482489341447,0,0,1,0
-0.6530786131594138,-0.45620020704895675,-1.3336317894735907,-0.4299629714306926,0,0,1,0
-0.635960647229779,0.6474320940159843,3.4420164550491634,-0.058811130796624506,1,0,0,0
0.5781469362980209,-0.5665634371554509,-0.6513963259703404,0.7934904463218442,0,0,1,0
0.06777795209965068,-0.23547374683596853,0.13137910057549465,-0.47767729049159846,0,1,0,0
-0.5820707544883362,-0.23547374683596853,-0.7136353507109877,-0.6823753615773162,0,1,0,0
-1.3713991834659398,-0.23547374683596853,-0.2875374121019399,-1.2316363779425517,0,0,0,1
-0.7862183481676843,-0.014747286622980312,1.6682042499407117,-0.6896599904415766,1,0,0,0
0.3879473148576345,-0.23547374683596853,0.24867572412517638,0.1906874078042948,0,1,0,0
1.7472406094182626,-0.45620020704895675,-1.118189011525196,1.524138721407164,0,0,1,0
0.7233326473308491,-0.45620020704895675,-0.07448844279741591,0.30578454385960924,0,1,0,0
-1.0803937626621485,-0.676926667261945,-0.5843696839419508,-1.0167398264468692,0,1,0,0
-1.3885171493955746,2.41324377571989,2.362408756663317,-1.1281946480700535,1,0,0,0
-0.8762461689828006,-0.014747286622980312,-0.22051077007355052,-0.5086369631647053,0,1,0,0
-1.1773955695967457,-0.3458369769424627,0.5885965515548661,-1.0538914336545975,0,0,0,1
-1.1114597008307452,-0.5665634371554509,-0.6896972642722772,-1.028759464072899,0,0,1,0
0.20028368836978655,-0.014747286622980312,-0.19417887499096864,-0.13056472510958955,0,1,0,0
0.5217210486040396,0.6474320940159843,0.46651231071744237,0.13241037689021143,0,0,0,1
2.121933863655824,2.9650599262523607,2.7549933742581705,3.8242602852973904,1,0,0,0
-0.2669733816354295,-0.014747286622980312,-0.2851436034580689,-0.11854508748355994,0,1,0,0
0.2053556782748634,-0.3458369769424627,-0.9099276595084143,0.4933637371143152,0,1,0,0
-0.91048210084207,2.7443334660393726,2.965648534918823,-0.3341701018656683,1,0,0,0
-0.5681227822493745,-0.45620020704895675,-0.9099276595084143,-0.5942313523197651,0,0,1,0
-0.33544524535396847,3.7376025369978194,-0.12475842431870826,-0.09268465501543542,1,0,0,0
-0.2568294018252755,-0.5665634371554509,-0.6370334741071139,-0.593138657990126,0,0,1,0
0.08045792686234307,-0.45620020704895675,0.04520198939613682,-0.33781241629779835,0,1,0,0
-1.3910531443481131,-0.5665634371554509,-0.9889233447561591,-1.3693158634770732,0,0,1,0
-1.1063877109256681,0.20597917359000792,1.3857348299639274,-1.0582622109731534,1,0,0,0
-0.24478342580071763,0.9785217843354668,1.969824139068465,-0.18447097870511678,1,0,0,0
-0.2853593450413334,-0.3458369769424627,-0.9697728756051905,-0.16043170345305727,0,0,1,0
-0.016543880072254075,-0.45620020704895675,-0.05533797364644745,0.10982802741100423,0,1,0,0
0.7379146183079452,-0.45620020704895675,-0.9673790669613194,-0.04642726172738167,0,0,1,0
-0.6448366295636637,-0.5665634371554509,-0.4311659307342033,-0.7588639646520504,0,0,1,0
-0.03809983716883119,-0.3458369769424627,-0.033793695851608,-0.015831820497488058,0,0,0,1
-0.25112341318206394,3.185786386465349,1.4264295769097353,0.0737691145329151,1,0,0,0
1.5900089223608767,0.42670563380299614,0.7178622183239028,1.4013927250443758,0,0,0,1
-0.8882921450073583,-0.3458369769424627,0.9716059345742347,-0.89144420998159,0,0,0,1
0.34737139561701874,-0.3458369769424627,-0.5771882580103375,0.29704298922249694,0,0,1,0
0.09250390288690095,-0.5665634371554509,-0.8788081471380905,-0.1272866421206725,0,1,0,0
1.3002714990333548,-0.5665634371554509,-1.1995785054168118,0.0333394243362698,0,0,1,0
-0.8128462951693385,-0.014747286622980312,0.2199500203987235,-0.6146283131396942,0,0,0,1
-0.8546902118862234,-0.3458369769424627,-0.8189629310413142,-0.6390318198349666,0,1,0,0
-0.48443494881560456,4.068692227317301,2.178085491085246,-0.4226783425664324,1,0,0,0
-1.2674233904118621,-0.014747286622980312,0.638866533076158,-1.240013701136451,0,0,0,1
0.23895761139599841,-0.45620020704895675,-0.6059139617367902,0.14770809750515837,0,1,0,0
1.1823477337403152,-0.5665634371554509,-0.08885129466064236,0.9748777050419286,0,0,1,0
-0.5155008869842009,-0.12511051672947443,0.17446765616517357,-0.4048310018489943,0,1,0,0
-0.393139130524219,-0.676926667261945,0.3611847303871157,-0.6200917847878896,0,0,0,1
0.7848305249299073,1.5303379348679373,2.1661164478658907,1.9156875228611614,1,0,0,0
3.3049755090150272,0.316342403696502,0.20798097717936848,3.4982731436217374,0,0,0,1
-0.22132547248973658,3.185786386465349,2.7813252693407517,0.1163841933888386,1,0,0,0
0.2788995318984795,2.41324377571989,0.9500616567793954,0.8047816210614479,1,0,0,0
-0.22132547248973658,-0.3458369769424627,-0.6322458568193718,-0.3742355606191004,0,0,1,0
-0.31769328068619923,-0.5665634371554509,-0.5125554246258192,-0.24019838951670874,0,1,0,0
-0.9688099847504552,-0.3458369769424627,-0.4934049554748507,-0.9876013109898276,0,0,1,0
0.9426962107254282,-0.014747286622980312,-0.48861733818710845,0.8087881669367911,0,1,0,0
-0.625816667419625,-0.45620020704895675,-1.0272242830580958,-0.8233329301007551,0,0,1,0
-1.191977540573842,-0.676926667261945,-0.7950248446026035,-1.1664389496074208,0,0,1,0
-0.31896127816246844,0.5370688639094903,0.0787153104103313,-0.6579718548820437,0,0,0,1
-0.35446520749800714,-0.5665634371554509,-0.38328975785678215,-0.5778409373751792,0,0,1,0
-0.5497368188434705,-0.23547374683596853,0.3659723476748581,-0.926774659973253,0,1,0,0
-0.9041421134607239,-0.676926667261945,-0.5747944493664665,-0.8295248646353766,0,1,0,0
1.430241240350952,-0.45620020704895675,0.7178622183239028,2.2187280836143946,0,0,0,1
-1.1241396755934376,-0.5665634371554509,-0.682515838340664,-1.1828293645520067,0,0,1,0
0.20852567196553656,1.199248244548455,1.7017175709549066,0.5913419953386178,1,0,0,0
-0.7887543431202227,-0.5665634371554509,-0.7399672457935693,-0.8801530352419865,0,0,1,0
-0.5611487961298937,-0.23547374683596853,0.5598708478284132,-1.1434923686850005,0,1,0,0
0.26304956344511393,-0.12511051672947443,0.7848888603522927,0.1338673026630635,0,0,0,1
0.3581493741653072,-0.676926667261945,-0.6681529864774376,0.3575054087958583,0,0,1,0
-1.2801033651745541,0.9785217843354668,0.8926102493264899,-1.0400506388125026,1,0,0,0
-0.5174028831986048,-0.014747286622980312,0.15292337837033412,-0.4871473080151369,0,0,0,1
0.2535395823730947,-0.3458369769424627,-0.7662991408761508,0.19105163924750776,0,0,1,0
-0.5928487330366248,-0.45620020704895675,0.02605152024516837,-0.8652195460702526,0,1,0,0
-0.7342304516406454,0.6474320940159843,-0.36413928870581375,-0.16298132355554842,0,0,0,1
-0.5193048794130088,-0.5665634371554509,-0.22051077007355052,-0.697673082192263,0,0,1,0
0.8273084403849271,-0.3458369769424627,0.0715338844787183,0.35058501137481096,0,1,0,0
-0.49457892862575853,-0.5665634371554509,0.8710659715316506,-0.09996928387969595,0,0,0,1
0.46909915333886615,-0.3458369769424627,-0.20375410956645307,0.024597869699157233,0,0,1,0
0.43549722021773113,0.20597917359000792,0.18164908209678657,0.9475603468009521,0,0,0,1
-0.907312107151397,-0.12511051672947443,0.1074410141367842,-0.836809493499637,0,1,0,0
-0.7969963267159729,-0.3458369769424627,-0.7160291593548587,-0.7453874012531688,0,0,1,0
0.28904351170863346,-0.3458369769424627,-1.12776424610068,0.4722383134079598,0,0,1,0
-0.2631693892066216,-0.676926667261945,-0.9817419188245459,-0.15278284314558382,0,1,0,0
-1.362523201132055,-0.12511051672947443,-0.3114754985406504,-1.2465698671142853,0,1,0,0
0.1229358423173628,-0.3458369769424627,-0.7232105852864719,-0.39244713277975146,0,0,1,0
1.4277052453984134,-0.5665634371554509,-0.9266843200155115,1.1493445663409654,0,0,1,0
-0.5789007607976631,-0.5665634371554509,-0.9984985793316433,-0.9664758872834723,0,0,1,0
-1.346039233940555,-0.5665634371554509,-0.9099276595084143,-1.2003124738262319,0,0,1,0
-0.3855311456666035,-0.23547374683596853,1.96024890449298,-0.28390616270227137,1,0,0,0
0.45768717605244297,-0.3458369769424627,-1.0128614311948696,0.2125412943970761,0,0,1,0
-1.0886357462578988,-0.45620020704895675,-0.3258383504038768,-0.8987288388458504,0,0,1,0
-1.2503054244822271,-0.45620020704895675,-0.41919688751484785,-1.1649820238345687,0,0,1,0
-1.4221190825167096,0.6474320940159843,0.3970918600451816,-1.431235208823287,0,0,0,1
0.6808547318758295,-0.3458369769424627,-0.254024091087745,0.21654784027241933,0,1,0,0
0.576244940083617,-0.5665634371554509,-0.41919688751484785,0.9096802767067977,0,0,1,0
1.5728909564312417,-0.676926667261945,-0.4957987641187217,0.8149801014714125,0,1,0,0
-0.7691003822380494,1.309611474654949,1.8166203858607173,-0.32032930702357343,1,0,0,0
0.29348150287557584,-0.45620020704895675,-1.0439809435651932,0.26863293665188126,0,0,1,0
-0.915554090747147,0.42670563380299614,-0.07927606008515833,-0.5395966358378119,0,0,0,1
2.2087916907802674,-0.45620020704895675,-0.29950645532129533,1.595163852833703,0,0,1,0
-1.2769333714838813,-0.45620020704895675,-0.37371452328129773,-1.1591543207431605,0,1,0,0
0.7537645867613108,-0.45620020704895675,0.15771099565807611,0.28028834283469795,0,1,0,0
-0.39821112042929613,-0.45620020704895675,-0.6370334741071139,-0.6696272610648604,0,0,1,0
1.2165836655995848,-0.45620020704895675,0.07392769312258929,0.4773375536129421,0,1,0,0
-1.0822957588765525,-0.5665634371554509,0.23431287226194994,-0.9959786341837271,0,1,0,0
2.34510141947921,-0.676926667261945,-0.2947188380335529,2.452928901600367,0,0,1,0
2.85547040367758,-0.5665634371554509,-0.08406367737290035,2.4522004387139416,0,1,0,0
1.055547986113391,-0.5665634371554509,-0.5843696839419508,0.23767326397877447,0,0,1,0
-0.343053230211584,-0.45620020704895675,-0.2659931343071004,-0.3647655430955619,0,1,0,0
-0.6201106787764135,-0.23547374683596853,0.2558571500567894,-0.19576215344472025,0,1,0,0
-0.9535940150352243,-0.676926667261945,-0.467073060392269,-1.1118042331254676,0,1,0,0
0.5939969047513864,0.20597917359000792,0.66519842815874,0.594984309770748,0,0,0,1
-0.3436872289497185,-0.676926667261945,-0.07927606008515833,-0.045334567397742824,0,1,0,0
-0.6733665727797217,0.42670563380299614,0.0787153104103313,-0.5199281379043088,0,0,0,1
-0.14334362769917836,-0.676926667261945,-1.0966447337303564,-0.11854508748355994,0,0,1,0
-0.12876165672208204,-0.3458369769424627,-0.9099276595084143,-0.06500306533124592,0,0,1,0
0.07158194452845833,-0.12511051672947443,0.5287513354580897,-0.1487762972702406,0,1,0,0
0.6624687684699254,0.20597917359000792,0.5479018046090582,0.7308426380892046,0,0,0,1
1.2869575255325276,-0.3458369769424627,-0.558037788859369,0.20416397120317648,0,0,1,0
-0.711406497067799,-0.5665634371554509,-0.0984265292361268,-0.7501224100149381,0,0,1,0
-0.957398007464032,-0.3458369769424627,-1.034405708989709,-0.9635620357377682,0,0,1,0
0.020862045477688804,-0.45620020704895675,-0.9865295361122879,-0.40300984463292927,0,0,1,0
0.5806829312505594,0.09561594348351381,1.984186990931691,0.4813440994882853,1,0,0,0
-0.12939565546021653,-0.5665634371554509,-0.7279982025742139,-0.25695303590450774,0,0,1,0
-0.6917525361856257,-0.676926667261945,-0.5221306592013033,-0.7115138770343578,0,1,0,0
-0.0330278472637541,3.406512846678337,1.3929162558955404,0.8138874071417734,1,0,0,0
-0.8312322585752424,-0.5665634371554509,-0.9530162150980932,-0.9096557821422411,0,0,1,0
0.6535927861360408,-0.12511051672947443,-0.22051077007355052,0.10837110163815218,0,1,0,0
2.114959877536343,-0.5665634371554509,-0.47425448632388223,1.5215891013046725,0,0,1,0
-0.1541216062474668,0.316342403696502,0.895004057970361,-0.1516901488159447,1,0,0,0
-0.9187240844378202,1.4199747047614433,2.2379307071820222,-0.6397602827213926,1,0,0,0
-0.5034549109596432,-0.3458369769424627,0.13856052650710768,-1.0229317609814905,0,0,1,0
-0.222593469966006,-0.45620020704895675,-0.35217024548645826,-0.5935028894333391,0,0,1,0
-0.505356907174047,0.7577953241224785,-0.0673070168658029,-0.6058867585025818,0,0,0,1
-0.17948155577285155,-0.3458369769424627,-1.1373394806761643,-0.2409268524031349,0,0,1,0
-0.6822425551136064,0.20597917359000792,0.421029946483892,-0.4955246312090364,0,0,0,1
-1.0296738636113791,-0.45620020704895675,-1.3623574932000435,-0.9839589965576974,0,0,1,0
-0.8521542169336849,-0.3458369769424627,-0.9530162150980932,-1.1580616264135213,0,0,1,0
-0.4692189791003735,0.7577953241224785,0.2654323846322738,-0.07483731429799734,0,0,0,1
-0.8806841601497429,-0.676926667261945,-0.46946686903614,-0.9526350924413776,0,1,0,0
0.5496169930819628,-0.5665634371554509,0.5909903601987371,0.5622034798815759,0,0,0,1
0.34356740318821105,0.5370688639094903,0.23431287226194994,1.0947098498590122,0,0,0,1
3.0418660326891587,-0.676926667261945,-0.8381134001922824,1.7514191419720888,0,0,1,0
-0.22576346365667896,0.20597917359000792,0.38991043411356857,-0.3152300668185911,0,0,0,1
-0.025419862406138583,0.20597917359000792,1.7567751697639409,0.2384017268652006,1,0,0,0
0.5851209224175017,-0.3458369769424627,-1.2259104004993933,0.049365607837642635,0,0,1,0
0.4361312189558656,-0.3458369769424627,-0.6346396654632429,0.48644333969326764,0,1,0,0
-0.3291052579726224,-0.014747286622980312,-0.4957987641187217,-0.15023322304309267,0,1,0,0
0.2960174978281145,0.09561594348351381,0.01647628566968393,0.01804170372132287,0,0,0,1
0.12927582969870888,-0.45620020704895675,-0.2947188380335529,-0.044970335954529615,0,0,1,0
-1.3447712364642859,-0.676926667261945,-0.5652192147909822,-1.210875185679409,0,0,1,0
0.5160150599608277,-0.23547374683596853,0.5718398910477687,0.01913439805096197,0,0,0,1
-1.155205613762034,-0.45620020704895675,-0.9625914496735773,-1.3671304748177953,0,0,1,0
-0.724720470568626,3.627239306891325,1.998549842794917,-0.39353982710939056,1,0,0,0
-1.0734197765426678,3.7376025369978194,1.3450400830181195,-1.0269383068568338,1,0,0,0
1.1265558447844684,-0.45620020704895675,0.5311451441019608,1.6239381368475314,0,0,0,1
0.4342292227414619,0.42670563380299614,0.38033519953808415,0.5822362092582922,0,0,0,1
0.9388922182966204,3.185786386465349,1.950673669917496,1.611190036335076,1,0,0,0
-0.25112341318206394,-0.3458369769424627,-0.639427282750985,-0.4565518667852432,0,0,1,0
-0.2853593450413334,0.7577953241224785,0.6149284466374476,-0.07920809161655375,0,0,0,1
0.6612007709936565,3.9583289972108076,1.4479738547045746,1.750690679085663,1,0,0,0
0.4995310927693278,-0.014747286622980312,1.4838809843626406,0.44091440929164,0,0,0,1
-0.21244949015585207,-0.3458369769424627,-0.9171090854400272,-0.4827765306965808,0,0,1,0
-0.7380344440694532,3.7376025369978194,1.6442661635020008,-0.0049048772010975355,1,0,0,0
-0.9402800415343973,-0.676926667261945,-0.16066555397677415,-0.8969076816297853,0,1,0,0
3.9041043165522447,-0.5665634371554509,-0.8452948261238956,2.4900805088080955,0,0,1,0
-1.1177996882120913,0.5370688639094903,0.6843488973097084,-0.7253546718764526,0,0,0,1
2.696336720405791,0.20597917359000792,1.062570663041335,4.254053388288756,1,0,0,0
-0.10720569962550491,1.0888850144419608,2.0440322070284673,0.8412047653827499,1,0,0,0
0.23451962022905604,-0.5665634371554509,-1.0056800052632562,-0.24420493539205196,0,0,1,0
-0.5497368188434705,3.296149616571843,1.8405584722994273,-0.4445322291592134,1,0,0,0
-1.0594718043037061,1.9717908552939136,2.429435398691707,-1.0258456125271949,1,0,0,0
-0.2897973362082758,-0.676926667261945,-0.8357195915484115,-0.2533107214723775,0,0,1,0
1.0092660782295633,-0.45620020704895675,-0.8357195915484115,0.14661540317551927,0,0,1,0
-1.1025837184968603,-0.676926667261945,0.08829054498581573,-1.133658119718249,0,1,0,0
0.41267326564488477,-0.5665634371554509,-0.22051077007355052,0.7800138829229623,0,1,0,0
0.23515361896719075,-0.23547374683596853,0.3324590266606632,0.34220768818091135,0,1,0,0
0.9439642082016972,-0.23547374683596853,0.08589673634194474,0.47915871082900735,0,1,0,0
-0.11861767691192808,0.316342403696502,0.35400330445550265,-0.3239716214557037,0,0,0,1
-0.6816085563754718,-0.5665634371554509,-0.6657591778335665,-0.4299629714306926,0,1,0,0
1.3833253337289897,-0.45620020704895675,-0.6178830049561455,0.9843477225654669,0,0,1,0
-0.3677791809988343,-0.23547374683596853,-0.23247981329290554,-0.3068527436246918,0,1,0,0
-1.2991233273185931,-0.676926667261945,-0.2899312207458109,-1.080844560452361,0,1,0,0
-1.068347786637591,-0.676926667261945,-0.7543300976567956,-1.0932284295216035,0,0,1,0
1.6597487835556852,-0.3458369769424627,-0.9099276595084143,1.4964571317229742,0,0,1,0
-0.004497904047696186,-0.014747286622980312,-0.251630282443874,-0.3130446781593129,0,1,0,0
-0.41406108888266163,-0.676926667261945,-0.8476886347677667,-0.45691609822845625,0,0,1,0
0.9522061917974475,1.4199747047614433,1.7902884907781358,1.8464835486506872,1,0,0,0
1.4131232744213174,-0.5665634371554509,-0.45271020852904276,0.5702165716322626,0,0,1,0
0.0690459495759199,-0.5665634371554509,-0.6202768136000166,-0.4332410544196099,0,0,1,0
3.0494740175467747,-0.5665634371554509,-0.1391212761819347,3.587145615765714,0,1,0,0
-0.8844881525785506,0.20597917359000792,1.337858657086506,-0.3753282549487395,1,0,0,0
0.10011188774451647,-0.5665634371554509,0.16249861294581813,0.437636326302723,0,1,0,0
0.7594705754045226,-0.5665634371554509,-0.9554100237419642,0.49991990309214956,0,0,1,0
-0.8527882156718195,0.09561594348351381,1.1008716013432716,-0.9551847125438687,0,0,0,1
-0.6961905273525681,-0.23547374683596853,-0.17263459719612917,-0.8131344496907906,0,1,0,0
0.5071390776269435,-0.3458369769424627,-0.6035201530929192,0.7035252798482281,0,0,1,0
0.8082884782408887,2.7443334660393726,2.4126787381846095,1.9652229991381323,1,0,0,0
-0.9282340655098396,-0.12511051672947443,-0.0002803748374135199,-0.8499218254553057,0,1,0,0
-1.222409480004304,-0.45620020704895675,-0.6585777519019533,-1.1627966351752907,0,0,1,0
-1.0417198396359366,-0.5665634371554509,-0.6992724988477614,-1.100148826942651,0,0,1,0
-0.16299758858135152,2.7443334660393726,2.54912583088526,0.5523692309148245,1,0,0,0
-0.36714518226069953,-0.3458369769424627,-0.7303920112180852,-0.38334134669942593,0,0,1,0
-0.8546902118862234,-0.5665634371554509,-0.34977643684258725,-0.9704824331588157,0,0,1,0
-0.5313508554375664,-0.3458369769424627,-0.44074116530968754,-0.4128440935996807,0,0,1,0
-0.6391306409204521,-0.676926667261945,-1.0535561781406775,-0.8419087337046193,0,0,1,0
1.3009054977714891,-0.5665634371554509,-0.6298520481755009,1.1336826142828058,0,0,1,0
-1.2560114131254387,-0.3458369769424627,-0.2851436034580689,-1.3077607495740728,0,0,1,0
-0.4749249677435851,-0.676926667261945,-1.032011900345838,-0.40410253896256815,0,0,1,0
0.48241312683969323,-0.3458369769424627,-0.9769543015368036,0.9125941282525019,0,0,1,0
0.40823527447794244,-0.5665634371554509,-0.8716267212064773,0.00128705733352388,0,0,1,0
-0.3233992693294108,-0.676926667261945,-0.5269182764890453,-0.10616121841431711,0,0,1,0
0.6193568542767712,-0.676926667261945,-0.99131715340003,0.40740511651604205,0,0,1,0
-0.3829951507140651,-0.3458369769424627,-1.2905432338839118,-0.6852892131230203,0,0,1,0
-1.3530132200600358,-0.676926667261945,1.0434201938903667,-1.100148826942651,0,0,0,1
-0.12495766429327415,-0.014747286622980312,-0.7064539247793744,-0.22380797457212298,0,1,0,0
-0.06472778417048518,-0.3458369769424627,0.7824950517084217,-0.16589517510125254,0,0,0,1
0.2053556782748634,-0.5665634371554509,-0.7615115235884088,-0.043513410181677564,0,0,1,0
1.3522593955603937,-0.45620020704895675,-0.03139988720773699,2.2008807428969566,0,0,0,1
-0.8344022522659156,0.42670563380299614,0.46172469342969996,-0.42850604565784056,0,0,0,1
-0.5484688213672012,-0.45620020704895675,-1.1373394806761643,-0.714427728580062,0,0,1,0
-1.1926115393119765,-0.5665634371554509,-0.6585777519019533,-1.0517060449953193,0,0,1,0
-0.47048697657664273,0.8681585542289726,2.496462040720097,0.05628600525869021,1,0,0,0
-0.6036267115849133,-0.5665634371554509,-0.6346396654632429,-0.6386675883917535,0,0,1,0
-0.5047229084359125,-0.45620020704895675,-0.3114754985406504,-0.9861443852169756,0,0,1,0
-0.18708954063046707,0.6474320940159843,0.2223438290425945,-0.058446899353411554,0,0,0,1
1.0225800517303905,3.8479657671043137,1.1631106260839192,2.1593583583706724,1,0,0,0
3.344283430779374,-0.3458369769424627,-1.252242295581975,2.124756371265435,0,0,1,0
-0.14334362769917836,0.42670563380299614,0.6484417676516425,-0.20158985653612874,0,0,0,1
-0.9440840339632051,1.9717908552939136,1.8764656019574937,-0.5494308848045635,1,0,0,0
-0.8413762383853963,-0.12511051672947443,-0.2779621775264559,-1.0568052852003016,0,1,0,0
-0.8172842863362808,-0.5665634371554509,-0.7447548630813113,-0.9937932455244489,0,0,1,0
-1.292149341199112,-0.676926667261945,-0.8572638693432508,-1.1267377222972015,0,0,1,0
-0.3303732554488916,-0.014747286622980312,-0.5005863814064639,-0.07374461996835824,0,1,0,0
-0.08881973621960072,-0.676926667261945,-0.0720946341535449,-0.05334765914842924,0,1,0,0
-1.155205613762034,-0.676926667261945,-0.948228597810351,-0.9566416383167208,0,0,1,0
0.6047748832996751,-0.3458369769424627,-0.3904711837883952,0.5028337546378536,0,0,1,0
-0.39947911790556534,-0.014747286622980312,0.2869766624271133,0.05992831969082021,0,0,0,1
-1.3187772882007662,-0.3458369769424627,-0.6202768136000166,-1.431235208823287,0,0,1,0
2.8503984137725036,-0.014747286622980312,0.22473763768646593,3.4673134709486306,0,1,0,0
2.1048158977261893,1.8614276251874196,2.68557292358591,2.275183957312413,1,0,0,0
1.867066370925706,0.09561594348351381,0.6484417676516425,1.3074210126954164,0,0,0,1
-1.1063877109256681,-0.45620020704895675,-0.1463027021135477,-1.0954138181808817,0,0,1,0
-0.9751499721318014,-0.3458369769424627,-0.7926310359587325,-0.7355531522864172,0,0,1,0
0.574342943869213,-0.5665634371554509,0.7920702862839056,0.2806525742779109,0,1,0,0
-0.8305982598371078,-0.45620020704895675,-0.5436749369961428,-0.8674049347295307,0,0,1,0
-1.2148014951466883,-0.12511051672947443,0.7561631566258398,-0.9548204811006558,0,0,0,1
-0.35573320497427635,-0.45620020704895675,-1.0439809435651932,-0.2638734333255553,0,0,1,0
-0.36270719109375715,-0.3458369769424627,0.5383265700335738,-0.4583730240013083,0,0,0,1
-0.22576346365667896,-0.676926667261945,0.7896764776400347,-0.4543664781259651,0,0,0,1
-0.4666829841478351,-0.3458369769424627,-0.6250644308877586,-0.5516162734638417,0,0,1,0
1.4556011898763366,-0.45620020704895675,-1.0200428571264828,0.8721644380558565,0,0,1,0
-0.5687567809875093,0.20597917359000792,-0.12954604160645025,-0.34109049928671564,0,0,0,1
-0.5433968314621244,-0.5665634371554509,-1.0894633077987432,-0.6430383657103098,0,0,1,0
-0.3024773109709682,-0.3458369769424627,-0.5987325358051769,0.07012680010078483,0,0,1,0
1.2235576517190654,-0.3458369769424627,-0.7184229679987297,1.2709978683741143,0,0,1,0
-0.7602243999041649,-0.014747286622980312,-0.23966123922451898,-0.6517799203474224,0,1,0,0
-0.637862643444183,-0.676926667261945,0.040414372108394395,-0.4831407621397937,0,1,0,0
1.190589717336065,-0.676926667261945,-0.8883833817135746,1.298679458058304,0,0,1,0
-0.7760743683575304,-0.5665634371554509,-0.5077678073380769,-0.8211475414414771,0,0,1,0
-0.26507138542102554,-0.676926667261945,-0.80938769646583,0.00128705733352388,0,0,1,0
0.2649515596595179,0.09561594348351381,3.2840250845536736,0.09489453823927024,1,0,0,0
0.4469091975041543,-0.5665634371554509,-0.9578038323858351,0.22310400625025367,0,0,1,0
-0.4647809879334312,-0.12511051672947443,-0.02421846127612398,-0.46638611575199485,0,1,0,0
-0.6854125488042796,-0.5665634371554509,-1.2235165918555222,-0.7650558991866718,0,0,1,0
0.18126372622574785,3.406512846678337,0.9692121259303638,0.21509091449956727,1,0,0,0
-0.97768596708434,-0.5665634371554509,-0.7447548630813113,-0.8841595811173297,0,1,0,0
-0.9339400541530511,-0.45620020704895675,-0.90035242493293,-1.2269013691807822,0,0,1,0
-0.3798251570233919,1.0888850144419608,2.235536898538152,-0.42340680545285825,1,0,0,0
-0.19786751917875575,0.20597917359000792,0.2941580883587263,-0.01728874627034011,0,0,0,1
-0.35700120245054556,-0.5665634371554509,-0.9697728756051905,-0.4448964606024266,0,0,1,0
-1.1507676225950916,0.20597917359000792,0.7418003047626133,-1.0039917259344135,0,0,0,1
-0.5655867872968361,-0.676926667261945,0.5718398910477687,-0.3425474250595677,0,0,0,1
0.3816073274762882,2.302880545613396,2.278625454127831,0.8066027782775129,1,0,0,0
0.09503989783943939,-0.3458369769424627,0.09068435362968674,0.25807022479870373,0,1,0,0
-0.22703146113294817,-0.676926667261945,-0.5077678073380769,-0.4237710368960715,0,0,1,0
-0.17250756965337075,-0.5665634371554509,-1.0487685608529353,-0.3250643157853428,0,0,1,0
-0.07360376650436991,-0.5665634371554509,-0.8644452952748641,-0.5330404698599776,0,0,1,0
0.6688087558512718,-0.3458369769424627,0.0428081807522654,0.420517448471711,0,0,0,1
2.2766295557606715,0.42670563380299614,2.1685102565097623,2.105452104775145,1,0,0,0
0.45768717605244297,-0.5665634371554509,-0.09124510330451335,0.4587617500090781,0,0,1,0
0.5160150599608277,-0.3458369769424627,-0.5556439802154981,0.13823807998161988,0,0,1,0
-0.5522728137960091,2.302880545613396,1.4695181324994142,0.07012680010078483,1,0,0,0
-0.05902179552727359,-0.45620020704895675,-0.8429010174800247,-0.4055594647354204,0,0,1,0
0.2712915470408642,-0.3458369769424627,-0.3976526097200086,-0.14549821428132356,0,1,0,0
-0.376655163332719,-0.014747286622980312,-0.7088477334232455,-0.8426371965910453,0,1,0,0
-0.4330810510267001,-0.45620020704895675,-1.0966447337303564,-0.3225146956828516,0,0,1,0
-1.4328970610649983,-0.676926667261945,-0.24444885651226098,-1.2218021289757999,0,1,0,0
-0.301209313494699,0.09561594348351381,-0.1702407885522582,-0.07010230553622823,0,0,0,1
-0.2542934068727371,-0.45620020704895675,0.31091474886582376,-0.21761604003750157,0,0,0,1
0.7404506132604841,-0.23547374683596853,0.27740142785162886,0.9155079797982064,0,1,0,0
-1.0214318800156288,-0.3458369769424627,-0.04576273907096344,-0.9125696336879453,0,1,0,0
-0.9295020629861087,-0.5665634371554509,-0.680122029696793,-1.0582622109731534,0,0,1,0
-1.163447597357784,-0.676926667261945,0.1553171870142051,-1.2327290722721906,0,1,0,0
-0.34875921885479555,-0.3458369769424627,-0.3569578627742007,-0.3625801544362837,0,1,0,0
-1.301025323532997,0.316342403696502,2.3480459048000912,-0.9205827254386317,1,0,0,0
2.46429318224852,0.20597917359000792,0.4258175637716345,1.351857248767405,0,0,0,1
-0.47999695764866224,0.316342403696502,0.10265339684904176,-0.3072169750679047,0,0,0,1
0.053195981122554366,-0.3458369769424627,0.038020563464523385,0.4332655489841665,0,1,0,0
0.4456412000278851,0.42670563380299614,0.27979523649549987,0.0766829660786192,0,0,0,1
-0.8375722459565886,-0.45620020704895675,0.24388810683743437,-0.45072416369383483,0,1,0,0
-0.5440308302002589,-0.3458369769424627,-0.8596576779871221,-0.9052850048236848,0,0,1,0
3.103997909026352,-0.45620020704895675,-0.7519362890129246,2.2354827300021936,0,0,1,0
-0.3722171721657766,-0.45620020704895675,0.43299898970324746,-0.47767729049159846,0,1,0,0
-0.5598807986536244,-0.5665634371554509,-0.7662991408761508,-0.5989663610815343,0,0,1,0
-0.594116730512894,-0.23547374683596853,-0.6322458568193718,-0.5949598152061911,0,1,0,0
-0.6562486068500869,-0.3458369769424627,-1.0631314127161617,-0.608800610048286,0,0,1,0
0.8114584719315616,0.7577953241224785,0.23910048954969193,0.6783933102665297,0,0,0,1
-0.5383248415570473,-0.014747286622980312,-0.37371452328129773,-0.7402881610481865,0,1,0,0
-1.448113030780229,-0.3458369769424627,-0.35456405413032926,-1.3718654835795645,0,0,1,0
-0.19216153053554416,-0.45620020704895675,-0.45271020852904276,-0.42741335132820146,0,0,1,0
1.0847119280675834,-0.676926667261945,0.03562675482065238,0.5188599381392265,0,1,0,0
0.2687555520883255,-0.5665634371554509,-0.24684266515613199,0.37280312941080523,0,1,0,0
-0.9142860932708778,3.9583289972108076,1.9123727316155592,-0.5191996750178829,1,0,0,0
1.7174426687259354,-0.676926667261945,-0.6059139617367902,0.5534619252444636,0,0,1,0
-1.186905550668765,-0.3458369769424627,-1.0176490484826115,-1.431235208823287,0,0,1,0
0.3125014650196145,-0.45620020704895675,-0.08645748601677135,0.39101470157145624,0,1,0,0
0.42535324040757716,-0.676926667261945,-0.44792259124130057,0.6077324102832035,0,0,0,1
-0.38806714061914216,-0.45620020704895675,-0.8046000791780877,-0.5122792775968353,0,1,0,0
-0.5402268377714512,-0.45620020704895675,0.9955440210129453,-0.3909902070068994,0,0,0,1
0.9128982700331011,-0.23547374683596853,0.3755475822503421,0.8477609313605841,0,0,0,1
-0.20420750656010184,-0.45620020704895675,-0.4934049554748507,-0.5898605750012088,0,0,1,0
-0.8356702497421847,-0.676926667261945,0.3683661563187291,-0.8776034151394954,0,0,0,1
-0.7450084301889339,-0.3458369769424627,-1.300118468459396,-0.8302533275218026,0,0,1,0
-0.9973399279665133,-0.23547374683596853,2.903409510178176,-0.7756186110398494,1,0,0,0
0.8900743154602547,-0.5665634371554509,-0.9984985793316433,0.32654573612275145,0,0,1,0
-0.9003381210319161,0.5370688639094903,0.3444280698800187,-0.5006238714140188,0,0,0,1
-0.5833387519646054,-0.45620020704895675,-0.7854496100271193,-0.5858540291258656,0,0,1,0
0.6852927230427718,-0.3458369769424627,-0.814175313753572,0.08542452071573177,0,0,1,0
-0.8876581462692238,-0.45620020704895675,-0.8979586162890588,-0.7391954667185474,0,0,1,0
-0.1604615936288131,-0.3458369769424627,-0.24205504786839,-0.45254532090989996,0,1,0,0
-1.0791257651858794,-0.5665634371554509,-0.7878434186709903,-1.153690849094965,0,0,1,0
-1.131747660451053,-0.5665634371554509,-1.0487685608529353,-0.8437298909206844,0,0,1,0
0.7106526725681566,-0.676926667261945,-0.6274582395316296,0.8852767700115253,0,0,1,0
-0.08438174505265836,-0.45620020704895675,-0.3976526097200086,-0.4008244559736511,0,0,1,0
1.002926090848217,-0.45620020704895675,-0.7758743754516351,0.335287290759864,0,0,1,0
-0.37411916838018033,-0.676926667261945,0.21755621175485249,-0.3545670626855973,0,1,0,0
0.0018420833336501175,-0.676926667261945,-0.5628254061471113,-0.6514156889042093,0,0,1,0
-1.307365310914343,2.7443334660393726,1.993762225507175,-1.1973986222805275,1,0,0,0
0.507773076365078,-0.5665634371554509,-0.7495424803690536,0.43945748351878794,0,0,1,0
-0.9421820377488012,-0.45620020704895675,-0.12954604160645025,-0.9479000836796083,0,1,0,0
-1.034745853516456,-0.014747286622980312,-0.23247981329290554,-0.9278673543028921,0,1,0,0
-0.729792460473703,-0.676926667261945,-0.33541358497936125,-0.5563512822256109,0,1,0,0
-0.9922679380614363,-0.45620020704895675,-0.3186569244722638,-1.0189252151061474,0,0,1,0
-1.448113030780229,-0.45620020704895675,-0.7279982025742139,-1.222166360419013,0,0,1,0
-0.08438174505265836,-0.014747286622980312,-0.27078075159484244,0.13568845987912873,0,0,0,1
-0.9269660680335702,0.42670563380299614,0.09068435362968674,-1.0025348001615615,0,0,0,1
-0.7735383734049919,-0.23547374683596853,0.02126390295742594,-0.7788966940287666,0,1,0,0
0.862812369720466,-0.014747286622980312,1.0410263852464952,1.0564655483216452,0,0,0,1
-0.9516920188208204,-0.3458369769424627,-1.0751004559355168,-0.7603208904249025,0,0,1,0
0.13244582338938204,2.9650599262523607,1.3067391447161825,0.42343130001741514,1,0,0,0
-0.9859279506800901,-0.676926667261945,-0.40722784429549264,-1.1442208315714264,0,0,1,0
0.5844869236793673,0.20597917359000792,0.3444280698800187,0.4139612824938764,0,0,0,1
-1.0797597639240142,-0.23547374683596853,0.030839137532910378,-0.7916447945412224,0,1,0,0
-0.44195703336058484,0.316342403696502,-0.23966123922451898,-0.24493339827847813,0,0,0,1
-0.12559166303140887,-0.3458369769424627,-0.5197368505574324,-0.4212214167935803,0,0,1,0
-0.6270846648958944,-0.45620020704895675,-0.9410471718787379,-0.7632347419706067,0,0,1,0
2.3368594358834605,-0.676926667261945,-0.4144092702271059,2.5126628582873027,0,1,0,0
0.1305438271749781,-0.45620020704895675,-0.16305936262064516,0.17466122430292197,0,1,0,0
-1.1190676856883603,-0.12511051672947443,0.006901051094199916,-0.8094921352586604,0,1,0,0
-0.8699061816014544,-0.5665634371554509,0.17686146480904458,-0.6838322873501682,0,0,0,1
-0.06916577533742754,-0.676926667261945,-0.34020120226710326,0.08141797484038857,0,0,1,0
-0.6467386257780676,-0.3458369769424627,-0.39525880107613764,-0.6444952914831619,0,0,1,0
-1.2407954434102078,0.42670563380299614,2.4270415900478355,-1.1234596393082843,1,0,0,0
0.5109430700557509,-0.45620020704895675,-0.9578038323858351,0.15244310626692748,0,0,1,0
-1.1304796629747835,1.309611474654949,0.8806412061071345,-0.6299260337546412,1,0,0,0
-0.925698070557301,-0.45620020704895675,-0.2181169614296795,-0.5374112471785338,0,1,0,0
-0.8363042484803194,-0.676926667261945,-1.0080738139071272,-0.5898605750012088,0,0,1,0
-0.26760738037356396,-0.3458369769424627,-0.9649852583174484,-0.1695374895333828,0,0,1,0
-0.7646623910711072,-0.3458369769424627,-0.7974186532464745,-0.8349883362835718,0,0,1,0
-0.5605147973917591,2.302880545613396,1.941098435342012,-0.09049926635615722,1,0,0,0
0.5363030195811357,-0.676926667261945,-0.35456405413032926,-0.044970335954529615,0,0,1,0
0.2643175609213834,0.20597917359000792,0.2606447673445314,0.3786308325022134,0,0,0,1
-0.5934827317747594,-0.3458369769424627,-0.17502840584000018,-0.5607220595441672,0,1,0,0
-0.9871959481563594,-0.12511051672947443,0.5742336996916396,-0.9712108960452417,0,0,0,1
2.795874522292926,-0.676926667261945,-0.4910111468309797,2.9304363236526374,0,0,1,0
-0.29169933242267976,-0.014747286622980312,1.500637644869738,-0.26860844208732443,1,0,0,0
2.263949580997979,-0.3458369769424627,-0.7662991408761508,1.9805207197530792,0,0,1,0
-0.06599578164675439,0.42670563380299614,-0.8692329125626064,-0.22052989158320566,0,0,0,1
0.30108948773319133,-0.5665634371554509,-0.2755683688825849,0.459490212895504,0,1,0,0
2.0610699847949006,-0.5665634371554509,-0.6202768136000166,0.9989169802939879,0,0,1,0
2.7850965437446376,0.7577953241224785,-0.060125590934189885,2.678023933506014,0,0,0,1
2.695702721667656,-0.5665634371554509,-0.8740205298503483,2.368427206774946,0,0,1,0
-0.5002849172689701,-0.676926667261945,-0.7758743754516351,-0.470028430184125,0,0,1,0
0.3961892984533845,-0.676926667261945,-0.7615115235884088,0.7709080968426367,0,1,0,0
0.1489297905808823,-0.676926667261945,-0.9147152767961563,-0.2179802714807145,0,0,1,0
-1.1710555822153994,-0.5665634371554509,0.3468218785238897,-1.1595185521863733,0,1,0,0
-0.47302297152918144,0.316342403696502,0.2582509587006604,-0.29701849465794006,0,0,0,1
-0.9890979443707631,0.7577953241224785,0.9213359530529425,-1.117996167660089,0,0,0,1
-0.9656399910597822,-0.5665634371554509,-0.30668788125290836,-0.9315096687350224,0,1,0,0
0.02213004295395802,0.7577953241224785,2.206811194811699,0.9238853029921056,1,0,0,0
0.17999572874947864,-0.45620020704895675,-0.01703703534451097,-0.14404128850847123,0,1,0,0
2.0686779696525153,-0.3458369769424627,0.047595798040007825,0.9133225911389282,0,1,0,0
1.5551389917634721,0.316342403696502,2.3001697319226704,2.7312017242151154,1,0,0,0
-0.5294488592231628,-0.45620020704895675,0.1074410141367842,-0.5173785178018177,0,1,0,0
-0.5801687582739324,3.185786386465349,1.4024914904710248,-0.40628792762184635,1,0,0,0
3.5890069436993377,-0.676926667261945,-0.5700068320787245,3.6119133539041997,0,0,1,0
-0.9218940781284932,-0.676926667261945,-0.6490025173264691,-0.8022075063944,0,1,0,0
-0.1617295911050823,-0.45620020704895675,-0.6585777519019533,-0.35128897969668027,0,0,1,0
-0.40898909897758456,1.309611474654949,1.2516815459071482,0.4853506453636285,1,0,0,0
1.0454040063032368,3.9583289972108076,1.0817211321923035,0.9566661328812777,1,0,0,0
2.7838285462683685,-0.676926667261945,-0.5245244678451744,1.7434060502214024,0,0,1,0
0.865982363411139,-0.014747286622980312,0.1074410141367842,1.3190764188782333,0,0,0,1
-1.0759557714952062,-0.3458369769424627,-1.2283042091432645,-0.9125696336879453,0,0,1,0
-1.2230434787424385,-0.5665634371554509,-0.38568356650065316,-1.1638893295049297,0,0,1,0
0.9693241577270825,0.42670563380299614,-0.22769219600516355,1.0003739060668402,0,0,0,1
0.022764041692092514,-0.676926667261945,-0.9530162150980932,-0.39572521576866876,0,0,1,0
-0.7786103633100688,-0.45620020704895675,-0.15827174533290317,-0.5632716796466584,0,1,0,0
1.7244166548454163,-0.5665634371554509,-1.0727066472916458,1.8300931337061017,0,0,1,0
-1.406269114063344,1.7510643950809255,1.1391725396452084,-1.2618675877292322,1,0,0,0
-0.9751499721318014,-0.45620020704895675,-0.4910111468309797,-0.7129708028072099,0,0,1,0
-0.2162534825846597,-0.5665634371554509,-0.6753344124090508,-0.045334567397742824,0,0,1,0
0.625062842919983,-0.014747286622980312,1.2612567804826327,1.618838896642549,1,0,0,0
-0.528814860485028,-0.3458369769424627,-0.6250644308877586,-0.43615490596531403,0,0,1,0
-0.2352734447286984,0.20597917359000792,3.406109325391098,0.6230301308981504,1,0,0,0
0.14449179941393991,-0.23547374683596853,2.8579271459446254,0.24532212428624792,1,0,0,0
-0.6600525992788947,-0.5665634371554509,-0.6107015790245324,-0.5618147538738062,0,0,1,0
-0.6194766800382788,-0.12511051672947443,-0.9697728756051905,-0.4419826090567225,0,1,0,0
-0.8851221513166851,-0.5665634371554509,-0.5125554246258192,-0.7788966940287666,0,1,0,0
1.677500748223454,-0.45620020704895675,-0.7064539247793744,2.034791204791819,0,1,0,0
1.6952527128912236,-0.5665634371554509,-1.0511623694968064,1.1420599374767053,0,0,1,0
2.6678067771897327,-0.45620020704895675,-0.13433365889419227,3.197782202970995,0,1,0,0
-0.09896371602975466,-0.3458369769424627,-0.249236473800003,-0.5155573605857525,0,1,0,0
-1.4138770989209595,-0.12511051672947443,-0.15348412804516073,-1.1751805042445334,0,1,0,0
-1.0176278875868212,-0.12511051672947443,0.14334814379484967,-0.7224408203307484,0,0,0,1
-0.9295020629861087,-0.3458369769424627,0.1481357610825921,-0.785452860006601,0,1,0,0
0.06397395967084304,3.0754231563588545,1.8094389599291039,1.1158352735653678,1,0,0,0
-0.44132303462245037,0.316342403696502,0.3276714093729212,-0.23946992663028285,0,0,0,1
-1.0303078623495134,-0.45620020704895675,-0.8979586162890588,-0.8459152795799625,0,0,1,0
-0.18708954063046707,-0.3458369769424627,-0.1367274675380637,-0.04642726172738167,0,1,0,0
0.9014862927466779,1.5303379348679373,1.9004036883962037,0.8677936607373006,1,0,0,0
0.25290558363496,0.42670563380299614,0.7274374528993873,-0.2110598740596672,0,0,0,1
-0.3975771216911614,-0.45620020704895675,-0.4335597393780743,-0.4754919018323204,0,1,0,0
-1.2078275090272075,3.296149616571843,1.361796743525217,-1.3216015444161677,1,0,0,0
-0.08628374126706229,-0.23547374683596853,-0.7184229679987297,-0.30175350341970947,0,1,0,0
1.5101250813559142,-0.5665634371554509,-0.5771882580103375,1.8890986275066106,0,0,1,0
0.522989046080309,-0.45620020704895675,-0.7998124618903457,0.3680681206490358,0,0,1,0
-1.3492092276312282,-0.676926667261945,0.2678261932761448,-1.0254813810839818,0,1,0,0
-0.18201755072539022,-0.676926667261945,0.3444280698800187,-0.2678799792008985,0,0,0,1
-0.38806714061914216,-0.3458369769424627,-0.9745604928929326,-0.42449949978249735,0,0,1,0
-1.0930737374248412,-0.5665634371554509,-0.7399672457935693,-1.210875185679409,0,0,1,0
-0.3208632743768722,-0.676926667261945,0.9644245086426217,0.15572118925584477,0,0,0,1
-1.4316290635887288,-0.676926667261945,-0.22051077007355052,-1.1598827836295864,0,1,0,0
-0.8711741790777235,-0.45620020704895675,-1.0439809435651932,-0.8335314105107198,0,0,1,0
1.5519689980727993,-0.014747286622980312,0.004507242450328913,1.6563547352934904,0,0,0,1
-0.7310604579499722,-0.676926667261945,-0.8620514866309931,-0.7115138770343578,0,0,1,0
1.0999278977828142,-0.5665634371554509,-0.5484625542838848,1.0273270328646036,0,0,1,0
-1.0131898964198789,-0.676926667261945,-0.6083077703806612,-1.1653462552777818,0,0,1,0
0.5863889198937712,-0.45620020704895675,-0.8644452952748641,0.5297868814356173,0,0,1,0
1.6153688718862615,-0.45620020704895675,0.20798097717936848,1.3121560214571857,0,1,0,0
0.23959161013413313,-0.676926667261945,-0.6729406037651797,0.24313673562696972,0,0,1,0
0.4361312189558656,-0.45620020704895675,-1.204366122704554,0.4358151690866577,0,0,1,0
2.2385896314725944,-0.45620020704895675,0.3348528353045342,1.8326427538085925,0,0,0,1
1.1145098687599106,-0.12511051672947443,-0.3904711837883952,0.36624696343297086,0,1,0,0
-0.9618359986309745,-0.45620020704895675,-0.5795820666542087,-1.0735599315881004,0,0,1,0
-1.1203356831646298,-0.676926667261945,0.10983482278065519,-1.0928641980783906,0,1,0,0
-0.35256321128360324,-0.45620020704895675,-0.2013603009225821,-0.5756555487159011,0,1,0,0
0.8621783709823311,-0.676926667261945,-0.591551109873564,0.7057106685075063,0,0,1,0
-0.06599578164675439,-0.676926667261945,-1.1540961411832618,-0.09304888645864838,0,0,1,0
-0.9085801046276663,0.09561594348351381,-0.32823215904774783,-0.5538016621231198,0,0,0,1
-0.9973399279665133,0.09561594348351381,2.3073511578542827,-0.5476097275884984,1,0,0,0
-1.2350894547669962,-0.3458369769424627,-1.0008923879755143,-0.8786961094691342,0,0,1,0
0.5635649653209244,-0.3458369769424627,-0.19417887499096864,0.7399484241695301,0,1,0,0
1.3173894649629891,-0.3458369769424627,-0.8740205298503483,0.4973702829896584,0,0,1,0
-1.0442558345884752,-0.45620020704895675,-1.3503884499806882,-1.0265740754136208,0,0,1,0
0.3663913577610574,2.7443334660393726,2.3671963739510593,0.8874621586708035,1,0,0,0
2.360951387932576,0.316342403696502,-0.19178506634709763,1.3125202529003988,0,0,0,1
1.1588897804293339,-0.676926667261945,-0.9147152767961563,0.48316525670435057,0,0,1,0
2.116227875012612,0.42670563380299614,0.23431287226194994,1.6243023682907447,0,0,0,1
-0.9047761121988585,-0.45620020704895675,-0.8452948261238956,-0.8324387161810807,0,0,1,0
-1.2547434156491695,-0.676926667261945,-0.8213567396851852,-1.3037542036987297,0,0,1,0
-0.9054101109369931,-0.676926667261945,0.6460479590077715,-0.8240613929871812,0,0,0,1
-0.8394742421709925,-0.45620020704895675,-0.6130953876684034,-1.0910430408623255,0,0,1,0
-0.5250108680562204,-0.3458369769424627,-1.345600832692946,-0.6058867585025818,0,0,1,0
-1.3003913247948622,-0.014747286622980312,0.1457419524387211,-1.0436929532446328,0,1,0,0
-0.5865087456552786,1.6407011649744314,1.5939961819807094,-0.16116016633948343,1,0,0,0
0.27636353694594107,-0.3458369769424627,-0.6035201530929192,0.35058501137481096,0,0,1,0
-0.6467386257780676,-0.5665634371554509,-0.6513963259703404,-0.8481006682392406,0,0,1,0
0.6244288441818481,-0.3458369769424627,-1.032011900345838,0.17029044698436555,0,0,1,0
0.2706575483027295,-0.676926667261945,-0.6992724988477614,-0.005269108644310484,0,0,1,0
0.561028970368386,-0.5665634371554509,-0.8500824434116379,0.2496929016048041,0,0,1,0
0.48177912810155826,-0.676926667261945,-0.6346396654632429,0.12585421091237706,0,0,1,0
-0.7652963898092419,-0.676926667261945,-0.9027462335768011,-0.8448225852503234,0,0,1,0
-0.7152104894966067,0.7577953241224785,2.099089805837502,0.1192980449345427,1,0,0,0
2.0934039204397656,-0.45620020704895675,-0.5676130234348533,1.6953274997172838,0,0,1,0
2.0223960617686885,-0.676926667261945,-0.2971126466774243,1.7434060502214024,0,0,1,0
0.30235748520946054,-0.23547374683596853,-0.6777282210529217,-0.25913842456378594,0,1,0,0
-0.9631039961072436,-0.676926667261945,-0.7351796285058272,-1.0112763547986738,0,0,1,0
0.3866793173813653,-0.5665634371554509,-0.7208167766426009,0.2154551459427802,0,0,1,0
1.621074860529473,-0.014747286622980312,0.059564841259362844,2.037705056337523,0,1,0,0
-0.3493932175929303,-0.3458369769424627,0.24628191548130537,0.07741142896504535,0,0,0,1
-0.028589856096811736,-0.3458369769424627,-1.0631314127161617,-0.04169225296561257,0,0,1,0
-1.123505676855303,-0.3458369769424627,-0.9506224064542221,-0.7949228775301396,0,0,1,0
-0.3899691368335459,-0.45620020704895675,0.09786577956129976,-0.4583730240013083,0,1,0,0
-1.0106539014673404,-0.676926667261945,-0.6346396654632429,-1.1398500542528702,0,0,1,0
0.08616391550555465,-0.676926667261945,-1.0727066472916458,-0.26095958177985096,0,0,1,0
-0.8952661311268392,-0.676926667261945,-0.44792259124130057,-1.0218390666518515,0,0,1,0
-0.19976951539315946,-0.3458369769424627,-0.4934049554748507,-0.7180700430121922,0,0,1,0
0.17936173001134414,0.6474320940159843,-0.04336893042709244,0.1906874078042948,0,0,0,1
0.08552991676742015,-0.676926667261945,-0.44552878259742956,0.3553200201365801,0,1,0,0
0.5255250410328475,-0.23547374683596853,0.12898529193162364,0.3250888103498994,0,1,0,0
-0.46858498036223906,-0.5665634371554509,-0.40962165293936365,-0.6441310600399489,0,0,1,0
0.3816073274762882,0.5370688639094903,-0.27078075159484244,0.9391830236070525,0,0,0,1
-1.0030459166097248,1.6407011649744314,2.0153065033020146,-0.44234684049993545,1,0,0,0
1.1766417450971034,-0.12511051672947443,-0.14869651075741872,0.29704298922249694,0,1,0,0
-0.12939565546021653,-0.3458369769424627,-0.5508563629277561,-0.11963778181319903,0,0,1,0
-0.3170592819480645,-0.676926667261945,-1.08228188186713,-0.5843971033530135,0,0,1,0
-1.437969050970075,0.09561594348351381,0.2917642797148553,-1.3496473655435701,0,0,0,1
0.5014330889837317,-0.676926667261945,-0.8788081471380905,0.023869406812731336,0,0,1,0
-0.20293950908383263,-0.45620020704895675,-1.0008923879755143,-0.46820727296805986,0,0,1,0
-1.2680573891499967,3.406512846678337,2.3983158863213836,-1.2600464305131673,1,0,0,0
-1.0030459166097248,-0.5665634371554509,-0.8500824434116379,-0.941343917701774,0,0,1,0
-0.23210345103802524,-0.5665634371554509,-0.9266843200155115,-0.5869467234555047,0,0,1,0
-0.8978021260793777,-0.45620020704895675,-0.9027462335768011,-1.0502491192224672,0,0,1,0
-0.8103103002167998,0.6474320940159843,1.795076108065878,-0.3330774075360292,1,0,0,0
0.6802207331376949,-0.676926667261945,0.20558716853549747,0.0755902717489801,0,1,0,0
0.6485207962309638,-0.676926667261945,0.9404864222039109,0.14370155162981516,0,0,0,1
-0.6106006977043942,0.20597917359000792,-0.11278938109935281,-0.4332410544196099,0,0,0,1
1.761822580395359,0.20597917359000792,0.20558716853549747,2.4252473119161775,0,0,0,1
-1.448113030780229,-0.45620020704895675,0.2630385759884024,-1.431235208823287,0,1,0,0
0.9458662044161011,-0.12511051672947443,0.4282113724155055,0.5687596458594103,0,0,0,1
0.27699753568407576,2.302880545613396,2.3671963739510593,0.5895208381225524,1,0,0,0
1.5278770460236835,-0.5665634371554509,-0.8117815051097009,1.0564655483216452,0,0,1,0
1.9209562636671489,-0.45620020704895675,-0.5819758752980797,0.578229663382949,0,0,1,0
-1.2255794736949768,-0.5665634371554509,-0.9506224064542221,-1.3321642562693452,0,0,1,0
1.7846465349682055,-0.3458369769424627,0.6460479590077715,1.7423133558917632,0,1,0,0
-1.2490374270059579,-0.676926667261945,0.06914007583484728,-1.431235208823287,0,1,0,0
0.05129398490815043,-0.12511051672947443,-0.01703703534451097,-0.16334555499876138,0,1,0,0
1.6166368693625308,3.9583289972108076,1.7543813611200696,1.1824896276733505,1,0,0,0
-0.6854125488042796,-0.45620020704895675,-0.9530162150980932,-0.4966173255386755,0,0,1,0
-0.10530370341110097,-0.23547374683596853,-0.9889233447561591,-0.6510514574609962,0,1,0,0
-0.9846599532038207,-0.45620020704895675,-1.0415871349213222,-0.871411480604874,0,0,1,0
1.749776604370801,-0.5665634371554509,0.01647628566968393,1.3383806853685236,0,1,0,0
1.269205560864758,-0.45620020704895675,-0.7998124618903457,1.3369237595956713,0,1,0,0
2.0934039204397656,-0.12511051672947443,-0.2899312207458109,2.7224601695780026,0,1,0,0
-1.0620077992562447,-0.3458369769424627,-0.33780739362323225,-0.8138629125772167,0,1,0,0
-0.3436872289497185,-0.45620020704895675,-1.0032861966193853,-0.5283054610982083,0,0,1,0
-0.3221312718531414,-0.676926667261945,-0.3761083319251692,-0.1342070395417198,0,1,0,0
-0.8819521576260122,1.0888850144419608,2.656847219859457,-0.8728684063777261,1,0,0,0
-0.40201511285810376,-0.014747286622980312,-0.38328975785678215,-0.010368348849292797,0,1,0,0
-0.16363158731948602,0.316342403696502,-0.17263459719612917,-0.5971452038654693,0,0,0,1
-1.0715177803282638,-0.676926667261945,0.16728623023356057,-1.0975992068401599,0,0,0,1
0.9547421867499859,-0.3458369769424627,-0.8500824434116379,0.07850412329468445,0,0,1,0
-0.11988567438819729,3.627239306891325,1.5509076263910304,0.5228664840145697,1,0,0,0
0.5312310296760588,-0.676926667261945,0.6125346379935765,0.5250518726738479,0,0,0,1
0.42535324040757716,-0.676926667261945,-0.90035242493293,-0.16990172097659575,0,0,1,0
-0.33354324913956473,-0.676926667261945,-0.7256043939303429,-0.2380130008574308,0,0,1,0
0.6821227293520988,3.185786386465349,2.661634837147199,1.5824157523212472,1,0,0,0
0.7708825526909457,-0.45620020704895675,0.1792552734529156,0.526144567003487,0,0,1,0
0.5388390145336746,-0.12511051672947443,0.006901051094199916,0.6536255721280443,0,1,0,0
-0.22005747501346737,-0.676926667261945,-0.7184229679987297,0.016949009391683766,0,1,0,0
2.7426186282896174,-0.12511051672947443,-0.5269182764890453,1.9990965233569433,0,0,0,1
-0.8946321323887045,-0.676926667261945,-0.33541358497936125,-0.2649661276551942,0,1,0,0
-0.29994131601842977,0.5370688639094903,1.158323008796177,-0.02967261533958294,0,0,0,1
-1.0112879002054749,-0.45620020704895675,-0.41919688751484785,-1.11690347333045,0,0,1,0
-0.5193048794130088,-0.014747286622980312,0.08829054498581573,-0.5436031817131551,0,1,0,0
-0.5776327633213939,-0.23547374683596853,0.7609507739135818,-0.5840328719098005,0,0,0,1
-0.17377556712963999,-0.676926667261945,-0.45510401717291377,-0.33380587042245513,0,1,0,0
1.0124360719202368,3.185786386465349,1.6849609104478092,1.0491809194573847,1,0,0,0
-0.813480293907473,-0.12511051672947443,0.7609507739135818,-0.4962530940954624,0,0,0,1
1.8455104138291292,-0.45620020704895675,-0.08406367737290035,1.3467580085624227,0,1,0,0
0.18823771234522865,-0.676926667261945,-0.20614791821032408,0.2238324691366796,0,1,0,0
-0.11354568700685098,-0.45620020704895675,-0.27317456023871345,-0.07665847151406259,0,1,0,0
-1.3777391708472861,-0.45620020704895675,-0.47425448632388223,-1.431235208823287,0,0,1,0
-0.9409140402725319,-0.3458369769424627,-0.5747944493664665,-1.0025348001615615,0,0,1,0
0.7746865451197537,-0.45620020704895675,-0.6537901346142113,0.3367442165327161,0,1,0,0
0.05382997986068909,-0.5665634371554509,-0.0625193995780609,-0.3057600492950527,0,1,0,0
0.4938251041261164,-0.5665634371554509,-0.5245244678451744,0.29303644334715373,0,0,1,0
-0.3392492377827763,-0.45620020704895675,0.5598708478284132,-0.609164841491499,0,1,0,0
-0.26760738037356396,-0.014747286622980312,-0.26120551701935846,-0.7406523924913995,0,1,0,0
-0.4514670144326043,2.7443334660393726,1.4336110028413482,0.4052197278567641,1,0,0,0
0.34293340445007636,-0.45620020704895675,-0.6178830049561455,-0.19466945911508116,0,0,1,0
0.7778565388104266,-0.3458369769424627,-0.11757699838709525,0.5942558468843218,0,1,0,0
-0.8819521576260122,0.5370688639094903,0.46172469342969996,-0.7191627373418312,0,0,0,1
-0.34749122137852634,-0.45620020704895675,-0.7327858198619561,-0.14076320551955418,0,0,1,0
-0.004497904047696186,-0.23547374683596853,-0.249236473800003,0.1462511717323063,0,1,0,0
-0.7405704390219916,-0.45620020704895675,-0.4718606776800112,-0.6674418724055823,0,1,0,0
-0.31896127816246844,1.0888850144419608,2.5060372752955806,-0.044241873068103725,1,0,0,0
0.36322136407038424,-0.676926667261945,-0.9458347891664799,-0.21360949416215835,0,0,1,0
1.1227518523556606,2.8546966961458664,1.0458140025342375,2.4387238753150595,1,0,0,0
-0.5091608996028548,-0.5665634371554509,0.7872826689961637,-0.6878388332255114,0,0,0,1
0.5223550473421741,-0.676926667261945,-0.7088477334232455,0.060292551134033416,0,0,1,0
0.6377428176826752,-0.676926667261945,-0.5484625542838848,0.12658267379880322,0,0,1,0
-1.0772237689714756,-0.3458369769424627,-1.2139413572800382,-0.9264104285300401,0,0,1,0
0.02213004295395802,4.068692227317301,1.8908284538207196,0.04499483051908648,1,0,0,0
-0.711406497067799,0.9785217843354668,2.120634083632341,-0.36767939464126603,1,0,0,0
-0.3031113097091029,3.0754231563588545,2.046426015672338,0.21909746037491049,1,0,0,0
0.7169926599495029,-0.23547374683596853,-1.0248304744142247,0.9249779973217447,0,1,0,0
-0.5478348226290667,-0.12511051672947443,-0.33541358497936125,-0.48605461368549796,0,1,0,0
2.6747807633092138,2.7443334660393726,2.7430243310388147,5.12274538035181,1,0,0,0
0.02213004295395802,-0.12511051672947443,-0.30190026396516634,0.03843866454125212,0,1,0,0
0.4469091975041543,-0.676926667261945,-0.7758743754516351,0.28538758303968026,0,0,1,0
-1.0112879002054749,-0.23547374683596853,0.9763935518619767,-0.8881661269926728,0,0,0,1
-0.925698070557301,-0.014747286622980312,-0.7926310359587325,-0.9355162146103656,0,0,0,1
-1.2243114762187075,-0.45620020704895675,-0.6178830049561455,-1.1562404691974562,0,0,1,0
1.5747929526456457,0.7577953241224785,-0.48622352954323744,1.776551111553787,0,0,0,1
0.04495399752680435,-0.3458369769424627,-0.2803559861703269,0.2085347485217329,0,1,0,0
-0.048243816978985145,-0.5665634371554509,-1.1564899498271326,0.06648448566865457,0,0,1,0
-0.9320380579386471,3.8479657671043137,3.082945158468505,-0.45254532090989996,1,0,0,0
-0.6118686951806634,-0.12511051672947443,0.1074410141367842,-0.9482643151228213,0,1,0,0
0.27382754199340265,3.627239306891325,2.23074928125041,1.2557001477591674,1,0,0,0
-0.2346394459905637,-0.676926667261945,-1.1660651844026169,-0.22198681735605771,0,0,1,0
-0.411525093930123,-0.45620020704895675,-0.8500824434116379,-0.3043031235222006,0,0,1,0
-0.15285360877119758,-0.23547374683596853,-0.30190026396516634,-0.17718634984085627,0,1,0,0
-1.014457893896148,3.7376025369978194,2.556307256816873,-0.8302533275218026,1,0,0,0
-1.448113030780229,-0.3458369769424627,0.3755475822503421,-1.2553114217513979,0,0,0,1
0.5508849905582323,0.20597917359000792,2.278625454127831,1.2775540343519491,1,0,0,0
2.655760801165175,-0.3458369769424627,-0.2109355354980661,2.1957815026919745,0,1,0,0
-0.12432366555513966,-0.676926667261945,-0.7112415420671166,-0.0045406457578843285,0,0,1,0
0.6130168668954249,-0.5665634371554509,0.7801012430645502,0.6525328777984052,0,0,0,1
0.14449179941393991,0.316342403696502,0.6963179405290634,-0.26023111889342504,0,0,0,1
0.6371088189445407,-0.5665634371554509,-0.23726743058064798,0.41286858816423755,0,1,0,0
0.5711729501785401,-0.676926667261945,-0.7806619927393773,0.5840573664743571,0,0,1,0
-0.1496836150805244,-0.45620020704895675,-0.687303455628406,-0.4204929539071542,0,0,1,0
-0.7456424289270686,-0.676926667261945,-0.8429010174800247,-0.7949228775301396,0,0,1,0
-0.5763647658451246,-0.3458369769424627,-0.9984985793316433,-1.012369049128313,0,0,1,0
-0.15982759489067838,-0.676926667261945,-0.4910111468309797,-0.1684447952037437,0,0,1,0
0.3296194309492492,-0.014747286622980312,1.0027254469445586,-0.05371189059164219,0,0,0,1
2.904922305252081,-0.3458369769424627,-0.5724006407225954,3.0251364988880227,0,0,1,0
-0.8572262068387618,-0.3458369769424627,-0.2109355354980661,-0.8149556069068556,0,0,1,0
-0.5167688844604701,3.185786386465349,1.0434201938903667,0.13168191400378526,1,0,0,0
0.1685837514630555,-0.676926667261945,-0.30429407260903735,0.5702165716322626,0,1,0,0
-1.3333592591778627,-0.5665634371554509,-0.7112415420671166,-0.8823384239012645,0,0,1,0
-0.7323284554262416,-0.5665634371554509,-0.6753344124090508,-0.6437668285967358,0,1,0,0
-0.1414416314847744,-0.676926667261945,-0.46467925174839797,-0.26824421064411147,0,0,1,0
6.926376301239984,-0.676926667261945,-0.9362595545909957,3.751413996654786,0,0,1,0
-1.0816617601384177,-0.45620020704895675,-0.596338727161306,-1.1580616264135213,0,1,0,0
-0.9212600793903586,-0.3458369769424627,-0.4263783134464611,-1.0520702764385323,0,1,0,0
4.013152099511399,-0.45620020704895675,1.361796743525217,4.070844972352606,0,0,0,1
-0.7912903380727613,-0.014747286622980312,0.31809617479743674,-0.609164841491499,0,1,0,0
-0.1883575381067363,-0.676926667261945,-0.5005863814064639,0.23257402377379216,0,0,1,0
1.323095453606201,-0.45620020704895675,-1.1923970794851986,1.1001733215072078,0,0,1,0
1.8093724857554558,-0.014747286622980312,-0.07688225144128734,1.3157983358893162,0,1,0,0
0.7658105627858689,0.20597917359000792,0.2821890451393709,0.37280312941080523,0,0,0,1
-0.22132547248973658,-0.676926667261945,0.31091474886582376,-0.06973807409301502,0,0,0,1
2.182797742516748,-0.5665634371554509,-1.3623574932000435,2.2380323501046844,0,0,1,0
-1.030941861087648,-0.5665634371554509,-0.814175313753572,-0.976674367693437,0,0,1,0
-0.5015529147452393,-0.45620020704895675,-0.3569578627742007,-0.2500326384834604,0,0,1,0
0.5515189892963668,-0.45620020704895675,-1.0751004559355168,0.6576321180033875,0,0,1,0
2.80601850210308,-0.014747286622980312,-0.15827174533290317,3.134041700408716,0,1,0,0
-0.7570544062134917,-0.014747286622980312,-0.22529838736129254,-1.0761095516905916,0,1,0,0
-1.1577416087145722,-0.45620020704895675,-0.7279982025742139,-1.0090909661393959,0,0,1,0
1.3351414296307587,0.5370688639094903,2.9536794916994684,2.9570252190071877,1,0,0,0
-0.7507144188321455,-0.5665634371554509,-0.04815654771483444,-0.6335683481867714,0,1,0,0
0.3442014019263456,-0.12511051672947443,-0.27317456023871345,-0.26642305342804645,0,1,0,0
0.745522603165561,-0.3458369769424627,-0.3880773751445242,-0.20778179107074987,0,0,1,0
-0.03683183969256175,-0.676926667261945,-0.9530162150980932,-0.4070163905082725,0,0,1,0
0.34166540697380715,0.42670563380299614,1.2181682248929533,0.4230670685742019,0,0,0,1
-0.453369010647008,-0.676926667261945,-0.6202768136000166,-0.22052989158320566,0,0,1,0
-0.6606865980170293,-0.5665634371554509,-0.7064539247793744,-0.769426676505228,0,0,1,0
3.5642809929120873,0.42670563380299614,0.15771099565807611,4.322528899612803,0,0,0,1
-0.24668542201512156,-0.5665634371554509,-0.3569578627742007,0.0777756604082583,0,0,1,0
-0.9377440465818587,-0.014747286622980312,-0.07688225144128734,-0.2981111889875792,0,1,0,0
-0.5681227822493745,-0.014747286622980312,0.35400330445550265,-0.6211844791175287,0,1,0,0
0.09884389026824704,0.09561594348351381,2.3073511578542827,1.0874252209947521,1,0,0,0
-0.8141142926456076,-0.5665634371554509,-0.8548700606993799,-0.6215487105607417,0,1,0,0
-0.36968117721323795,0.09561594348351381,-0.4024402270077506,-0.04059955863597346,0,0,0,1
0.8533023886484463,-0.676926667261945,-1.0463747522090643,0.9060379622746677,0,0,1,0
-1.0822957588765525,-0.45620020704895675,-0.9434409805226089,-1.0801160975659347,0,0,1,0
0.0893339091962278,-0.3458369769424627,-0.816569122397443,-0.5272127667685692,0,0,1,0
3.4932731342410097,-0.45620020704895675,-0.9625914496735773,2.4256115433593903,0,0,1,0
-0.7671983860236457,-0.676926667261945,-0.6992724988477614,-0.8797888037987733,0,0,1,0
0.08869991045809308,-0.676926667261945,-0.05294416500257645,0.6026331700782215,0,1,0,0
3.6625507973229534,-0.676926667261945,-0.8405072088361536,2.480610491284557,0,0,1,0
-0.9212600793903586,-0.5665634371554509,-0.0697008255096739,-0.8109490610315124,0,1,0,0
0.7144566649969645,-0.676926667261945,-0.4910111468309797,0.420517448471711,0,1,0,0
0.5692709539641362,3.7376025369978194,2.0200941205897567,0.6678305984133521,1,0,0,0
2.0636059797474386,-0.23547374683596853,2.608971046982036,3.1008966390763315,1,0,0,0
-0.215619483846525,-0.676926667261945,-0.5891573012296928,-0.5377754786217468,0,0,1,0
0.3410314082356724,1.6407011649744314,0.27261381056388684,0.5541903881308895,1,0,0,0
2.7514946106235025,-0.5665634371554509,-0.7447548630813113,1.685493250750532,0,0,1,0
1.2102436782182384,-0.3458369769424627,-0.4359535480219453,0.6900487164493464,0,0,1,0
-1.066445790423187,-0.12511051672947443,1.9530674785613675,-0.6860176760094463,1,0,0,0
-0.06789777786115832,-0.3458369769424627,-0.2899312207458109,0.3192611072584912,0,0,0,1
-0.4920429336732201,-0.5665634371554509,-1.2761803820206854,-0.4784057533780245,0,0,1,0
0.278265533160345,3.627239306891325,2.7358429051072024,0.3374726794191422,1,0,0,0
-0.6942885311381641,1.5303379348679373,1.9482798612736247,-0.5949598152061911,1,0,0,0
1.155719786738661,-0.5665634371554509,-0.7974186532464745,0.7239222406681572,0,0,1,0
0.9972201022050057,2.0821540854004077,2.4701301456375155,1.7645314739277576,1,0,0,0
-0.90224011724632,-0.3458369769424627,-0.7471486717251824,-0.8768749522530693,0,0,1,0
0.14702779436647836,-0.45620020704895675,1.143960156932951,0.2638979278901119,0,0,0,1
-0.4172310825733346,-0.676926667261945,-0.7567239063006665,-0.4270491198849885,0,0,1,0
-0.24414942706258314,-0.3458369769424627,-0.4144092702271059,-0.47148535595697705,0,0,1,0
-0.682876553851741,0.6474320940159843,2.951285683055597,-0.9030996161644067,1,0,0,0
0.09567389657757411,-0.3458369769424627,-0.005067992125155527,0.11347034184313423,0,1,0,0
0.4805111306252893,-0.014747286622980312,0.5311451441019608,0.96176537308626,0,1,0,0
-0.5472008238909319,-0.5665634371554509,-0.7854496100271193,-0.32433585289891664,0,0,1,0
-0.8914621386980315,-0.23547374683596853,0.29894570564646833,-0.9901509310923188,0,0,0,1
-0.8997041222937815,-0.676926667261945,-1.0224366657703536,-0.9111127079150931,0,0,1,0
-0.014641883857850138,-0.676926667261945,-0.6107015790245324,-0.22854298333389209,0,0,1,0
-1.306097313438074,-0.676926667261945,0.7058931751045479,-1.1992197794965929,0,1,0,0
-0.3151572857336606,-0.014747286622980312,1.2061991816735982,-0.22854298333389209,0,0,0,1
-0.5712927759400477,-0.014747286622980312,0.7298312615432583,-0.39900329875758583,0,0,0,1
-1.030941861087648,0.5370688639094903,-0.2109355354980661,-0.8517429826713708,0,0,0,1
1.5468970081677225,-0.676926667261945,-0.6777282210529217,2.0289635017004106,0,1,0,0
-0.9814899595131478,-0.45620020704895675,-0.5771882580103375,-1.1045196042612073,0,0,1,0
-0.418499080049604,0.6474320940159843,1.064964471685206,-0.5884036492283568,0,0,0,1
1.0333580302786791,-0.3458369769424627,-1.1493085238955196,0.5691238773026235,0,0,1,0
-0.7437404327126648,0.09561594348351381,0.406667094620666,-0.7253546718764526,0,0,0,1
-0.36270719109375715,-0.5665634371554509,-1.2785741906645567,-0.34327588794599384,0,0,1,0
-0.5738287708925862,-0.3458369769424627,-0.6298520481755009,-0.803664432167252,0,0,1,0
0.15970776912917073,-0.676926667261945,-1.3623574932000435,-0.6430383657103098,0,0,1,0
0.3061614776382684,-0.3458369769424627,-0.33541358497936125,-0.49297501110654524,0,0,1,0
-0.05711979931286965,-0.45620020704895675,-0.8237505483290561,0.09307338102320524,0,0,1,0
-1.2718613815788042,-0.3458369769424627,-0.6346396654632429,-1.1569689320838823,0,0,1,0
-0.9497900226064167,-0.45620020704895675,-0.3234445417600058,-0.9198542625522057,0,1,0,0
0.3245474410441724,-0.45620020704895675,-0.8644452952748641,0.32654573612275145,0,0,1,0
0.9598141766550627,-0.5665634371554509,0.30852094022195276,0.8565024859976968,0,1,0,0
-0.07106777155183147,-0.3458369769424627,-0.4814359122554954,-0.331256250319964,0,0,0,1
-0.43625104471737325,0.6474320940159843,1.12002207049424,-0.19576215344472025,0,0,0,1
1.560844980406684,2.7443334660393726,1.2301372681123086,2.416141525835852,1,0,0,0
-1.3168752919863624,-0.5665634371554509,-0.32823215904774783,-1.2869995573109307,0,0,1,0
0.9249442460576588,-0.676926667261945,-1.0463747522090643,0.32144649591776914,0,0,1,0
-0.9770519683462053,-0.676926667261945,-0.27078075159484244,-0.890715747095164,0,1,0,0
-1.3802751657998245,-0.5665634371554509,-0.10082033787999779,-1.3252438588482978,0,0,1,0
-0.14587962265171678,-0.014747286622980312,0.21276859446711047,-0.6590645492116828,0,1,0,0
-0.15602360246187072,-0.676926667261945,-0.5819758752980797,-0.4394329889542314,0,0,1,0
-1.1298456642366492,-0.3458369769424627,0.10025958820517075,-0.9165761795632885,0,1,0,0
-1.0962437311155142,-0.676926667261945,-0.7351796285058272,-0.9744889790341589,0,1,0,0
-0.6074307040137211,-0.23547374683596853,-0.9410471718787379,-0.5315835440871255,0,1,0,0
-0.3715831734276419,-0.45620020704895675,0.02605152024516837,-0.6047940641729427,0,0,1,0
0.26685355587392184,-0.5665634371554509,-0.9673790669613194,-0.31377314104573906,0,0,1,0
-0.3855311456666035,-0.676926667261945,-0.9338657459471247,-0.7708836022780802,0,0,1,0
-0.6518106156831446,1.9717908552939136,1.292376292852956,0.021684018153453128,1,0,0,0
0.5103090713176164,-0.45620020704895675,0.30133951429033934,0.6929625679950505,0,0,0,1
-0.3195952769006029,0.316342403696502,0.8207959900103582,0.2679044737654551,1,0,0,0
-0.2428814295863137,-0.676926667261945,0.1792552734529156,0.04025982175731712,0,1,0,0
-0.9130180957946086,-0.12511051672947443,-0.2659931343071004,-1.1617039408456515,0,1,0,0
0.8063864820264847,-0.676926667261945,-1.122976628812938,0.8685221236237265,0,0,1,0
-0.29740532106589135,-0.5665634371554509,-0.007461800769026531,-0.35893784000415374,0,1,0,0
0.19330970225030575,3.296149616571843,1.761562787051683,1.1701057586041077,1,0,0,0
-1.1824675595018226,-0.676926667261945,-0.680122029696793,-0.9336950573943005,0,0,1,0
-0.1496836150805244,-0.676926667261945,-0.3449888195548453,-0.02603030090745268,0,0,1,0
0.6516907899216368,2.41324377571989,1.7567751697639409,1.6235739054043188,1,0,0,0
1.5633809753592225,-0.45620020704895675,-0.7878434186709903,1.1573576580916518,0,0,1,0
1.1075358826404298,-0.3458369769424627,-0.7399672457935693,0.9522953555627212,0,0,1,0
1.0675939621379487,-0.45620020704895675,0.11462244006839721,0.24167980985411766,0,1,0,0
-1.3745691771566129,-0.5665634371554509,-1.118189011525196,-1.2942841861751913,0,0,1,0
0.18696971486895944,-0.5665634371554509,0.12419767464388165,0.3341945964302249,0,1,0,0
-0.5376908428189128,-0.3458369769424627,-0.3928649924322662,-0.32215046423963845,0,0,1,0
-0.06853177659929281,3.185786386465349,2.9105909361097893,0.6062754845103514,1,0,0,0
2.1891377298980936,2.9650599262523607,1.3977038731832823,1.9156875228611614,1,0,0,0
-0.26633938289729475,-0.5665634371554509,-0.5077678073380769,-0.591317500774061,0,0,1,0
-0.8356702497421847,-0.23547374683596853,0.32288379208517876,-0.7450231698099558,0,0,0,1
1.1303598372132762,-0.45620020704895675,-1.307299894391009,0.7428622757152342,0,0,1,0
-1.301025323532997,-0.45620020704895675,-1.03679951763358,-1.1959416965076755,0,0,1,0
-0.2688753778498332,-0.5665634371554509,-0.8620514866309931,-0.11381007872179057,0,0,1,0
0.30489348016199896,-0.3458369769424627,-1.0511623694968064,-0.07665847151406259,0,0,1,0
0.4190132530262309,-0.676926667261945,-0.3761083319251692,-0.10033351532290889,0,1,0,0
-0.3703151759513727,-0.676926667261945,-0.8476886347677667,-0.22963567766353118,0,0,1,0
-0.8375722459565886,-0.3458369769424627,-0.3234445417600058,-0.8160483012364947,0,1,0,0
0.9959521047287362,0.20597917359000792,0.5072070576632502,0.5490911479259072,0,0,0,1
-0.17377556712963999,-0.676926667261945,-0.32823215904774783,-0.17609365551121717,0,1,0,0
0.8818323318645045,-0.3458369769424627,-0.0026741834812845236,0.27300371397043743,0,1,0,0
0.8564723823391197,-0.3458369769424627,-1.039193326277451,0.8484893942470105,0,0,1,0
0.11786385241228572,-0.5665634371554509,-0.9099276595084143,0.033703655779482755,0,0,1,0
-0.635960647229779,-0.3458369769424627,-0.7016663074916325,-0.5363185528488947,0,0,1,0
-0.5256448667943548,-0.45620020704895675,-0.8812019557819616,-0.4689357358544859,0,0,1,0
0.3296194309492492,-0.3458369769424627,-0.5843696839419508,0.15062194905086246,0,0,1,0
0.07982392812420858,-0.45620020704895675,-0.7950248446026035,-0.2697011364169635,0,0,1,0
0.5299630321997898,-0.3458369769424627,0.46651231071744237,0.7938546777650574,0,0,0,1
1.3757173488713745,-0.3458369769424627,0.014082477025812928,1.438908563695317,0,1,0,0
-0.6835105525898756,-0.5665634371554509,0.9811811691497188,-0.8218760043279031,0,0,0,1
0.23578761770532525,-0.5665634371554509,-0.8117815051097009,-0.2168875771510754,0,0,1,0
0.3790713325237498,-0.12511051672947443,-0.060125590934189885,0.05264369082655995,0,1,0,0
0.20218568458419048,3.0754231563588545,3.6742158935046554,0.9872615741111715,1,0,0,0
-1.0201638825393595,-0.5665634371554509,-0.4120154615832349,-1.3066680552444336,0,0,1,0
-1.0049479128241288,-0.014747286622980312,-0.7375734371496981,-1.0240244553111297,0,1,0,0
0.35054138930769185,0.09561594348351381,0.5431141873213162,0.3396580680784202,0,0,0,1
1.1309938359514107,2.192517315506902,2.2235678553187963,1.754697224961006,1,0,0,0
1.4391172226848366,-0.3458369769424627,0.8040393295032611,1.2972225322854518,0,1,0,0
0.4976290965549238,-0.014747286622980312,0.06674626719097629,0.4500201953719655,0,0,0,1
-0.8515202181955503,-0.45620020704895675,-1.03679951763358,-0.663071095087026,0,0,1,0
-0.11227768953058177,2.8546966961458664,1.464730515211672,0.7046179741778672,1,0,0,0
-0.6061627065374519,-0.45620020704895675,0.09786577956129976,-0.7610493533113287,0,1,0,0
0.07475193821913148,-0.45620020704895675,-0.47904210361162425,-0.020202597816044214,0,0,1,0
2.21196168447094,-0.45620020704895675,-0.8644452952748641,2.1003528645701626,0,0,1,0
-1.08609975130536,-0.23547374683596853,0.7681321998451952,-0.7534004930038553,0,0,0,1
0.5451790019150204,-0.45620020704895675,-0.778268184095506,0.8896475473300817,0,0,1,0
-0.6384966421823176,1.5303379348679373,2.8220200162865603,-0.38552673535870413,1,0,0,0
1.2013676958843535,-0.23547374683596853,-0.5556439802154981,0.7297499437595655,0,1,0,0
1.1500137980954492,-0.23547374683596853,-0.11278938109935281,0.8514032457927145,0,1,0,0
0.01896004926328487,-0.3458369769424627,-0.8931709990013168,0.15317156915335362,0,0,1,0
-0.5135988907697973,0.5370688639094903,0.41624232919615006,-0.29556156888508806,0,0,0,1
-0.155389603723736,-0.3458369769424627,-0.9625914496735773,-0.09960505243648274,0,0,1,0
-0.9352080516293203,-0.12511051672947443,0.02126390295742594,-1.0327660099482423,0,1,0,0
0.6960707015910604,-0.676926667261945,-0.48382972089936643,0.7195514633496009,0,0,1,0
-0.15665760120000521,-0.12511051672947443,0.040414372108394395,-0.41247986215646776,0,1,0,0
2.592360927351713,-0.676926667261945,-0.7950248446026035,1.9018467280190667,0,0,1,0
1.4327772353034904,-0.676926667261945,-0.36413928870581375,1.158814583864504,0,1,0,0
-0.6771705652085295,-0.676926667261945,-1.2570299128697169,-0.3913544384501126,0,0,1,0
-0.6384966421823176,-0.12511051672947443,-0.1463027021135477,-0.4915180853336932,0,0,0,1
-1.183735556978092,-0.676926667261945,0.02365771160129694,-1.0997845954994379,0,1,0,0
1.3807893387764514,-0.45620020704895675,-0.99131715340003,0.6787575417097427,0,0,1,0
0.4874851167447701,0.6474320940159843,0.8543093110245531,0.12148343359382091,0,0,0,1
1.4315092378272214,-0.676926667261945,-0.02182465263225298,1.2706336369309017,0,0,1,0
-0.12051967312633179,-0.5665634371554509,-0.47664829496775324,0.13095345111735937,0,1,0,0
-1.288979347508439,0.42670563380299614,-0.14390889346967672,-1.1220027135354322,0,0,0,1
0.5546889829870401,0.5370688639094903,0.6364727244322871,0.597898161316452,0,0,0,1
-1.428459069898056,-0.5665634371554509,-0.7160291593548587,-1.1729951155852554,0,0,1,0
-0.8901941412217622,-0.45620020704895675,-0.39525880107613764,-0.9227681140979098,0,0,1,0
-0.878782163935339,0.6474320940159843,1.785500873490393,-0.44963146936419585,1,0,0,0
-0.4806309563867967,-0.676926667261945,-0.6442149000387271,-0.6037013698433037,0,0,1,0
-0.833768253527781,-0.23547374683596853,0.5335389527458317,-0.8313460218514417,0,0,0,1
1.8144444756605327,-0.23547374683596853,0.3731537736064711,1.9699580078999013,0,0,0,1
-0.3043793071853721,-0.45620020704895675,-0.7974186532464745,-0.5264843038821432,0,0,1,0
-0.4850689475537391,-0.12511051672947443,0.11941005735613922,-0.6947592306465589,0,0,0,1
-0.3449552264259879,-0.45620020704895675,-1.120582820169067,-0.36913632041411837,0,0,1,0
-0.10023171350602389,-0.12511051672947443,2.2882006887033146,0.5075687633996228,1,0,0,0
2.953740208088447,-0.23547374683596853,3.030281368303342,3.3329120684030262,1,0,0,0
1.7884505273970128,-0.3458369769424627,-1.338419406761333,1.964130304808493,0,0,1,0
0.2617815659688447,-0.3458369769424627,-0.6513963259703404,0.28429488871004116,0,0,1,0
1.4701831608534333,0.20597917359000792,0.07392769312258929,0.6066397159535647,0,0,0,1
1.020044056777852,-0.676926667261945,-0.05294416500257645,1.457848598742394,0,0,0,1
1.3471874056553168,-0.676926667261945,-0.2659931343071004,0.4070408850728291,0,1,0,0
-1.0791257651858794,-0.014747286622980312,-0.19417887499096864,-0.8772391836962823,0,1,0,0
0.8000464946451384,-0.45620020704895675,-0.8764143384942193,-0.039506864306334356,0,0,1,0
0.3188414524009608,-0.12511051672947443,0.3659723476748581,0.5035622175242795,0,0,0,1
-0.06409378543235067,2.9650599262523607,1.4982438362258665,0.42525245723348015,1,0,0,0
0.6199908530149058,-0.5665634371554509,-0.08885129466064236,0.141151931527324,0,1,0,0
-0.11164369079244728,0.42670563380299614,0.31809617479743674,-0.31450160393216525,0,0,0,1
-1.1995855254314576,-0.5665634371554509,-0.48622352954323744,-1.1569689320838823,0,0,1,0
0.14449179941393991,-0.23547374683596853,0.0811091190542023,-0.06354613955839386,0,1,0,0
-0.9409140402725319,3.185786386465349,1.5724519041858698,-1.2356429238178948,1,0,0,0
-0.18265154946352471,-0.5665634371554509,-0.9841357274684168,-0.20596063385468488,0,0,1,0
-0.34875921885479555,-0.23547374683596853,0.7322250701871293,-0.2689726735305376,0,0,0,1
0.933186229653409,-0.45620020704895675,-0.8764143384942193,0.15025771760764953,0,0,1,0
-0.14651362138985127,-0.12511051672947443,1.289982484209085,0.09380184390963113,0,0,0,1
-1.1659835923103226,-0.676926667261945,0.5119946749509923,-1.0961422810673078,0,0,0,1
-0.8597622017913005,-0.12511051672947443,-0.33541358497936125,-0.8280679388625245,0,1,0,0
0.5997028933945978,-0.45620020704895675,-0.23966123922451898,0.48425795103398966,0,0,1,0
-0.9529600162970897,-0.676926667261945,-0.3425950109109743,-0.9850516908873365,0,0,1,0
-0.4058191052869114,-0.3458369769424627,-0.7399672457935693,-0.5538016621231198,0,0,1,0
0.8723223507924853,-0.5665634371554509,-0.4718606776800112,0.8379266823938326,0,1,0,0
0.6624687684699254,-0.676926667261945,-0.6633653691896956,0.20671359130566763,0,0,1,0
-0.635960647229779,-0.676926667261945,-0.9290781286593827,-0.8062140522697432,0,0,1,0
0.5020670877218661,-0.676926667261945,-1.2187289745677803,0.5013768288650016,0,0,1,0
-0.3944071280004882,0.20597917359000792,-0.22529838736129254,-0.11271738439215147,0,0,0,1
-0.594116730512894,-0.45620020704895675,-0.9123214681522852,-0.5661855311923625,0,0,1,0
-1.036013850992725,-0.3458369769424627,0.2558571500567894,-0.9708466646020286,0,1,0,0
-1.1716895809535341,-0.5665634371554509,-0.8979586162890588,-1.417394413981192,0,0,1,0
1.3002714990333548,-0.5665634371554509,-0.680122029696793,0.3655185005465447,0,0,1,0
-0.5047229084359125,-0.23547374683596853,0.4808751625806684,-0.6383033569485407,0,1,0,0
-0.3563672037124111,-0.5665634371554509,-0.6178830049561455,-0.9165761795632885,0,0,1,0
-1.036013850992725,2.0821540854004077,1.5269695399523195,-0.7759828424830625,1,0,0,0
2.1352478371566512,0.5370688639094903,-0.07927606008515833,1.3504003229945531,0,0,0,1
-0.38806714061914216,-0.5665634371554509,-1.0152552398387404,-0.38115595804014796,0,0,1,0
0.6554947823504447,-0.014747286622980312,0.02365771160129694,0.13423153410627642,0,1,0,0
0.5223550473421741,-0.12511051672947443,-0.40962165293936365,0.5232307154577827,0,1,0,0
0.6592987747792526,-0.45620020704895675,-0.44074116530968754,0.3542273258069412,0,0,1,0
0.4697331520770006,-0.3458369769424627,-0.38568356650065316,0.68567793913079,0,1,0,0
0.4684651546007312,-0.45620020704895675,-0.996104770687772,-0.25148956425631247,0,0,1,0
-0.049511814455254356,-0.014747286622980312,0.9141545271213294,0.09015952947750114,0,0,0,1
-0.9656399910597822,3.8479657671043137,1.558089052322643,-0.9839589965576974,1,0,0,0
1.0041940883244864,-0.676926667261945,-1.0439809435651932,0.25916291912834255,0,0,1,0
-0.8578602055768965,0.09561594348351381,0.6316851071445451,-0.7140634971368489,1,0,0,0
-0.6131366926569327,-0.12511051672947443,-0.15109031940128972,-0.6364821997324754,0,1,0,0
0.3042594814238645,4.068692227317301,1.2157744162490822,0.4500201953719655,1,0,0,0
1.7466066106801281,-0.5665634371554509,-0.08406367737290035,2.2926670665866378,0,1,0,0
-0.39377312926235375,-0.23547374683596853,0.09068435362968674,-0.3545670626855973,0,1,0,0
0.4697331520770006,-0.3458369769424627,-0.8644452952748641,0.4165109025963676,0,0,1,0
-0.5605147973917591,-0.23547374683596853,0.18164908209678657,-0.9140265594607974,0,1,0,0
-0.8540562131480889,-0.5665634371554509,-0.80938769646583,-0.7584997332088376,0,0,1,0
0.7163586612113684,-0.5665634371554509,-0.7926310359587325,0.4849864139204156,0,0,1,0
0.6206248517530407,-0.676926667261945,-0.462285443104527,0.22201131192061457,0,1,0,0
-0.5395928390333167,-0.3458369769424627,-0.8644452952748641,-0.6758191955994818,0,0,1,0
-0.048243816978985145,-0.45620020704895675,0.30852094022195276,0.5909777638954048,0,0,0,1
0.1229358423173628,0.316342403696502,0.3252776007290502,0.33273767065737286,0,0,0,1
-0.2688753778498332,-0.5665634371554509,-1.0942509250864854,-0.47876998482123756,0,0,1,0
0.42662123788384637,-0.676926667261945,-0.9410471718787379,0.1954224165660639,0,0,1,0
-0.291065333684545,-0.12511051672947443,-0.12954604160645025,0.04645175629193853,0,1,0,0
-1.0106539014673404,1.309611474654949,1.5317571572400615,-0.5993305925247474,1,0,0,0
0.082359923076747,-0.23547374683596853,-0.1463027021135477,-0.19102714468295115,0,1,0,0
-0.2219594712278713,0.5370688639094903,0.08829054498581573,0.22638208923917072,0,0,0,1
-0.3633411898318919,0.7577953241224785,3.188272738798832,0.22966017222808804,1,0,0,0
-0.019079875024792504,-0.5665634371554509,0.10983482278065519,0.4518413525880308,0,0,0,1
-0.7646623910711072,2.8546966961458664,1.8501337068749122,-0.3552955255720235,1,0,0,0
-0.09008773369586993,-0.45620020704895675,-0.8883833817135746,-0.09887658955005685,0,0,1,0
-0.842010237123531,0.316342403696502,3.1260337140581838,-0.6168137017989724,1,0,0,0
1.8917923217129564,0.7577953241224785,0.6460479590077715,1.8745293697780903,0,0,0,1
-0.49838292105456616,-0.12511051672947443,0.10025958820517075,-0.5308550812006995,0,1,0,0
-0.4242050686928156,-0.45620020704895675,-1.2139413572800382,-0.36986478330054423,0,0,1,0
-0.8737101740302621,-0.5665634371554509,-0.3880773751445242,-0.8750537950370042,0,0,1,0
-0.36968117721323795,1.6407011649744314,1.3091329533600535,0.41250435672102437,1,0,0,0
-0.9783199658224746,-0.12511051672947443,-0.2109355354980661,-1.1383931284800182,0,1,0,0
-0.8344022522659156,-0.45620020704895675,-0.687303455628406,-0.818962152782199,0,0,1,0
1.0593519785421983,-0.014747286622980312,1.4455800460607038,2.727923641226198,1,0,0,0
2.3400294295741335,0.42670563380299614,1.8740717933136222,2.864146200987868,1,0,0,0
0.4342292227414619,-0.676926667261945,0.08350292769807331,0.05774293103154226,0,1,0,0
-0.9871959481563594,-0.45620020704895675,-0.6777282210529217,-0.9522708609981646,0,0,1,0
0.12039984736482415,-0.676926667261945,-0.7208167766426009,0.3396580680784202,0,0,1,0
-0.1883575381067363,-0.676926667261945,-0.7543300976567956,-0.3534743683559582,0,0,1,0
0.3315214271636532,-0.45620020704895675,-0.7136353507109877,0.19432972223642506,0,0,1,0
-0.7805123595244727,-0.5665634371554509,-0.771086758163893,-1.0349513986075203,0,0,1,0
1.1576217829530648,-0.3458369769424627,-0.3449888195548453,0.9479245782441648,0,0,1,0
-0.7545184112609533,-0.45620020704895675,-0.7112415420671166,-0.5315835440871255,0,0,1,0
-1.1247736743315722,2.192517315506902,2.3648025653071887,-0.8357167991699979,1,0,0,0
-0.537056844080778,-0.3458369769424627,-1.3623574932000435,-0.5858540291258656,0,0,1,0
-0.831866257313377,2.302880545613396,2.714298627312363,-0.3971821415415208,1,0,0,0
0.4602231710049814,-0.3458369769424627,0.01647628566968393,0.6306789912056239,0,1,0,0
-0.5174028831986048,0.42670563380299614,1.0051192555884296,-0.10506852408467826,0,0,0,1
-0.7228184743542222,0.6474320940159843,-0.22529838736129254,-0.7632347419706067,0,0,0,1
0.34610339814074953,-0.5665634371554509,-0.5460687456400138,0.4598544443387172,0,0,1,0
-1.0797597639240142,-0.3458369769424627,-0.5436749369961428,-1.1289231109564797,0,0,1,0
0.6662727608987333,-0.5665634371554509,-0.1367274675380637,0.01767747227810992,0,1,0,0
-0.036197840954427254,0.20597917359000792,1.6705980585845832,0.4052197278567641,1,0,0,0
0.04431999878866963,-0.3458369769424627,-0.4957987641187217,-0.24930417559703427,0,0,1,0
-0.34685722264039165,-0.3458369769424627,-0.6896972642722772,-0.4128440935996807,0,1,0,0
-0.8166502875981461,2.0821540854004077,3.0661884979614076,-0.32105776990999957,1,0,0,0
-0.3836291494521998,-0.676926667261945,-0.9578038323858351,-0.2933761802258098,0,0,1,0
0.31630545744842214,0.9785217843354668,2.719086244600105,0.3669754263193967,1,0,0,0
-0.09515972360094703,1.309611474654949,1.8501337068749122,0.5742231175076058,1,0,0,0
-0.5110628958172586,-0.676926667261945,0.20319335989162604,-0.609164841491499,0,1,0,0
-0.8984361248175123,-0.45620020704895675,-0.27078075159484244,-0.7388312352753343,0,1,0,0
-0.43751904219364246,-0.3458369769424627,-0.6083077703806612,-0.4955246312090364,0,0,1,0
-0.9364760491055896,-0.5665634371554509,-0.7471486717251824,-1.0877649578734083,0,0,1,0
1.9165182725002066,-0.5665634371554509,-1.0104676225509985,1.73830681001642,0,0,1,0
-1.1659835923103226,-0.3458369769424627,-0.6920910729161482,-1.0633614511781357,0,0,1,0
-0.28028735513625636,-0.45620020704895675,-0.48382972089936643,-0.15715362046414022,0,0,0,1
0.7030446877105413,-0.5665634371554509,-0.7591177149445378,0.7880269746736491,0,0,1,0
-1.0708837815901293,-0.45620020704895675,-0.5005863814064639,-1.10124152127229,0,0,1,0
0.902754290222947,-0.45620020704895675,-0.5676130234348533,0.36114772322798855,0,0,1,0
-0.5985547216798364,1.9717908552939136,0.7705260084890663,0.12986075678772027,1,0,0,0
-0.18265154946352471,-0.014747286622980312,-0.12236461567483725,-0.1935767647854423,0,1,0,0
-0.711406497067799,-0.12511051672947443,0.5838089342671241,-0.7614135847545416,0,0,0,1
1.6121988781955885,-0.3458369769424627,0.31809617479743674,1.5310591188282112,0,1,0,0
-0.808408304002396,-0.45620020704895675,-0.20614791821032408,-0.9009142275051286,0,0,1,0
-0.7076025046389913,0.316342403696502,1.1655044347277903,-0.5097296574943443,0,0,0,1
-0.9028741159844547,-0.5665634371554509,-0.5269182764890453,-0.6652564837463041,0,0,1,0
-0.5750967683688554,-0.014747286622980312,-0.38089594921291114,-0.30066080909007037,0,1,0,0
-0.019713873762927,0.09561594348351381,0.20079955124775503,0.1163841933888386,0,0,0,1
-1.1070217096638029,-0.45620020704895675,-1.08228188186713,-0.9187615682225666,0,0,1,0
0.2674875546120563,-0.12511051672947443,-0.0002803748374135199,0.3210822644745562,0,1,0,0
-0.9998759229190517,-0.676926667261945,-0.7591177149445378,-0.7107854141479317,0,0,1,0
-0.2695093765879679,1.309611474654949,2.5371567876659045,-0.00781872874680164,1,0,0,0
-0.9041421134607239,-0.3458369769424627,-1.1876094621974564,-1.155876237754243,0,0,1,0
-0.20547550403637105,-0.3458369769424627,-0.38568356650065316,-0.47039266162733806,0,1,0,0
-0.8895601424836276,-0.45620020704895675,-0.6059139617367902,-1.1835578274384326,0,1,0,0
-1.2693253866262657,-0.3458369769424627,-1.0104676225509985,-1.308853443903712,0,0,1,0
-0.0463418207645812,-0.3458369769424627,-0.5221306592013033,-0.12910779933673752,0,0,1,0
-0.5243768693180857,-0.12511051672947443,0.16968003887743155,-0.2110598740596672,0,1,0,0
-1.0055819115622633,-0.45620020704895675,-1.0008923879755143,-1.0225675295382777,0,0,1,0
-0.9535940150352243,-0.5665634371554509,-0.99131715340003,-1.0050844202640525,0,0,1,0
0.28270352432728735,-0.45620020704895675,-0.5843696839419508,0.1823100846103952,0,1,0,0
-0.44766302200379643,-0.45620020704895675,-0.7806619927393773,-0.715156191466488,0,0,1,0
-0.393139130524219,-0.3458369769424627,-0.8405072088361536,-0.6878388332255114,0,0,1,0
-0.7633943935948379,-0.3458369769424627,-0.23726743058064798,-1.048427962006402,0,1,0,0
-0.07740775893317756,-0.3458369769424627,-1.0870694991548722,-0.504630417289362,0,0,1,0
-0.13763763905596654,1.5303379348679373,3.315144596923997,0.6277651396599198,1,0,0,0
0.3264494372585761,-0.5665634371554509,-0.9697728756051905,0.3884650814689651,0,0,1,0
0.20979366944180577,-0.5665634371554509,1.4910624102942536,0.141151931527324,0,0,0,1
-0.5814367557502016,0.7577953241224785,0.27740142785162886,-0.6324756538571323,0,0,0,1
-0.17377556712963999,-0.45620020704895675,-0.33062596769161884,-0.4157579451453848,0,0,1,0
-0.1801155545109863,-0.45620020704895675,0.11941005735613922,-0.09559850656113954,0,1,0,0
-0.40962309771571925,-0.676926667261945,-0.012249418056768538,-0.41247986215646776,0,1,0,0
2.0750179570338623,-0.45620020704895675,-0.6370334741071139,1.1996085055043626,0,1,0,0
0.1711197464155939,-0.014747286622980312,-0.21572315278580853,0.2773744912889936,0,1,0,0
-0.5319848541757012,1.199248244548455,1.7735318302710383,-0.17427249829515215,1,0,0,0
1.9945001172907648,-0.23547374683596853,-0.5747944493664665,0.44564941805340935,0,1,0,0
1.1265558447844684,-0.676926667261945,-1.3623574932000435,0.24167980985411766,0,0,1,0
1.7072986889157817,-0.23547374683596853,-0.4120154615832349,0.5975339298732392,0,1,0,0
-0.7976303254541075,-0.45620020704895675,-0.5819758752980797,-0.6037013698433037,0,1,0,0
-0.2904313349464103,-0.45620020704895675,-0.6681529864774376,-0.35893784000415374,0,0,1,0
-0.5465668251527975,-0.45620020704895675,-0.7854496100271193,-0.7792609254719797,0,0,1,0
-1.2566454118635735,0.5370688639094903,0.5694460824038977,-1.0003494115022833,0,0,0,1
0.47163514829140457,3.296149616571843,1.8118327685729754,1.2677197853851971,1,0,0,0
-1.448113030780229,-0.5665634371554509,-0.5005863814064639,-1.2673310593774276,0,0,1,0
-0.5833387519646054,1.199248244548455,1.3881286386077982,-0.6131713873668422,1,0,0,0
0.06967994831405462,2.302880545613396,3.0518256460981816,0.6907771793357723,1,0,0,0
0.08869991045809308,-0.3458369769424627,-0.5101616159819481,-0.4481745435913438,0,0,1,0
-1.1590096061908417,-0.45620020704895675,-0.5269182764890453,-1.3368992650311147,0,0,1,0
0.34737139561701874,-0.12511051672947443,1.3091329533600535,0.683492550471512,0,0,0,1
-0.12559166303140887,-0.3458369769424627,0.3252776007290502,-0.03185800399886089,0,1,0,0
1.0771039432099678,3.5168760767848313,1.7783194475587805,2.4551142902596452,1,0,0,0
-0.23780943968123683,0.5370688639094903,0.2558571500567894,-0.22016566013999272,0,0,0,1
0.8355504239806774,2.41324377571989,1.6083590338439353,1.3168910302189551,1,0,0,0
-0.007667897738369338,-0.676926667261945,-0.0673070168658029,0.058471393917968156,0,1,0,0
-0.6537126118975485,-0.3458369769424627,-0.6681529864774376,-0.6696272610648604,0,0,1,0
-0.9009721197700508,-0.45620020704895675,-1.1325518633884222,-0.9125696336879453,0,0,1,0
-0.7621263961185687,-0.676926667261945,-0.6059139617367902,-0.5873109548987177,0,1,0,0
-0.842010237123531,-0.3458369769424627,0.18164908209678657,-0.7523077986742162,0,1,0,0
0.39682329719151926,-0.5665634371554509,-0.1032141465238688,0.3982993304357165,0,1,0,0
-0.8014343178829153,-0.45620020704895675,-0.9386533632348669,-0.7122423399207839,0,0,1,0
0.5020670877218661,0.6474320940159843,0.46651231071744237,-0.025301838021026524,0,0,0,1
-1.0486938257554175,4.068692227317301,1.8118327685729754,-1.136936202707166,1,0,0,0
-0.18518754441606314,-0.45620020704895675,0.43299898970324746,-0.043877641624890516,0,1,0,0
-0.5237428705799512,3.296149616571843,2.7549933742581705,0.15317156915335362,1,0,0,0
-0.6270846648958944,-0.3458369769424627,0.02365771160129694,-0.645952217256014,0,1,0,0
-0.23654144220496762,-0.45620020704895675,-0.41680307887097684,-0.35311013691274523,0,0,1,0
-0.9250640718191664,-0.676926667261945,-0.038581313139350426,-0.6044298327297297,0,0,0,1
-0.6372286447060483,-0.5665634371554509,-0.7662991408761508,-0.7024080909540322,0,0,1,0
-0.02732185862054252,-0.676926667261945,-0.6537901346142113,-0.33380587042245513,0,0,1,0
-1.2585474080779773,-0.3458369769424627,0.3611847303871157,-1.3212373129729544,0,0,0,1
0.07792193190980463,-0.676926667261945,0.7585569652697107,0.4008489505382077,0,0,0,1
0.19140770603590182,-0.45620020704895675,-0.019430843988381973,-0.33489856475209423,0,1,0,0
0.4938251041261164,-0.676926667261945,-0.8740205298503483,-0.1615243977826964,0,0,1,0
-0.2625353904684871,-0.014747286622980312,-0.16066555397677415,-0.45290955235311303,0,1,0,0
-0.5224748731036817,-0.5665634371554509,-0.682515838340664,-0.6069794528322209,0,0,1,0
-0.4597089980283543,-0.676926667261945,-0.6178830049561455,-0.7931017203140744,0,0,1,0
1.5234390548567411,-0.45620020704895675,-0.4335597393780743,1.1478876405681135,0,0,1,0
6.649952851413289,0.42670563380299614,0.17446765616517357,4.585868233055817,0,0,0,1
-0.3088172983523145,-0.5665634371554509,-0.11518318974322382,-0.07556577718442349,0,0,1,0
-0.20737750025077498,-0.676926667261945,-0.7112415420671166,-0.022023755032109474,0,0,1,0
-0.09135573117213938,-0.45620020704895675,-0.8883833817135746,-0.032586466885287046,0,0,1,0
-1.0772237689714756,-0.23547374683596853,0.17686146480904458,-1.0753810888041655,0,0,0,1
0.3061614776382684,-0.45620020704895675,-0.35456405413032926,0.2868445088125323,0,0,1,0
-0.7912903380727613,1.9717908552939136,2.1876607256607303,-0.5658212997491494,1,0,0,0
-0.014007885119715416,-0.014747286622980312,-0.5891573012296928,0.5210453267985047,0,1,0,0
0.1559037767003631,0.09561594348351381,2.0009436514387886,0.4132328196074505,1,0,0,0
0.3239134423060377,-0.5665634371554509,-0.6490025173264691,-0.25221802714273867,0,0,1,0
1.0447700075651023,3.0754231563588545,2.0200941205897567,2.2850182062791644,1,0,0,0
0.4342292227414619,2.192517315506902,2.336076861580736,1.0105723864768048,1,0,0,0
0.43739921643213486,-0.45620020704895675,0.059564841259362844,0.050094070724068795,0,0,0,1
-0.24985541570579473,2.41324377571989,2.3839530344581568,-0.05189073337557719,1,0,0,0
-1.3200452856770355,3.0754231563588545,2.1996297688800857,-1.2618675877292322,1,0,0,0
-0.004497904047696186,-0.45620020704895675,-0.6107015790245324,-0.32542854722855574,0,0,1,0
-1.1025837184968603,0.5370688639094903,0.07392769312258929,-0.8874376641062468,0,0,0,1
-0.12749365924581282,-0.3458369769424627,-0.3593516714180717,-0.5432389502699422,0,0,1,0
-0.8115782976930692,0.6474320940159843,0.3659723476748581,-0.5785694002616052,0,0,0,1
-0.045707822026446486,-0.676926667261945,-0.05533797364644745,0.008207454754571452,0,1,0,0
-0.4102570964538538,-0.3458369769424627,-0.7495424803690536,-0.4998954085275927,0,0,1,0
0.41077126943048087,-0.23547374683596853,0.41384852055227905,0.5479984535962683,0,0,0,1
0.24085960761040234,-0.5665634371554509,0.038020563464523385,0.0927091495799923,0,1,0,0
0.1368838145563244,-0.5665634371554509,-0.684909646984535,0.22419670057989277,0,0,1,0
-0.6454706283017984,-0.676926667261945,-0.9601976410297064,-0.6557864662227656,0,0,1,0
-1.176761570858611,-0.45620020704895675,0.2558571500567894,-1.119453093432941,0,1,0,0
-1.2046575153365344,-0.3458369769424627,-1.3623574932000435,-1.3755077980116948,0,0,1,0
0.20852567196553656,-0.45620020704895675,-0.9434409805226089,0.1192980449345427,0,0,1,0
1.6438988151023195,-0.3458369769424627,-0.46946686903614,0.9206072200031882,0,0,1,0
0.951572193059313,0.5370688639094903,0.1122286314245262,0.9260706916513838,0,0,0,1
0.6231608467055791,0.09561594348351381,0.2917642797148553,0.7166376118038967,0,0,0,1
-0.5040889096977778,-0.3458369769424627,-0.22529838736129254,-0.907834624926176,0,1,0,0
0.09503989783943939,-0.45620020704895675,-0.02182465263225298,-0.3152300668185911,0,0,1,0
0.6199908530149058,0.42670563380299614,0.46172469342969996,0.29267221190394055,0,0,0,1
-0.2714113728023718,2.41324377571989,1.6131466511316774,0.01767747227810992,1,0,0,0
0.7391826157842147,0.09561594348351381,0.669986045446482,0.5931631525546827,0,0,0,1
0.08616391550555465,-0.5665634371554509,-0.9578038323858351,0.31780418148563916,0,0,1,0
-1.3771051721091514,3.185786386465349,2.0631826761794354,-1.029487926959325,1,0,0,0
1.446725207542452,2.192517315506902,1.699323762311035,2.7344798072040324,1,0,0,0
1.7383646270843778,-0.676926667261945,1.3139205706477954,1.54052913635175,0,0,0,1
-0.5193048794130088,-0.3458369769424627,-0.34020120226710326,-0.8226044672143291,0,1,0,0
1.3307034384638163,0.09561594348351381,0.10983482278065519,1.9987322919137303,0,0,0,1
1.5671849677880303,-0.676926667261945,0.5335389527458317,0.926434923094597,0,0,0,1
-0.7824143557388766,-0.23547374683596853,0.629291298500674,-0.6820111301341031,0,1,0,0
-1.2338214572907271,-0.45620020704895675,-1.0128614311948696,-1.0538914336545975,0,0,1,0
-0.42040107626400774,-0.676926667261945,-0.5029801900503349,-0.6816468986908901,0,0,1,0
0.033542020240381186,0.09561594348351381,0.9907564037252032,0.24167980985411766,0,0,0,1
-0.1617295911050823,2.302880545613396,0.0811091190542023,0.264990622219751,1,0,0,0
-0.0666297803848891,-0.676926667261945,-0.8429010174800247,-0.2984754204307921,0,0,1,0
-0.5529068125341435,-0.676926667261945,0.14095433515097866,-0.023480680804961525,0,0,0,1
-0.5605147973917591,-0.45620020704895675,-0.7974186532464745,-0.7381027723889083,0,0,1,0
1.326265447296874,-0.676926667261945,-0.9506224064542221,0.7920335205489923,0,0,1,0
2.1891377298980936,-0.23547374683596853,-0.8596576779871221,1.4735105508005542,0,1,0,0
1.1094378788548338,2.523607005826384,2.2522935590452495,2.3946518706862836,1,0,0,0
0.015790055572611716,-0.3458369769424627,-0.6178830049561455,-0.3574809142313017,0,0,1,0
1.3966393072298169,0.42670563380299614,-0.2133293441419371,1.3223545018671503,0,0,0,1
-0.12051967312633179,0.09561594348351381,1.2756196323458586,0.09999377844425256,0,0,0,1
-0.8001663204066459,-0.5665634371554509,-0.24205504786839,-0.3851625039154912,0,1,0,0
1.423267254231471,-0.5665634371554509,-0.6178830049561455,1.4662259219362936,0,0,1,0
-1.2179714888373616,-0.676926667261945,-0.9984985793316433,-1.101969984158716,0,0,1,0
0.9509381943211784,-0.676926667261945,-0.8979586162890588,0.4416428721780662,0,0,1,0
-0.049511814455254356,3.296149616571843,1.548513817747159,0.9672288447344549,1,0,0,0
-1.1013157210205913,3.185786386465349,2.4222539727600934,-0.6390318198349666,1,0,0,0
-0.5250108680562204,1.199248244548455,2.1038774231252435,-0.4933392425497583,1,0,0,0
-0.3367132428302377,-0.23547374683596853,-0.18460364041548463,-0.6357537368460495,0,1,0,0
-0.6423006346111252,-0.45620020704895675,-0.11039557245548182,-0.9304169744053833,0,1,0,0
-0.35129521380733403,-0.676926667261945,-0.6681529864774376,-0.5989663610815343,0,0,1,0
-0.08374774631452386,-0.014747286622980312,-0.2947188380335529,-0.33599125908173333,0,1,0,0
2.494091122940847,2.9650599262523607,1.1870487125226297,3.940085884239131,1,0,0,0
0.17555773758253626,0.316342403696502,1.2109867989613403,1.1114644962468114,1,0,0,0
-1.2205074837899,-0.45620020704895675,0.8255836072981005,-1.1773658929038116,0,0,0,1
-0.3265692630200837,0.6474320940159843,0.6364727244322871,-0.3509247482534673,0,0,0,1
-0.2346394459905637,-0.3458369769424627,-0.814175313753572,-0.42850604565784056,0,0,1,0
1.0523779924227175,-0.3458369769424627,-0.773480566807764,1.2597066936345107,0,0,1,0
-0.3151572857336606,0.42670563380299614,0.2654323846322738,-0.3079454379543306,0,0,0,1
1.0390640189218905,4.068692227317301,1.6275095029949034,2.5370663649825747,1,0,0,0
-0.6632225929695678,-0.12511051672947443,0.7274374528993873,-0.37787787505123066,0,0,0,1
-0.40835510023945004,-0.45620020704895675,-0.8812019557819616,-0.23145683487959645,0,0,1,0
-0.015275882595984632,-0.014747286622980312,-0.26359932566322947,0.040624053200530065,0,1,0,0
-0.43181305355043087,-0.3458369769424627,-1.0583437954284196,-0.6317471909707063,0,0,1,0
2.007814090791592,2.523607005826384,1.8621027500942668,2.737757890192949,1,0,0,0
0.010718065667534853,-0.23547374683596853,-0.3186569244722638,0.0967156954553355,0,1,0,0
0.33088742842551844,-0.3458369769424627,-0.773480566807764,0.3014137665410531,0,0,1,0
-1.3669611922989975,-0.45620020704895675,-1.1157952028813247,-1.241470626909303,0,0,1,0
-1.0753217727570716,-0.5665634371554509,-1.029618091701967,-1.0691891542695444,0,0,1,0
0.06333996093270831,0.5370688639094903,0.5718398910477687,-0.05334765914842924,0,0,0,1
0.054463978598823584,-0.12511051672947443,0.1170162487122682,-0.10943930140323442,0,0,0,1
-1.0822957588765525,1.5303379348679373,1.3091329533600535,-0.8619414630813355,1,0,0,0
1.2216556555046616,2.302880545613396,2.9441042571239833,2.394287639243071,1,0,0,0
-1.3168752919863624,-0.3458369769424627,-0.8788081471380905,-1.136936202707166,0,0,1,0
0.7163586612113684,-0.12511051672947443,-1.0176490484826115,0.666737904083713,0,1,0,0
-0.9098481021039354,-0.3458369769424627,-0.8261443569729272,-1.02766676974326,0,0,1,0
0.5470809981294243,-0.45620020704895675,-0.9410471718787379,0.8994817962968331,0,0,1,0
-1.1964155317407843,-0.5665634371554509,0.7178622183239028,-0.908563087812602,0,0,0,1
-1.0106539014673404,3.5168760767848313,2.331289244292994,-0.768698213618802,1,0,0,0
-0.022883867453600153,0.5370688639094903,-0.07448844279741591,-0.24784724982418221,0,0,0,1
0.47987713188715436,-0.45620020704895675,-1.0415871349213222,0.528329955662765,0,0,1,0
-0.2752153652311795,3.296149616571843,1.2516815459071482,0.5771369690533099,1,0,0,0
-0.2834573488269295,0.42670563380299614,0.2271314463303369,-0.21069564261645424,0,0,0,1
-0.549102820105336,-0.23547374683596853,-0.1774222144838716,-0.6911169162144286,0,1,0,0
-0.20040351413129417,-0.676926667261945,0.43299898970324746,-0.26205227610949006,0,1,0,0
-0.004497904047696186,0.7577953241224785,-0.0984265292361268,0.4420071036212791,0,0,0,1
-0.09642772107721624,-0.12511051672947443,-0.0026741834812845236,0.050094070724068795,0,1,0,0
-0.5522728137960091,-0.3458369769424627,-0.11757699838709525,-0.6022444440704515,0,1,0,0
1.802398499635975,-0.676926667261945,-0.6035201530929192,1.944826038318203,0,0,1,0
2.728036657312522,-0.23547374683596853,1.0697520889729482,2.205979983101939,0,0,0,1
1.5678189665261648,0.5370688639094903,0.01647628566968393,1.8173450331936456,0,0,0,1
1.818882466827475,-0.45620020704895675,-1.1157952028813247,1.1875888678783328,0,0,1,0
-0.5440308302002589,-0.5665634371554509,-0.38568356650065316,-0.5563512822256109,0,0,1,0
2.2557075974022287,-0.5665634371554509,-0.771086758163893,1.5980777043794072,0,0,1,0
-0.3772891620708535,1.6407011649744314,1.6705980585845832,-0.22162258591284476,1,0,0,0
-1.0854657525672258,0.316342403696502,0.1505295697264631,-1.1635250980617167,0,0,0,1
-1.0702497828519946,-0.676926667261945,-1.161277567114875,-1.083394180554852,0,0,1,0
-0.33544524535396847,-0.676926667261945,-1.33123798082972,-0.3975463729847338,0,0,1,0
0.7024106889724068,-0.45620020704895675,-0.34977643684258725,0.8768994468176261,0,1,0,0
2.215765676899748,4.068692227317301,1.9434922439858826,2.9417274983922415,1,0,0,0
-1.1228716781171684,-0.45620020704895675,-0.47904210361162425,-1.2105109542361963,0,0,1,0
-1.0049479128241288,-0.45620020704895675,-0.254024091087745,-1.062997219734923,0,1,0,0
-0.855324210624358,-0.3458369769424627,-0.7351796285058272,-0.8233329301007551,0,0,1,0
0.5014330889837317,-0.3458369769424627,0.15771099565807611,0.08870260370464883,0,1,0,0
0.38287532495255744,0.6474320940159843,0.29894570564646833,0.6073681788399905,0,0,0,1
-0.2092794964651789,-0.12511051672947443,0.32288379208517876,-0.2230795116856968,0,1,0,0
-0.3988451191674306,-0.12511051672947443,-0.24684266515613199,-0.820419078555051,0,1,0,0
1.903838297737514,0.09561594348351381,0.8926102493264899,1.2396739642577947,0,0,0,1
0.693534706638522,-0.3458369769424627,-0.8261443569729272,0.3207180330313433,0,0,1,0
-1.314339297033824,-0.3458369769424627,-0.2109355354980661,-1.0036274944912005,0,1,0,0
-1.0119218989436094,-0.45620020704895675,-0.9242905113716404,-1.431235208823287,0,0,1,0
1.1563537854767956,-0.676926667261945,-0.4981925727625927,0.7581599963301812,0,0,1,0
-1.3092673071287468,-0.12511051672947443,-0.5508563629277561,-1.1030626784883553,0,1,0,0
2.7426186282896174,-0.45620020704895675,-0.7160291593548587,2.345480625852526,0,0,1,0
-0.9707119809648591,-0.014747286622980312,0.32048998344130775,-0.9147550223472234,0,1,0,0
-1.2236774774805732,0.5370688639094903,0.3755475822503421,-1.138028897036805,0,0,0,1
0.20725767448926735,0.42670563380299614,0.5838089342671241,1.03534012461529,0,0,0,1
-1.1831015582399573,-0.3458369769424627,-0.35217024548645826,-1.1252807965243494,0,1,0,0
0.8932443091509277,-0.12511051672947443,-0.8213567396851852,0.6660094411972869,0,1,0,0
-1.0372818484689943,0.5370688639094903,0.5479018046090582,-0.83717372494285,0,0,0,1
0.6941687053766565,-0.3458369769424627,-0.5939449185174349,0.35896233456871035,0,0,1,0
-0.2219594712278713,-0.3458369769424627,-1.1540961411832618,-0.5126435090400485,0,0,1,0
1.832196440328302,-0.45620020704895675,-0.814175313753572,0.9945462029754315,0,0,1,0
-0.49140893493508536,-0.014747286622980312,0.40906090326453703,-0.24347647250562607,0,0,0,1
-0.6112346964425288,-0.3458369769424627,-0.036187504495479424,-0.7839959342337489,0,1,0,0
0.150831786795286,-0.676926667261945,-0.8548700606993799,0.2329382552170051,0,0,1,0
-0.27458136649304477,-0.676926667261945,-0.5939449185174349,-0.014739126167848953,0,0,1,0
-1.448113030780229,3.627239306891325,2.9273475966168867,-1.3664020119313691,1,0,0,0
-0.36714518226069953,0.5370688639094903,1.3929162558955404,0.01439938928919261,0,0,0,1
0.611114870681021,-0.23547374683596853,0.11941005735613922,-0.0030837199850322766,0,1,0,0
-1.3530132200600358,-0.676926667261945,-1.1086137769497117,-1.2141532686683265,0,0,1,0
-0.000693911618888539,-0.3458369769424627,0.9333049962722979,0.24823597583195203,0,0,0,1
-0.0013279103570230343,-0.676926667261945,-0.8261443569729272,-0.46019418121737343,0,0,1,0
0.08996790793436252,-0.676926667261945,-0.44552878259742956,0.3487638541587457,0,0,1,0
-1.1260416718078412,-0.3458369769424627,-0.3761083319251692,-1.0997845954994379,0,0,1,0
-0.17757955955844784,-0.23547374683596853,-0.7112415420671166,0.46422522165727337,0,1,0,0
-0.2764833627074487,-0.23547374683596853,1.4096729164026378,-0.21251679983251925,0,0,0,1
1.4898371217356066,-0.676926667261945,-0.7303920112180852,1.2790109601248008,0,0,1,0
0.779124536286696,-0.676926667261945,-0.5508563629277561,0.22783901501202278,0,0,1,0
0.4386672139084043,-0.23547374683596853,1.2947701014968271,1.1850392477758416,1,0,0,0
0.1501977880571515,-0.676926667261945,-0.4981925727625927,0.3487638541587457,0,1,0,0
-0.2371754409431021,-0.5665634371554509,-0.8644452952748641,-0.8211475414414771,0,0,1,0
0.6795867343995604,0.42670563380299614,0.3755475822503421,0.44637788093983527,0,0,0,1
0.7385486170460802,-0.5665634371554509,-0.47904210361162425,0.48425795103398966,0,1,0,0
1.2787155419367773,-0.676926667261945,0.4234237551277635,1.6508912636452955,0,1,0,0
-1.2065595115509384,1.199248244548455,-0.33780739362323225,-0.7672412878459499,1,0,0,0
-0.630888657324702,-0.014747286622980312,0.6675922368026109,-0.4419826090567225,0,0,0,1
-0.9352080516293203,-0.014747286622980312,0.10025958820517075,-0.6350252739596235,0,1,0,0
-1.243965437100881,-0.3458369769424627,-0.48622352954323744,-1.1609754779592254,0,0,1,0
-0.47555896648171986,-0.5665634371554509,-0.6442149000387271,-0.6601572435413218,0,0,1,0
-1.1564736112383034,-0.3458369769424627,-0.3928649924322662,-0.7355531522864172,0,0,1,0
-0.8540562131480889,-0.45620020704895675,-0.7160291593548587,-1.0225675295382777,0,0,1,0
-0.8344022522659156,-0.12511051672947443,0.9213359530529425,-1.0389579444828636,0,0,0,1
-0.7931923342871652,0.6474320940159843,0.677167471378095,-0.892172672868016,0,0,0,1
1.3795213413001823,-0.3458369769424627,-0.7351796285058272,1.4312597033878438,0,0,1,0
0.8900743154602547,-0.12511051672947443,-0.6968786902038903,0.2850233515964671,0,1,0,0
-0.687948543756818,0.5370688639094903,0.7082869837484188,-0.39390405855260374,0,0,0,1
0.9674221615126785,-0.5665634371554509,-0.2899312207458109,0.01585631506204466,0,0,1,0
-0.9979739267046479,-0.676926667261945,-0.816569122397443,-0.9205827254386317,0,0,1,0
1.441653217637375,-0.676926667261945,-0.13433365889419227,1.5438072193406673,0,1,0,0
-0.23146945229989052,-0.45620020704895675,1.1272034964258535,0.15572118925584477,0,0,0,1
0.2605135684925755,-0.3458369769424627,-1.1684589930464881,0.14843656039158426,0,0,1,0
0.2960174978281145,-0.5665634371554509,-0.02182465263225298,0.06684871711186778,0,1,0,0
1.686376730557339,-0.12511051672947443,-0.3785021405690402,1.2440447415763511,0,1,0,0
-0.40074711538183455,-0.45620020704895675,-1.2474546782942328,-0.5756555487159011,0,0,1,0
0.20598967701299814,-0.3458369769424627,-1.2929370425277829,0.21618360882920612,0,0,1,0
-0.3322752516632953,-0.5665634371554509,-0.6322458568193718,-0.43906875751101815,0,0,1,0
0.1559037767003631,-0.45620020704895675,-0.8213567396851852,-0.43906875751101815,0,0,1,0
-0.06409378543235067,-0.5665634371554509,-0.44074116530968754,-0.06718845399052387,0,0,1,0
-0.12876165672208204,-0.3458369769424627,0.1122286314245262,0.1473438660619454,0,1,0,0
-1.3771051721091514,-0.676926667261945,-0.3880773751445242,-1.1271019537404146,0,1,0,0
0.3321554259017877,3.627239306891325,2.3001697319226704,0.6758436901640386,1,0,0,0
0.12864183096057438,-0.014747286622980312,-0.7136353507109877,0.33929383663520724,0,1,0,0
-0.6137706913950672,-0.5665634371554509,-0.22529838736129254,-0.7701551393916541,0,0,1,0
1.3693773614900282,0.42670563380299614,0.40187947733292356,1.3554995631995355,0,0,0,1
0.07221594326659306,0.7577953241224785,0.21516240311098148,0.2001574253278333,0,0,0,1
-1.0892697449960334,-0.676926667261945,-0.9338657459471247,-1.0997845954994379,0,0,1,0
-0.37411916838018033,0.20597917359000792,0.2869766624271133,-0.4740349760594682,0,0,0,1
-1.0537658156604943,-0.3458369769424627,-0.7950248446026035,-0.769426676505228,0,0,1,0
2.5340330434433276,-0.12511051672947443,1.6299033116387749,4.673283779426942,1,0,0,0
0.5445450031768859,-0.3458369769424627,-0.8309319742606694,0.7669015509672935,0,1,0,0
-0.8737101740302621,-0.676926667261945,-0.6107015790245324,-0.9468073893499692,0,0,1,0
0.010718065667534853,0.20597917359000792,0.23431287226194994,-0.036593012760630254,0,0,0,1
1.8943283166654947,-0.5665634371554509,0.10504720549291319,2.5010074521044854,0,1,0,0
-1.2712273828406697,1.309611474654949,2.304957349210412,-1.1810082073359418,1,0,0,0
0.033542020240381186,0.6474320940159843,0.8758535888193925,-0.33453433330888127,0,0,0,1
1.648336806269262,-0.45620020704895675,-1.1110075855935828,1.528145267282507,0,0,1,0
1.3161214674867203,-0.12511051672947443,0.05477722397162084,0.3534988629205151,0,1,0,0
-0.9390120440581281,0.6474320940159843,1.9770055650000775,-0.9183973367793536,1,0,0,0
0.5445450031768859,-0.676926667261945,-0.8572638693432508,0.0967156954553355,0,0,1,0
-0.37538716585644955,-0.3458369769424627,-0.7136353507109877,-0.4645649585359297,0,0,1,0
2.4376652352468655,-0.3458369769424627,-0.4718606776800112,2.4099495913012303,0,0,1,0
0.7417186107367532,-0.3458369769424627,-0.5771882580103375,0.32654573612275145,0,0,1,0
-0.5744627696307208,-0.3458369769424627,-0.5700068320787245,-0.6867461388958723,0,1,0,0
0.8742243470068892,-0.45620020704895675,-1.0607376040722907,0.4940922000007411,0,0,1,0
1.9830881400043416,-0.5665634371554509,-0.5460687456400138,1.2699051740444753,0,0,1,0
-0.7025305147339143,-0.5665634371554509,0.3659723476748581,-0.5771124744887531,0,0,0,1
0.5908269110607131,0.5370688639094903,0.5119946749509923,-0.11818085604034699,0,0,0,1
-0.28916333747014106,-0.676926667261945,-0.7902372273148615,-0.3392693420706506,0,0,1,0
0.12800783222243967,-0.5665634371554509,0.0811091190542023,0.07813989185147126,0,1,0,0
0.24529759877734472,-0.12511051672947443,0.27979523649549987,-0.01728874627034011,0,0,0,1
0.43549722021773113,-0.014747286622980312,0.03323294617678138,-0.04788418750023398,0,1,0,0
-0.7202824794016837,-0.5665634371554509,-0.8764143384942193,-0.7967440347462046,0,0,1,0
-0.7234524730923568,-0.3458369769424627,-0.6298520481755009,-0.8222402357711162,0,0,1,0
1.4010772983967592,-0.676926667261945,-0.6011263444490482,0.2773744912889936,0,0,1,0
-1.1475976289044185,-0.676926667261945,-0.7327858198619561,-1.1642535609481428,0,0,1,0
0.6352068227301367,1.9717908552939136,2.371983991238802,0.8299135906431462,1,0,0,0
-0.47746096269612376,-0.45620020704895675,-0.8907771903574457,-0.2740719137355197,0,0,1,0
-0.9098481021039354,-0.12511051672947443,2.3983158863213836,-0.5949598152061911,1,0,0,0
0.7062146814012142,-0.5665634371554509,-0.2181169614296795,0.0340678872226957,0,1,0,0
-1.0835637563528218,-0.45620020704895675,-1.1325518633884222,-1.1602470150727995,0,0,1,0
0.7784905375485611,0.7577953241224785,0.8255836072981005,1.5310591188282112,0,0,0,1
-1.3232152793677088,2.523607005826384,1.8884346451768483,-1.2542187274217589,1,0,0,0
-0.6537126118975485,-0.45620020704895675,-0.8740205298503483,-0.715884654352914,0,0,1,0
0.06143796471830438,-0.45620020704895675,-0.6178830049561455,0.26316946500368604,0,0,1,0
-0.9269660680335702,-0.3458369769424627,0.17207384752130256,-0.9708466646020286,0,1,0,0
-0.7012625172576451,-0.3458369769424627,-1.0176490484826115,-0.8328029476242937,0,0,1,0
-0.5389588402951819,-0.45620020704895675,-0.06491320822193189,-0.25586034157486864,0,1,0,0
0.14068780698513206,-0.3458369769424627,-0.5269182764890453,-0.10288313542540005,0,0,1,0
-0.3975771216911614,-0.676926667261945,-1.2857556165961697,0.0927091495799923,0,0,1,0
2.2715575658555944,-0.014747286622980312,-0.04336893042709244,1.0415320591499113,0,1,0,0
-0.7570544062134917,0.20597917359000792,0.028445328889039372,-0.4754919018323204,0,0,0,1
-0.2542934068727371,-0.5665634371554509,0.84712788509294,0.24167980985411766,0,0,0,1
0.22817963284770995,-0.23547374683596853,0.0715338844787183,0.17575391863256082,0,1,0,0
0.628232836610656,-0.45620020704895675,-0.8405072088361536,0.24204404129733062,0,0,1,0
-0.3550992062361419,2.0821540854004077,2.32410781836138,-0.22125835446963182,1,0,0,0
-0.6067967052755865,0.09561594348351381,-0.5556439802154981,-0.4132083250428936,0,0,0,1
-0.32720326175821846,0.7577953241224785,0.8279774159419716,-0.37168594051660925,0,0,0,1
0.32010944987723,0.6474320940159843,0.20079955124775503,-0.2358276121981526,0,0,0,1
-0.8521542169336849,-0.5665634371554509,-0.7375734371496981,-0.7541289558902813,0,0,1,0
-1.024601873706302,4.068692227317301,2.2810192627717014,-0.610621767264351,1,0,0,0
0.7873665198824458,0.9785217843354668,2.3983158863213836,0.6117389561585469,1,0,0,0
0.06524195714711226,0.8681585542289726,2.7813252693407517,0.9584872900973426,1,0,0,0
-0.5960187267272979,3.185786386465349,2.11824027498847,-0.06900961120658913,1,0,0,0
-0.3944071280004882,0.7577953241224785,2.197235960236215,-0.13566396531457187,1,0,0,0
-0.8261602686701655,-0.3458369769424627,-0.5269182764890453,-0.9927005511948099,0,0,1,0
0.36195336659411503,-0.014747286622980312,1.3665843608129589,0.6339570741945412,0,0,0,1
-1.213533497670419,-0.676926667261945,-0.8189629310413142,-1.2917345660727,0,0,1,0
0.11405985998347808,-0.45620020704895675,-0.40962165293936365,-0.22599336323140093,0,0,1,0
1.046672003779506,-0.23547374683596853,-0.8476886347677667,0.6310432226488368,0,1,0,0
-0.1680695784864284,-0.014747286622980312,-0.012249418056768538,0.02314094392630518,0,1,0,0
-0.7450084301889339,-0.5665634371554509,-0.6944848815600192,-0.9974355599565792,0,0,1,0
-0.3138892882573914,0.7577953241224785,-0.1367274675380637,-0.5388681729513859,0,0,0,1
-0.8699061816014544,-0.45620020704895675,-1.0463747522090643,-1.1780943557902377,0,0,1,0
1.8727723595689179,3.8479657671043137,2.7119048186684913,3.7248251013002363,1,0,0,0
-0.1484156176042552,-0.45620020704895675,-1.0942509250864854,-0.1972190792175723,0,0,1,0
0.6884627167334452,2.302880545613396,2.477311571569128,0.7089887514964233,1,0,0,0
-1.2617174017686503,-0.3458369769424627,0.047595798040007825,-1.2538544959785458,0,1,0,0
-0.5972867242035671,2.0821540854004077,1.9458860526297541,-0.590589037887635,1,0,0,0
-0.3658771847844303,-0.676926667261945,-0.8213567396851852,-0.4317841286467579,0,0,1,0
-0.5693907797256438,-0.5665634371554509,0.7130746010361608,-0.39463252143902966,0,0,0,1
-0.2168874813227942,-0.5665634371554509,-1.0224366657703536,-0.4973457884251015,0,0,1,0
1.8708703633545138,-0.23547374683596853,-0.8285381656167982,2.612098042284457,0,1,0,0
1.7859145324444745,-0.5665634371554509,-0.7998124618903457,1.4789740224487495,0,0,1,0
1.4004432996586247,-0.3458369769424627,-0.33062596769161884,0.352406168590876,0,0,1,0
-0.33417724787769926,-0.3458369769424627,-1.2689989560890724,-0.15533246324807495,0,0,1,0
1.967872170289111,-0.014747286622980312,-0.1367274675380637,1.1285833740778235,0,1,0,0
1.138601820809026,-0.3458369769424627,0.13137910057549465,1.3689761265984168,0,1,0,0
-0.6182086825620097,0.5370688639094903,-0.11518318974322382,-0.8247898558736073,0,0,0,1
1.443555213851779,2.192517315506902,0.7202560269677739,2.0413473707696537,1,0,0,0
-1.2205074837899,-0.23547374683596853,0.13137910057549465,-1.0334944728346682,0,1,0,0
-0.14778161886612048,2.7443334660393726,2.328895435649123,0.48790026546611964,1,0,0,0
0.06777795209965068,0.9785217843354668,1.3498277003058614,0.3658827319897579,1,0,0,0
-0.2631693892066216,0.8681585542289726,2.8531395286568837,0.39392855311716035,1,0,0,0
-0.35129521380733403,0.5370688639094903,0.5167822922387343,-0.09341311790186159,0,0,0,1
-1.0873677487816293,-0.3458369769424627,-0.1798160231277426,-0.8841595811173297,0,1,0,0
1.7561165917521473,-0.23547374683596853,-0.22769219600516355,1.4640405332770154,0,1,0,0
-1.172323579691669,-0.5665634371554509,-0.7830558013832483,-0.9551847125438687,0,0,1,0
0.5363030195811357,-0.12511051672947443,-0.04815654771483444,0.4230670685742019,0,1,0,0
0.7360126220935418,-0.3458369769424627,-0.21572315278580853,0.18194585316718223,0,0,1,0
-0.21308348889398657,-0.3458369769424627,-0.7351796285058272,-0.5272127667685692,0,1,0,0
0.11849785115042044,-0.014747286622980312,-0.0026741834812845236,0.6397847772859494,0,0,0,1
-0.6987265223051066,0.5370688639094903,1.4336110028413482,-0.48751153945834996,0,0,0,1
2.179627748826074,-0.014747286622980312,0.059564841259362844,1.2899379034211913,0,1,0,0
-0.40518510654877693,-0.23547374683596853,-0.08645748601677135,-0.5323120069735515,0,0,0,1
0.05953596850390067,-0.3458369769424627,-0.7256043939303429,0.0759545031921933,0,0,1,0
-1.3637911986083242,-0.676926667261945,0.5622646564722842,-0.9169404110065015,0,1,0,0
-0.40898909897758456,1.9717908552939136,1.2133806076052112,-0.22453643745854887,1,0,0,0
1.8379024289715133,0.09561594348351381,0.03323294617678138,1.0284197271942426,0,0,0,1
0.5001650915074622,-0.5665634371554509,0.13377290921936566,0.8033246952885956,0,1,0,0
-0.35953719740308404,-0.5665634371554509,-1.1971846967729407,-0.7421093182642515,0,0,1,0
-0.3379812403065069,-0.676926667261945,-1.2594237215135882,-0.43433374874924907,0,0,1,0
-1.1742255759060725,-0.45620020704895675,-0.22769219600516355,-0.9111127079150931,0,0,1,0
-0.883854153840416,0.5370688639094903,0.5933841688426081,-1.065911071280627,0,0,0,1
0.4595891722668469,-0.45620020704895675,-0.9266843200155115,0.1043645557628087,0,0,1,0
0.5432770057006164,0.9785217843354668,1.6682042499407117,0.9544807442219995,1,0,0,0
-0.7139424920203374,-0.12511051672947443,-0.37371452328129773,-0.47658459616195936,0,1,0,0
-0.6923865349237603,0.20597917359000792,0.3731537736064711,-0.9803166821255672,0,0,0,1
-0.6365946459679136,-0.45620020704895675,-0.8764143384942193,-0.3731428662894616,0,0,1,0
0.5546889829870401,-0.676926667261945,0.27261381056388684,0.7348491839645478,0,0,0,1
0.14575979689020915,-0.23547374683596853,0.5526894218968003,0.404127033527125,1,0,0,0
-0.9859279506800901,-0.45620020704895675,-0.44552878259742956,-1.011640586241887,0,0,1,0
-1.066445790423187,-0.676926667261945,0.5287513354580897,-1.0185609836629343,0,0,0,1
-0.8990701235556469,-0.014747286622980312,0.34921568716776064,-0.7049577110565234,0,0,0,1
0.5312310296760588,-0.014747286622980312,-0.45271020852904276,0.23257402377379216,0,1,0,0
1.2552575886257966,2.9650599262523607,0.9955440210129453,1.4982782889390398,1,0,0,0
1.9792841475755343,-0.23547374683596853,0.8040393295032611,1.224012012199635,0,0,0,1
-0.7209164781398183,-0.3458369769424627,-0.6059139617367902,-0.26314497043912916,0,0,1,0
0.5369370183192707,-0.676926667261945,-0.26359932566322947,0.46968869330546864,0,0,1,0
-1.1850035544543611,-0.3458369769424627,-0.7064539247793744,-1.0975992068401599,0,1,0,0
-0.6682945828746447,-0.45620020704895675,-0.7279982025742139,-0.6160852389125464,0,0,1,0
-1.114629694521418,0.09561594348351381,0.5574770391845423,-0.838994882158915,0,0,0,1
-0.6334246522772405,-0.3458369769424627,-1.3623574932000435,-0.7231692832171744,0,0,1,0
1.7466066106801281,0.6474320940159843,0.9237297616968139,1.8912840161658888,0,0,0,1
-0.3772891620708535,-0.014747286622980312,-0.25881170837548745,-0.7442947069235297,0,1,0,0
0.31186746628148,-0.3458369769424627,-0.07927606008515833,-0.7450231698099558,0,1,0,0
-0.9618359986309745,-0.014747286622980312,0.1122286314245262,-0.925681965643614,0,1,0,0
-0.5193048794130088,-0.676926667261945,-1.1325518633884222,-0.5162858234721786,0,0,1,0
1.70159270027257,-0.014747286622980312,-0.03139988720773699,1.7058902115704613,0,1,0,0
-0.07487176398063912,0.5370688639094903,0.3635785390309871,0.5516407680283983,0,0,0,1
0.35434538173649954,-0.3458369769424627,-0.8572638693432508,-0.05298342770521604,0,0,1,0
-0.26507138542102554,0.6474320940159843,0.04520198939613682,-0.3556597570152364,0,0,0,1
-0.005765901523965402,-0.45620020704895675,-0.9697728756051905,-0.43724760029495313,0,0,1,0
-1.0119218989436094,-0.676926667261945,-0.7974186532464745,-1.0218390666518515,0,0,1,0
-0.828696263622704,-0.45620020704895675,-0.6107015790245324,-0.871411480604874,0,0,1,0
0.45198118740923116,1.309611474654949,1.6442661635020008,0.821172036006034,1,0,0,0
0.2535395823730947,-0.5665634371554509,-0.009855609412897533,-0.11963778181319903,0,1,0,0
-1.0791257651858794,-0.3458369769424627,-1.084675690511001,-1.1271019537404146,0,0,1,0
-0.57573076710699,2.8546966961458664,3.00394947322076,-0.4729422817298292,1,0,0,0
-0.2016715116075634,-0.3458369769424627,-0.816569122397443,-0.3152300668185911,0,0,1,0
-0.790022340596492,-0.3458369769424627,-0.15587793668903216,-0.768333982175589,0,1,0,0
0.14258980319953599,-0.12511051672947443,0.7633445825574532,0.36333311188726675,0,0,0,1
0.004378078286188549,-0.12511051672947443,0.3683661563187291,0.3006853036546269,0,0,0,1
0.8913423129365238,-0.3458369769424627,-0.8692329125626064,0.629950528319198,0,0,1,0
-0.6036267115849133,-0.5665634371554509,-0.80938769646583,-0.6313829595274932,0,0,1,0
-0.15221961003306286,2.7443334660393726,2.271444028196217,-0.22562913178818797,1,0,0,0
0.5204530511277702,-0.3458369769424627,-0.5101616159819481,0.264990622219751,0,0,1,0
0.6719787495419447,-0.45620020704895675,0.059564841259362844,0.13568845987912873,0,1,0,0
-0.5472008238909319,-0.3458369769424627,-0.771086758163893,-0.609529072934712,0,0,1,0
0.28397152180355656,-0.5665634371554509,0.07392769312258929,-0.04788418750023398,0,0,1,0
0.1780937325350747,-0.12511051672947443,-0.1367274675380637,0.29267221190394055,0,1,0,0
1.080273936900641,-0.5665634371554509,-0.8883833817135746,0.3014137665410531,0,0,1,0
-1.222409480004304,-0.5665634371554509,-0.9506224064542221,-1.0404148702557157,0,0,1,0
2.624060864258444,-0.5665634371554509,-0.12954604160645025,1.299043689501517,0,0,1,0
-0.5789007607976631,-0.3458369769424627,-0.40722784429549264,-0.37387132917588745,0,0,1,0
-0.5174028831986048,-0.23547374683596853,-0.11997080703096626,-0.366222468868414,0,1,0,0
0.5699049527022707,-0.3458369769424627,1.117628261850369,0.18595239904252545,0,0,0,1
-0.04253782833577333,-0.5665634371554509,-0.09363891194838436,-0.49516039976582343,0,0,1,0
-0.9814899595131478,0.316342403696502,0.5646584651161557,-0.8513787512281578,0,0,0,1
-0.24605142327698684,3.7376025369978194,1.6370847375703883,0.023869406812731336,1,0,0,0
-0.222593469966006,3.7376025369978194,1.7878946821342645,0.5545546195741027,1,0,0,0
0.9750301463702938,-0.23547374683596853,-0.8883833817135746,0.4369078634162968,0,1,0,0
1.1259218460463338,-0.676926667261945,-0.9434409805226089,0.8768994468176261,0,0,1,0
0.609846873204752,2.7443334660393726,1.0410263852464952,0.924613765878532,1,0,0,0
-0.8515202181955503,-0.5665634371554509,-0.8069938878219587,-0.750486641458151,0,0,1,0
-0.790022340596492,-0.3458369769424627,-0.3928649924322662,-0.6536010775634874,0,0,1,0
-0.13573564284156284,-0.12511051672947443,-0.38328975785678215,-0.03550031843099115,0,1,0,0
-0.8477162257667425,-0.676926667261945,-0.5628254061471113,-0.7712478337212931,0,0,1,0
-0.46604898540970063,-0.014747286622980312,0.05717103261549184,-0.5086369631647053,0,1,0,0
-0.6987265223051066,-0.5665634371554509,-0.7232105852864719,-0.5833044090233744,0,0,1,0
0.45768717605244297,-0.23547374683596853,-0.12954604160645025,0.4481990381559005,0,1,0,0
-1.0334778560401867,-0.676926667261945,-0.6322458568193718,-0.9828663022280584,0,0,1,0
-0.3969431229530269,3.627239306891325,2.309744966498154,0.19870049955498123,1,0,0,0
0.5007990902455972,-0.45620020704895675,-0.3449888195548453,0.700611428302524,0,0,1,0
1.4600391810432791,2.9650599262523607,1.515000496732964,1.4257962317396482,1,0,0,0
-1.254109416911035,1.8614276251874196,1.4000976818271533,-0.9329665945078744,1,0,0,0
-0.4590749992902196,-0.23547374683596853,0.406667094620666,-0.6317471909707063,0,1,0,0
-0.16553358353388997,-0.3458369769424627,0.5502956132529292,-0.11053199573287352,0,0,0,1
-0.6803405588992025,-0.45620020704895675,-0.6777282210529217,-0.836809493499637,0,0,1,0
-0.6543466106356831,-0.5665634371554509,-0.5005863814064639,-0.7351889208432042,0,0,1,0
0.6523247886597717,0.42670563380299614,3.1930603560865736,1.2236477807564219,1,0,0,0
-1.2281154686475155,-0.5665634371554509,-0.5221306592013033,-1.1114400016822545,0,1,0,0
0.038614010145458046,-0.12511051672947443,-0.1032141465238688,-0.25695303590450774,0,1,0,0
0.9306502347008706,-0.45620020704895675,-0.4957987641187217,-0.08722118336724016,0,0,1,0
-0.8825861563641467,-0.45620020704895675,-0.9458347891664799,-0.9540920182142296,0,0,1,0
0.2243756404189021,0.20597917359000792,-0.3162631158283928,0.1575423464719098,0,0,0,1
1.200733697146219,-0.5665634371554509,-0.7064539247793744,0.8535886344519928,0,0,1,0
1.5392890233101066,0.42670563380299614,-0.13433365889419227,0.6536255721280443,0,0,0,1
-1.1488656263806878,-0.45620020704895675,-0.6777282210529217,-0.8287964017489505,0,0,1,0
0.8881723192458508,2.41324377571989,0.6963179405290634,2.104723641888719,1,0,0,0
0.9579121804406593,-0.5665634371554509,-0.9817419188245459,0.29777145210892286,0,0,1,0
1.1817137350021802,-0.014747286622980312,-0.12954604160645025,1.2032508199364926,0,1,0,0
-0.015909881334119354,-0.3458369769424627,-1.029618091701967,-0.03003684678279589,0,0,1,0
-0.5294488592231628,-0.676926667261945,-0.639427282750985,-0.45691609822845625,0,0,1,0
-0.08438174505265836,-0.676926667261945,-0.7016663074916325,-0.7901878687683702,0,0,1,0
-0.27267937027864103,-0.45620020704895675,-0.505373998694206,-0.17827904417049537,0,0,1,0
-0.4299110573360272,-0.12511051672947443,-0.3880773751445242,-0.6047940641729427,0,1,0,0
0.2034536820604597,3.627239306891325,2.6161524729136496,1.0990806271775686,1,0,0,0
3.855286413715879,-0.45620020704895675,-1.1301580547445513,3.03205689630907,0,0,1,0
-1.1298456642366492,-0.45620020704895675,-0.8261443569729272,-1.328886173280428,0,0,1,0
-0.41215909266825773,-0.23547374683596853,0.27500761920775785,-0.36986478330054423,0,1,0,0
1.4137572731594519,-0.5665634371554509,-0.5221306592013033,0.754153450454838,0,0,1,0
1.0092660782295633,-0.5665634371554509,-0.0697008255096739,1.0903390725404563,0,1,0,0
0.5958989009657905,-0.12511051672947443,0.1553171870142051,0.8572309488841228,0,1,0,0
-0.786852346905819,-0.5665634371554509,-0.8907771903574457,-0.7093284883750797,0,0,1,0
0.6295008340869254,-0.3458369769424627,-0.30668788125290836,0.648162100479849,0,1,0,0
-0.6530786131594138,-0.45620020704895675,0.3133085575096948,-0.5443316445995812,0,1,0,0
1.1424058132378339,-0.23547374683596853,0.8614907369561661,1.61774620231291,0,0,0,1
0.30489348016199896,-0.676926667261945,-0.7088477334232455,0.02714748980164839,0,0,1,0
-1.2991233273185931,-0.014747286622980312,-0.40722784429549264,-1.1861074475409241,0,1,0,0
-1.3314572629634587,-0.12511051672947443,-0.11518318974322382,-1.048063730563189,0,0,0,1
-0.10530370341110097,0.20597917359000792,0.5263575268142188,0.2733679454136504,0,0,0,1
0.28523951927982577,-0.676926667261945,-0.44313497395355855,0.5101183835021139,0,0,1,0
-0.3170592819480645,-0.45620020704895675,-0.46467925174839797,-0.6787330471451859,0,1,0,0
3.5268750673621447,-0.12511051672947443,3.712516831806592,3.207616451937747,1,0,0,0
-0.43181305355043087,-0.3458369769424627,-0.7639053322322799,-0.5527089677934807,0,0,1,0
0.36448936154665346,-0.45620020704895675,-0.6107015790245324,0.0759545031921933,0,0,1,0
0.12673983474617045,-0.676926667261945,-0.7591177149445378,-0.2431122410624131,0,0,1,0
0.3600513703797111,-0.676926667261945,-1.08228188186713,0.09234491813677909,0,0,1,0
0.14702779436647836,-0.676926667261945,0.3157023661535658,0.6510759520255531,0,1,0,0
-0.47682696395798907,-0.676926667261945,-0.29950645532129533,-0.7220765888875355,0,0,1,0
0.8266744416467926,-0.12511051672947443,0.7681321998451952,1.0072943034878876,0,1,0,0
-0.855324210624358,2.192517315506902,3.059007072029794,-0.46128687554701253,1,0,0,0
-0.8325002560515116,-0.3458369769424627,-0.90035242493293,-0.5195639064610957,0,1,0,0
-0.8128462951693385,-0.5665634371554509,0.6675922368026109,-0.645952217256014,0,0,0,1
-0.6391306409204521,-0.45620020704895675,-1.070312838647775,-0.6401245141646058,0,0,1,0
0.06650995462338147,-0.45620020704895675,-0.6226706222438876,-0.39900329875758583,0,0,1,0
-0.5212068756274125,-0.23547374683596853,-0.46467925174839797,-0.7945586460869265,0,1,0,0
0.07538593695726621,0.7577953241224785,3.27684365862206,0.5946200783275347,1,0,0,0
-0.045707822026446486,-0.676926667261945,-0.682515838340664,0.035160581552334806,0,0,1,0
0.8723223507924853,1.8614276251874196,2.2762316454839593,1.719366774969343,1,0,0,0
0.06397395967084304,-0.23547374683596853,0.30133951429033934,-0.502809260073297,0,1,0,0
-0.11417968574498571,-0.014747286622980312,0.0428081807522654,-0.021659523588896265,0,1,0,0
-0.7589564024278956,-0.676926667261945,0.2654323846322738,-0.4671145786384209,0,0,0,1
0.8336484277662735,-0.676926667261945,-0.9434409805226089,0.14042346864089783,0,0,1,0
1.152549793047988,-0.3458369769424627,-0.9625914496735773,0.17356852997328287,0,0,1,0
-0.9428160364869358,-0.676926667261945,-0.3976526097200086,-0.871775712048087,0,0,1,0
0.03100602528784253,-0.014747286622980312,0.35639711309937366,0.39283585878752125,0,1,0,0
-1.30419531722367,2.7443334660393726,1.7974699167097485,-1.117631936216876,1,0,0,0
-0.7367664465931838,-0.5665634371554509,0.04520198939613682,-0.8950865244137203,0,1,0,0
0.11088986629280492,0.6474320940159843,2.264262602264604,0.1284038310148682,1,0,0,0
-1.4443090383514214,4.068692227317301,2.738236713751073,-1.0972349753969468,1,0,0,0
-1.2984893285804584,3.185786386465349,2.7286614791755888,-1.1729951155852554,1,0,0,0
0.2319836252765176,3.185786386465349,1.4336110028413482,0.2726394825272245,1,0,0,0
0.039882007621727264,-0.45620020704895675,-1.3479946413368173,-0.557079745112037,0,0,1,0
-0.4990169197927009,-0.45620020704895675,-0.40722784429549264,-0.5191996750178829,0,1,0,0
-0.878782163935339,-0.12511051672947443,1.079327323548432,-0.47731305904838534,0,0,0,1
-0.2282994586092176,-0.45620020704895675,-0.9601976410297064,-0.29082656012331864,0,0,1,0
-0.646104627039933,-0.014747286622980312,0.9309111876284268,-0.43396951730603583,0,0,0,1
-1.3720331822040746,-0.3458369769424627,-0.3880773751445242,-1.399182841820541,0,0,1,0
0.3530773842602303,-0.45620020704895675,-0.24205504786839,0.6554467293441093,0,1,0,0
-0.5674887835112399,-0.676926667261945,-0.9530162150980932,-0.280628079713354,0,0,1,0
-0.4806309563867967,-0.3458369769424627,0.41145471190840804,-0.5771124744887531,0,0,0,1
-0.9878299468944939,-0.5665634371554509,-0.7423610544374404,-0.7020438595108193,0,1,0,0
0.2649515596595179,-0.45620020704895675,-1.1397332893200354,-0.331256250319964,0,0,1,0
-0.7893883418583574,-0.014747286622980312,-0.4335597393780743,-0.7526720301174292,0,1,0,0
-0.9054101109369931,-0.3458369769424627,-0.4120154615832349,-0.9675685816131114,0,1,0,0
-0.5243768693180857,0.09561594348351381,-0.0002803748374135199,-0.7100569512615057,0,0,0,1
1.2799835394130468,-0.5665634371554509,0.9979378296568162,1.6224812110746798,0,0,0,1
-0.19089353305927495,-0.676926667261945,0.16249861294581813,-0.44125414617029635,0,1,0,0
-0.18328554820165943,-0.45620020704895675,-0.6490025173264691,-0.7625062790841808,0,0,1,0
-0.44132303462245037,-0.5665634371554509,-1.211547548636167,-0.5432389502699422,0,0,1,0
-0.6987265223051066,-0.676926667261945,-1.0798880732232592,-1.0924999666351776,0,0,1,0
1.2920295154376045,-0.3458369769424627,-0.3689269059935557,1.2502366761109724,0,0,1,0
-1.2667893916737274,-0.5665634371554509,-0.6944848815600192,-1.1704454954827639,0,1,0,0
-0.4058191052869114,-0.5665634371554509,0.9045792925458453,-0.20341101375219373,0,0,0,1
-1.419583087564171,-0.5665634371554509,-0.39525880107613764,-1.4090170907872928,0,0,1,0
0.4805111306252893,-0.45620020704895675,0.1122286314245262,1.0746771204822962,0,1,0,0
0.4602231710049814,-0.5665634371554509,-0.36413928870581375,0.7519680617955598,0,0,0,1
0.4469091975041543,-0.3458369769424627,-1.3623574932000435,0.18995894491786866,0,0,1,0
-0.8439122333379349,-0.45620020704895675,-1.1876094621974564,-0.7876382486658791,0,0,1,0
-1.088001747519764,-0.12511051672947443,-0.5245244678451744,-0.9566416383167208,0,1,0,0
-0.5345208491282396,-0.12511051672947443,0.02365771160129694,-0.7748901481534234,0,1,0,0
-0.6530786131594138,-0.45620020704895675,-0.5508563629277561,-0.6062509899457948,0,0,1,0
-0.036197840954427254,-0.45620020704895675,-0.32823215904774783,-0.2387414637438567,0,0,1,0
0.4335952240033272,-0.676926667261945,-0.47904210361162425,0.1837670103832475,0,0,1,0
2.82250246929458,-0.676926667261945,-0.2803559861703269,3.0098387782730764,0,0,1,0
-0.693020533661895,0.09561594348351381,0.8207959900103582,-0.6554222347795525,0,0,0,1
1.2920295154376045,2.523607005826384,0.9452740394916533,2.345844857295739,1,0,0,0
-0.9149200920090125,-0.45620020704895675,-0.15348412804516073,-1.1278304166268407,0,1,0,0
0.7880005186205807,-0.23547374683596853,0.1553171870142051,0.36406157477369266,0,1,0,0
-0.4463950245275272,-0.676926667261945,-0.8835957644258325,-0.8051213579401041,0,0,1,0
0.09757589279197781,0.09561594348351381,0.5239637181703477,0.47515216495366414,0,0,0,1
-1.064543794208783,-0.5665634371554509,0.0021134338064574838,-0.9916078568651708,0,1,0,0
-0.8103103002167998,-0.45620020704895675,-0.3210507331161348,-0.557079745112037,0,1,0,0
-1.416413093873498,0.5370688639094903,0.27500761920775785,-1.274615688241688,0,0,0,1
-0.41406108888266163,-0.12511051672947443,0.5119946749509923,-0.6364821997324754,0,0,0,1
-0.33544524535396847,-0.12511051672947443,0.20558716853549747,-0.262416507552703,0,0,0,1
1.2489176012444503,-0.45620020704895675,-0.5556439802154981,1.2815605802272922,0,0,1,0
-0.6251826686814904,0.5370688639094903,1.0075130642323007,0.010028611970636453,0,0,0,1
-0.11988567438819729,-0.014747286622980312,-0.596338727161306,-0.5086369631647053,0,1,0,0
1.7649925740860322,-0.23547374683596853,-0.9578038323858351,0.8127947128121343,0,1,0,0
0.35054138930769185,-0.23547374683596853,0.1074410141367842,0.15499272636941863,0,1,0,0
-1.369497187251536,0.42670563380299614,1.6155404597755487,-1.2848141686516525,1,0,0,0
0.14005380824699756,0.316342403696502,0.23191906361807893,0.5669384886433453,0,0,0,1
-0.13129765167462046,-0.45620020704895675,0.5287513354580897,0.2533352160369343,0,1,0,0
-1.0899037437341679,1.6407011649744314,1.378553404032314,-0.6729053440537776,1,0,0,0
0.5933629060132519,-0.676926667261945,-0.7351796285058272,-0.25695303590450774,0,0,1,0
-1.1761275721204765,-0.014747286622980312,0.17207384752130256,-1.1569689320838823,0,1,0,0
-1.1710555822153994,-0.5665634371554509,-0.6370334741071139,-1.1569689320838823,0,0,1,0
-0.7557864087372225,-0.45620020704895675,-0.7902372273148615,-0.7734332223805713,0,0,1,0
4.77331658653481,-0.3458369769424627,-1.2833618079522986,3.8075056389095923,0,0,1,0
0.2516375861586908,-0.5665634371554509,-0.3761083319251692,0.4438282608373441,0,1,0,0
0.19457769972657496,-0.45620020704895675,-0.7447548630813113,0.04754445062157764,0,0,1,0
0.8063864820264847,-0.45620020704895675,-0.11518318974322382,0.369160814978675,0,1,0,0
1.8461444125672637,-0.5665634371554509,-0.35217024548645826,1.7441345131078287,0,0,1,0
1.924126257357822,-0.676926667261945,-0.467073060392269,1.7721803342352314,0,0,1,0
0.24149360634853684,-0.5665634371554509,-1.1756404189781011,-0.020202597816044214,0,1,0,0
0.07918992938607385,-0.45620020704895675,-0.596338727161306,-0.4248637312257103,0,0,1,0
-0.8001663204066459,-0.45620020704895675,-0.9506224064542221,-0.9522708609981646,0,0,1,0
-0.7602243999041649,-0.45620020704895675,-0.8117815051097009,-0.7195269687850443,0,0,1,0
1.5728909564312417,-0.676926667261945,-0.7567239063006665,1.538707979135685,0,0,1,0
-0.4990169197927009,-0.45620020704895675,-0.9793481101806748,-0.8083994409290213,0,0,1,0
-1.2148014951466883,0.7577953241224785,0.43299898970324746,-0.8794245723555605,0,0,0,1
0.05763397228949674,2.192517315506902,1.9650365217807222,0.9187860627871233,1,0,0,0
-0.8819521576260122,-0.5665634371554509,-0.5819758752980797,-1.0761095516905916,0,1,0,0
-0.42293707121654617,0.20597917359000792,0.06674626719097629,-0.6590645492116828,0,0,0,1
-1.0740537752808024,-0.45620020704895675,0.06914007583484728,-1.013097512014739,0,1,0,0
-0.6537126118975485,-0.5665634371554509,-1.3623574932000435,-0.6328398853003452,0,0,1,0
0.09250390288690095,-0.3458369769424627,-0.7016663074916325,0.3083341639621004,0,0,1,0
-1.1945135355263805,1.309611474654949,0.5431141873213162,-0.9329665945078744,1,0,0,0
0.33722741580686477,2.7443334660393726,0.9524554654232663,1.2032508199364926,1,0,0,0
-0.23654144220496762,-0.3458369769424627,0.16728623023356057,-0.19175560756937704,0,1,0,0
-1.2376254497195347,-0.3458369769424627,0.12180386600001021,-0.907470393482963,0,0,0,1
0.08743191298182387,-0.5665634371554509,-0.6729406037651797,-0.558536670884889,0,0,1,0
0.278265533160345,-0.45620020704895675,-0.7040601161355035,0.25916291912834255,0,1,0,0
-0.3367132428302377,0.20597917359000792,-0.22529838736129254,-0.11672393026749468,0,0,0,1
-1.1653495935721878,-0.12511051672947443,0.1457419524387211,-1.0265740754136208,0,0,0,1
-1.3599872061795166,-0.014747286622980312,-0.6537901346142113,-1.2636887449452974,0,1,0,0
-0.7405704390219916,0.6474320940159843,0.634078915788416,-0.9194900311089926,0,0,0,1
1.038430020183756,-0.45620020704895675,0.9835749777935903,1.3034144668200733,0,0,0,1
0.13307982212751676,-0.45620020704895675,-1.1588837584710039,0.02131978671024018,0,0,1,0
-0.9580320062021667,-0.23547374683596853,-0.2755683688825849,-1.0338587042778813,0,1,0,0
-1.0930737374248412,-0.45620020704895675,-1.0176490484826115,-0.8127702182475776,0,0,1,0
-1.202121520383996,-0.014747286622980312,-1.0032861966193853,-1.0801160975659347,0,1,0,0
-0.6118686951806634,-0.676926667261945,-0.8405072088361536,-0.312316215272887,0,0,1,0
-0.7329624541643761,-0.45620020704895675,-1.1325518633884222,-0.9238608084275489,0,0,1,0
-0.8325002560515116,-0.3458369769424627,-0.5149492332696901,-0.9803166821255672,0,0,1,0
-1.3720331822040746,-0.45620020704895675,-0.5939449185174349,-1.0761095516905916,0,1,0,0
0.45895517352871196,-0.45620020704895675,-0.90035242493293,0.4026701077542729,0,0,1,0
0.2915795066611721,-0.014747286622980312,1.1128406445626269,0.3123407098374436,1,0,0,0
-1.1590096061908417,-0.5665634371554509,-0.04815654771483444,-1.0881291893166212,0,1,0,0
-1.030941861087648,-0.676926667261945,-1.2809679993084278,-0.9369731403832177,0,0,1,0
-1.4151450963972287,-0.3458369769424627,-0.8046000791780877,-1.3627596974992389,0,0,1,0
-0.4565390043376812,0.09561594348351381,-0.05533797364644745,-0.2576814987909339,0,0,0,1
0.9959521047287362,0.316342403696502,0.899791675258103,1.2393097328145815,0,0,0,1
-0.6397646396585868,-0.5665634371554509,-0.948228597810351,-0.7770755368127015,0,0,1,0
-0.8724421765539928,-0.676926667261945,-0.5652192147909822,-0.9264104285300401,0,0,1,0
0.5458130006531554,-0.5665634371554509,-0.2109355354980661,0.4299874659952495,0,1,0,0
-0.03429584474002332,2.41324377571989,1.0960839840555294,0.5516407680283983,1,0,0,0
0.12610583600803574,-0.45620020704895675,-1.0032861966193853,0.17356852997328287,0,0,1,0
-0.147147620127986,3.5168760767848313,1.5796333301174825,0.46313252732763427,1,0,0,0
-0.716478486972876,-0.5665634371554509,-0.7040601161355035,-0.8408160393749802,0,0,1,0
-0.9212600793903586,3.0754231563588545,1.2947701014968271,-0.4354264430788879,1,0,0,0
-0.7145764907584721,0.7577953241224785,0.059564841259362844,-0.8819741924580516,0,0,0,1
0.1768257350588055,-0.45620020704895675,-0.6777282210529217,-0.39463252143902966,0,0,1,0
0.5540549842489052,-0.5665634371554509,0.24867572412517638,0.9887184998840233,0,0,0,1
-1.3790071683235552,-0.5665634371554509,-0.8596576779871221,-1.2840857057652266,0,0,1,0
0.8577403798153888,-0.5665634371554509,0.9883625950813322,0.9369976349477742,0,0,0,1
1.1322618334276802,-0.3458369769424627,0.6508355762955135,1.28010365445444,0,0,0,1
-1.1881735481450344,0.7577953241224785,2.4414044419110623,-0.7923732574276484,1,0,0,0
1.170935756453892,-0.5665634371554509,-0.8835957644258325,1.4276173889557133,0,1,0,0
-0.7519824163084148,-0.5665634371554509,-0.7758743754516351,-0.9173046424497145,0,0,1,0
-0.8762461689828006,-0.3458369769424627,-0.0673070168658029,-0.6619784007573869,0,0,0,1
-1.1938795367882458,-0.676926667261945,0.09547197091742875,-1.0972349753969468,0,1,0,0
-1.1938795367882458,-0.3458369769424627,-0.3162631158283928,-1.377693186670973,0,0,1,0
-0.18962553558300552,-0.3458369769424627,-0.8381134001922824,-0.08394310037832285,0,0,1,0
0.676416740708887,-0.5665634371554509,-1.1134013942374539,0.27919564850505885,0,0,1,0
0.1438578006758052,-0.676926667261945,-0.5724006407225954,-0.33671972196815947,0,0,1,0
0.20915967070367128,-0.676926667261945,0.16968003887743155,-0.5148288976993265,0,0,0,1
0.474171143243943,-0.676926667261945,-0.7974186532464745,-0.05626151069413335,0,0,1,0
0.45134718867109663,-0.45620020704895675,-0.8213567396851852,-0.1025189039821871,0,0,1,0
1.9266622523103603,-0.12511051672947443,-0.10082033787999779,2.7326586499879673,0,0,0,1
-0.3170592819480645,-0.676926667261945,0.16968003887743155,-0.1025189039821871,0,1,0,0
-0.9719799784411284,2.0821540854004077,1.59638999062458,-0.9191257996657797,1,0,0,0
-0.2023055103456981,3.406512846678337,1.3522215089497325,-0.2762573023947979,1,0,0,0
-0.8014343178829153,0.316342403696502,-0.47425448632388223,-0.8440941223638974,0,0,0,1
-0.8198202812888192,-0.45620020704895675,-1.0152552398387404,-0.993429014081236,0,0,1,0
0.1102558675546702,-0.23547374683596853,-0.09124510330451335,-0.1331143452120807,0,1,0,0
-0.3291052579726224,-0.3458369769424627,-1.3144813203226224,-0.15023322304309267,0,0,1,0
-0.2764833627074487,-0.676926667261945,-0.2827497948141979,-0.16990172097659575,0,0,1,0
-0.2872613412557374,-0.3458369769424627,-0.5388873197084006,-0.3869836611315562,0,0,1,0
0.8070204807646192,-0.5665634371554509,-0.04097512178322143,0.4478348067126876,0,0,0,1
-0.9929019367995708,-0.5665634371554509,-0.41919688751484785,-1.0160113635604433,0,1,0,0
-0.1687035772245631,-0.676926667261945,-0.5101616159819481,-0.07192346275229324,0,0,1,0
-0.9890979443707631,-0.45620020704895675,-0.36413928870581375,-0.8295248646353766,0,0,0,1
-0.8160162888600114,2.9650599262523607,1.9626427131368516,-0.5206566007907348,1,0,0,0
-0.6961905273525681,-0.676926667261945,-0.9721666842490616,-0.870318786275235,0,0,1,0
-0.147147620127986,4.068692227317301,2.1373907441394384,0.6321359169784759,1,0,0,0
0.8653483646730045,0.5370688639094903,-0.459891634460656,1.238217038484943,0,0,0,1
-0.6968245260907027,-0.3458369769424627,0.10504720549291319,-0.8393591136021281,0,1,0,0
-0.38806714061914216,0.42670563380299614,0.3970918600451816,0.007843223311358245,0,0,0,1
-0.8521542169336849,-0.45620020704895675,-0.5867634925858217,-0.9988924857294312,0,0,1,0
1.0022920921100824,-0.45620020704895675,-1.084675690511001,0.985440416895106,0,0,1,0
-1.088001747519764,-0.5665634371554509,-0.249236473800003,-1.2097824913497703,0,0,1,0
-1.4107071052302864,-0.676926667261945,-0.47904210361162425,-1.431235208823287,0,0,0,1
0.524257043556578,0.20597917359000792,0.030839137532910378,1.0502736137870237,0,0,0,1
0.19394370098844024,0.20597917359000792,0.23191906361807893,0.6587248123330266,0,0,0,1
-0.8876581462692238,-0.45620020704895675,-0.7016663074916325,-1.0935926609648166,0,0,1,0
-1.1640815960959185,-0.676926667261945,-0.07448844279741591,-1.1890212990866282,0,0,1,0
-0.3170592819480645,-0.676926667261945,-1.3336317894735907,-0.5352258585192556,0,0,1,0
-0.8445462320760695,-0.45620020704895675,-0.4287721220903321,-1.1941205392916105,0,0,1,0
-0.19723352044062104,-0.5665634371554509,-0.6681529864774376,-0.6587003177684697,0,0,1,0
0.848864397481504,-0.23547374683596853,-0.4120154615832349,0.3491280856019589,0,1,0,0
-1.1171656894739568,-0.45620020704895675,-0.5388873197084006,-1.1493200717764087,0,0,1,0
2.8174304793895035,1.4199747047614433,2.065576484823307,4.089056544513257,1,0,0,0
0.7322086296647339,-0.5665634371554509,-0.6442149000387271,-0.13384280809850688,0,0,1,0
-0.38109315449966136,-0.45620020704895675,-0.37371452328129773,-0.26314497043912916,0,1,0,0
0.968056160250813,-0.3458369769424627,-0.5269182764890453,0.7100814458260624,0,0,1,0
0.5046030826744046,-0.12511051672947443,0.006901051094199916,-0.3654940059819881,0,1,0,0
1.1290918397370067,-0.676926667261945,-0.905140042220672,1.2167273833353744,0,0,1,0
0.6339388252538678,-0.676926667261945,-0.7088477334232455,-0.17755058128406923,0,0,1,0
-0.9662739897979168,0.09561594348351381,1.8405584722994273,-0.8666764718431047,1,0,0,0
-0.5617827948680283,-0.45620020704895675,-0.4263783134464611,-0.3982748358711599,0,0,1,0
1.8277584491613597,-0.676926667261945,-0.7902372273148615,1.296494069399026,0,0,1,0
0.7601045741426571,-0.676926667261945,-0.7423610544374404,0.11274187895670833,0,0,1,0
0.41647725807369246,-0.3458369769424627,-0.23966123922451898,0.5039264489674927,0,0,1,0
-0.7608583986422994,-0.676926667261945,-0.5556439802154981,-0.7220765888875355,0,0,1,0
-0.5459328264146628,-0.45620020704895675,-0.44552878259742956,-0.4492672379209828,0,0,1,0
-1.0924397386867064,-0.5665634371554509,0.6412603417200291,-1.152233923322113,0,0,0,1
-0.09579372233908175,-0.014747286622980312,0.5311451441019608,-0.03550031843099115,0,1,0,0
-1.448113030780229,2.41324377571989,1.1726858606594033,-1.2542187274217589,1,0,0,0
-1.268691387888131,-0.45620020704895675,-0.80938769646583,-0.9479000836796083,0,0,1,0
-1.2978553298423237,-0.45620020704895675,-1.1684589930464881,-1.0906788094191124,0,0,1,0
-0.36968117721323795,0.20597917359000792,0.8064331381471321,-0.3713217090733963,0,0,0,1
-0.6955565286144335,2.8546966961458664,2.154147404646536,-0.36877208897090513,1,0,0,0
0.25987956975444104,-0.5665634371554509,-0.7112415420671166,0.3039633866435443,0,0,1,0
-0.10340170719669704,-0.5665634371554509,-0.3569578627742007,-0.008182960190014589,0,0,1,0
-0.19659952170248654,-0.5665634371554509,0.13616671786323667,0.0038366774360150363,0,0,0,1
1.5697209627405688,-0.45620020704895675,-1.3623574932000435,1.249508213224546,0,0,1,0
0.7461566019036955,-0.676926667261945,-0.07927606008515833,0.10254339854674371,0,0,1,0
-1.332725260439728,-0.3458369769424627,0.3372466439484052,-1.431235208823287,0,1,0,0
1.664820773460762,0.42670563380299614,0.5885965515548661,1.798769229589782,0,0,0,1
-0.5300828579612973,-0.676926667261945,-0.6226706222438876,-0.5250273781092911,0,0,1,0
0.27699753568407576,-0.676926667261945,-0.6705467951213088,-0.364401311652349,0,0,1,0
1.0694959583523524,-0.45620020704895675,0.0811091190542023,0.9402757179366916,0,1,0,0
-0.019713873762927,0.8681585542289726,3.329507448787224,0.2518782902640823,1,0,0,0
-0.6163066863476059,-0.676926667261945,-0.02421846127612398,-0.69730885074905,0,0,0,1
-0.26633938289729475,-0.5665634371554509,-0.553250171571627,-0.4168506394750239,0,0,1,0
-0.5655867872968361,-0.3458369769424627,0.41145471190840804,-0.7300896806382219,0,1,0,0
0.023398040430227234,-0.3458369769424627,-0.7662991408761508,-0.04715572461380783,0,0,1,0
-0.9516920188208204,-0.676926667261945,-0.6944848815600192,-1.0214748352086385,0,0,1,0
-1.3587192087032474,1.6407011649744314,3.286418893197545,-1.311767295449416,1,0,0,0
-0.0926237286484086,-0.23547374683596853,-0.6418210913948561,0.2074420541920938,0,1,0,0
-0.6429346333492599,-0.3458369769424627,-0.09124510330451335,-0.9690255073859635,0,1,0,0
0.16477975903424782,-0.5665634371554509,-0.5269182764890453,-0.07374461996835824,0,0,1,0
2.3330554434546524,-0.23547374683596853,-0.005067992125155527,2.1083659563208497,0,1,0,0
-0.18328554820165943,-0.014747286622980312,0.05477722397162084,-0.22672182611782707,0,1,0,0
-0.622646673728952,-0.676926667261945,-1.3168751289664933,-0.7217123574443224,0,0,1,0
-0.8033363140973191,-0.45620020704895675,-0.7567239063006665,-0.7180700430121922,0,0,1,0
0.2662195571357871,-0.12511051672947443,0.29894570564646833,0.3389296051919943,0,1,0,0
-0.4977489223164317,0.7577953241224785,2.139784552783309,0.44237133506449206,1,0,0,0
0.4614911684812504,-0.3458369769424627,-0.16305936262064516,0.15535695781263184,0,1,0,0
-0.05775379805100437,-0.45620020704895675,-0.4024402270077506,-0.32761393588783394,0,0,1,0
0.1305438271749781,-0.3458369769424627,-0.9218967027277695,0.0748618088625542,0,0,1,0
0.7569345804519841,-0.3458369769424627,-1.0200428571264828,0.1863166304857384,0,1,0,0
-0.8591282030531658,-0.45620020704895675,-0.8069938878219587,-0.4754919018323204,0,0,1,0
-0.8794161626734736,-0.5665634371554509,0.7920702862839056,-0.7370100780592693,0,0,0,1
2.6189888743533674,-0.3458369769424627,-1.0056800052632562,2.7698102571956955,0,0,1,0
1.2070736845275654,-0.45620020704895675,0.38751662546969756,0.46313252732763427,0,1,0,0
-0.04380582581204277,-0.5665634371554509,-0.6226706222438876,-0.11708816171070789,0,0,1,0
-0.48380095007746987,3.5168760767848313,1.4623367065678012,-0.35893784000415374,1,0,0,0
-0.4578070018139504,-0.12511051672947443,0.16010480430194712,-0.27807845961086314,0,0,0,1
-0.411525093930123,-0.45620020704895675,0.18164908209678657,-0.2638734333255553,0,1,0,0
-0.682876553851741,0.20597917359000792,0.18164908209678657,-0.7340962265135651,0,0,0,1
-0.9161880894852816,-0.3458369769424627,-1.163671375758746,-0.907834624926176,0,0,1,0
-0.9180900856996856,0.6474320940159843,1.4048852991148957,-0.7639632048570327,1,0,0,0
-0.10149971098229332,-0.5665634371554509,-0.7615115235884088,0.19870049955498123,0,0,1,0
-0.6866805462805488,-0.014747286622980312,-0.30668788125290836,-1.0546198965410234,0,1,0,0
-0.6936545324000296,-0.3458369769424627,-0.6657591778335665,-0.6415814399374578,0,0,1,0
0.3854113199050961,-0.23547374683596853,-0.2133293441419371,-0.18010020138656038,0,1,0,0
-0.31896127816246844,3.7376025369978194,2.2235678553187963,0.19323702790678596,1,0,0,0
-1.0550338131367638,-0.676926667261945,-0.462285443104527,-0.8134986811340036,0,0,1,0
0.5337670246285973,-0.12511051672947443,-0.5484625542838848,0.213269757283502,0,1,0,0
-1.0233338762300328,2.7443334660393726,1.9650365217807222,-0.8528356770010099,1,0,0,0
-1.3498432263693627,1.309611474654949,2.0823331453304044,-1.3339854134854103,1,0,0,0
0.665004763422464,-0.014747286622980312,0.2965518970025973,0.5968054669868129,0,1,0,0
-0.18455354567792864,2.9650599262523607,2.6209400902013917,-0.14149166840598035,1,0,0,0
-0.15158561129492837,-0.45620020704895675,-0.682515838340664,0.23548787531949625,0,0,1,0
-1.0290398648732444,-0.23547374683596853,-0.5819758752980797,-1.028395232629686,0,1,0,0
1.4239012529696056,-0.676926667261945,-0.9506224064542221,1.1398745488174271,0,0,1,0
0.47290314576767356,-0.3458369769424627,-0.04097512178322143,0.38409430415040896,0,1,0,0
-1.2661553929355926,3.627239306891325,2.1709040651536333,-0.9777670620230761,1,0,0,0
-0.47999695764866224,-0.5665634371554509,0.7418003047626133,-0.32433585289891664,0,0,0,1
0.509041073841347,-0.5665634371554509,-0.5388873197084006,0.42743784589275835,0,1,0,0
1.2565255861020654,-0.23547374683596853,0.21037478582323949,0.3626046490008406,0,1,0,0
-0.6752685689941256,0.7577953241224785,0.3348528353045342,-0.625919487879298,0,0,0,1
-0.23780943968123683,-0.014747286622980312,-0.1032141465238688,-0.4255921941121365,0,1,0,0
-0.9808559607750131,-0.45620020704895675,0.0763215017664603,-0.7075073311590145,0,0,0,1
-0.9244300730810318,-0.3458369769424627,-0.9123214681522852,-0.576019780159114,0,0,1,0
-0.5472008238909319,2.6339702359328783,2.7645686088336543,-0.45691609822845625,1,0,0,0
2.2265436554480367,-0.3458369769424627,-0.682515838340664,0.9817981024629759,0,0,1,0
-0.957398007464032,-0.5665634371554509,-0.9410471718787379,-1.1045196042612073,0,0,1,0
0.7068486801393491,0.7577953241224785,-0.38568356650065316,0.3702535093083141,0,0,0,1
0.2903115091849029,-0.3458369769424627,-0.553250171571627,0.30469184952997014,0,0,1,0
-0.4001131166436998,-0.3458369769424627,-0.948228597810351,-0.3563882199016626,0,0,1,0
0.5204530511277702,-0.45620020704895675,-1.070312838647775,0.3447573082834025,0,0,1,0
2.188503731159959,-0.45620020704895675,-0.2659931343071004,2.4678623907721007,0,1,0,0
0.6123828681572905,0.42670563380299614,0.018870094313554932,0.5505480736987592,0,0,0,1
0.9896121173473903,0.42670563380299614,1.2780134409897297,0.29376490623357965,0,0,0,1
-0.9814899595131478,-0.45620020704895675,-0.6705467951213088,-0.8761464893666433,0,1,0,0
0.09250390288690095,-0.45620020704895675,-0.5604315975032402,0.2249251634663187,0,1,0,0
0.42345124419317326,-0.676926667261945,-0.7758743754516351,0.32472457890668643,0,1,0,0
-1.0639097954706485,-0.5665634371554509,-0.2947188380335529,-0.9821378393416323,0,0,0,1
-0.4457610257893927,3.9583289972108076,1.287588675565214,-0.2762573023947979,1,0,0,0
-0.5294488592231628,-0.12511051672947443,0.09068435362968674,-0.5749270858294749,0,1,0,0
0.8013144921214074,-0.5665634371554509,-0.6992724988477614,0.3239961160202603,0,0,1,0
1.4841311330923947,-0.676926667261945,-0.6992724988477614,0.4598544443387172,0,0,1,0
-0.9903659418470323,1.4199747047614433,1.3522215089497325,-0.7370100780592693,1,0,0,0
-0.5960187267272979,-0.676926667261945,-0.5436749369961428,-0.35893784000415374,0,1,0,0
-0.2764833627074487,1.309611474654949,2.395922077677512,0.5643888685408541,1,0,0,0
-1.3067313121762085,-0.3458369769424627,-0.7160291593548587,-1.2090540284633442,0,0,1,0
1.0904179167107948,0.09561594348351381,-0.30668788125290836,1.0772267405847875,0,0,0,1
-0.9383780453199935,-0.3458369769424627,-1.1062199683058405,-0.941343917701774,0,0,1,0
-0.5402268377714512,-0.3458369769424627,0.5000256317316368,-0.14731937149738855,0,0,0,1
-0.49711492357829695,-0.676926667261945,-0.7184229679987297,-0.6816468986908901,0,0,1,0
-1.448113030780229,-0.676926667261945,-0.8213567396851852,-1.3915339815130678,0,0,1,0
0.42535324040757716,-0.3458369769424627,-0.9721666842490616,0.11784111916169064,0,0,1,0
-0.1211536718644665,-0.5665634371554509,-0.254024091087745,-0.34728243382133706,0,1,0,0
-0.6816085563754718,-0.5665634371554509,-1.3623574932000435,-0.37569248639195274,0,0,1,0
0.07792193190980463,-0.676926667261945,-0.08406367737290035,0.16045619801761415,0,1,0,0
-0.5307168566994319,-0.45620020704895675,-0.7519362890129246,-0.4816838363669417,0,0,1,0
-0.33164125292516083,-0.3458369769424627,0.7681321998451952,-0.15278284314558382,0,0,0,1
-0.9935359355377055,-0.676926667261945,0.4473618415664739,-0.6699914925080734,0,0,0,1
-1.0715177803282638,-0.12511051672947443,-0.5724006407225954,-0.9151192537904363,0,1,0,0
0.5331330258904627,-0.3458369769424627,-0.462285443104527,0.1203907392641818,0,0,1,0
-0.5478348226290667,0.6474320940159843,0.047595798040007825,-0.38625519824513027,0,0,0,1
1.680036743175993,-0.45620020704895675,-0.5436749369961428,0.315254561383148,0,0,1,0
-0.8356702497421847,-0.5665634371554509,-0.6609715605458245,-1.0939568924080296,0,0,1,0
-0.43434904850296957,3.0754231563588545,1.0314511506710111,-0.3454612766052718,1,0,0,0
-1.0461578308028792,-0.5665634371554509,-0.596338727161306,-0.9825020707848453,0,0,1,0
-0.28916333747014106,-0.45620020704895675,-0.34977643684258725,-0.11417431016500378,0,0,1,0
0.3670253564991919,-0.5665634371554509,-0.814175313753572,0.5494553793691204,0,0,1,0
0.13307982212751676,-0.5665634371554509,0.5574770391845423,0.04426636763266033,0,0,0,1
-0.18201755072539022,1.199248244548455,3.04943183745431,0.17757507584862608,1,0,0,0
-1.2008535229077266,-0.676926667261945,-0.9434409805226089,-0.8626699259677615,0,0,1,0
3.281517555704046,-0.23547374683596853,-0.0625193995780609,2.831365371098696,0,1,0,0
0.09884389026824704,-0.676926667261945,0.4521494588542159,-0.2172518085942886,0,1,0,0
0.42218324671690405,-0.45620020704895675,-0.905140042220672,-0.2041394766386199,0,0,1,0
-0.11417968574498571,-0.12511051672947443,0.30373332293421074,-0.4277775827714147,0,0,0,1
-1.064543794208783,3.296149616571843,0.9093669098335874,-0.871047249161661,1,0,0,0
1.2134136719089113,3.7376025369978194,1.605965225200064,1.2407666585874337,1,0,0,0
0.9826381312279096,-0.23547374683596853,0.27261381056388684,0.8809059926929693,0,0,0,1
-1.2864433525559005,0.7577953241224785,-0.2013603009225821,-1.305939592358008,0,0,0,1
0.8412564126238887,-0.3458369769424627,-0.8357195915484115,0.8153443329146257,0,0,1,0
-1.0556678118748983,-0.45620020704895675,0.8112207554348742,-1.2815360856627354,0,0,0,1
-0.2758493639693142,-0.5665634371554509,-0.8907771903574457,-0.4157579451453848,0,0,1,0
2.416743276888423,3.5168760767848313,2.051213632960081,4.5498093201777285,1,0,0,0
-0.6106006977043942,-0.676926667261945,-1.125370437456809,-0.9340592888375135,0,0,1,0
-0.36841317973696874,-0.3458369769424627,-0.9027462335768011,-0.6379391255053275,0,0,1,0
1.447359206280587,-0.676926667261945,-0.8285381656167982,1.2302039467342558,0,0,1,0
-0.627718663634029,-0.45620020704895675,-0.02182465263225298,-0.40009599308722493,0,0,1,0
-1.352379221321901,-0.676926667261945,-0.02182465263225298,-1.2462056356710725,0,0,0,1
-0.3563672037124111,-0.5665634371554509,-0.8237505483290561,-0.5202923693475218,0,0,1,0
-0.2016715116075634,-0.45620020704895675,-0.3186569244722638,-0.4489030064777698,0,1,0,0
2.2366876352581904,0.6474320940159843,-0.21572315278580853,3.0338780535251355,0,0,0,1
0.48938711295917403,-0.3458369769424627,-0.6561839432580823,0.4081335794024682,0,1,0,0
0.15526977796222838,-0.45620020704895675,-1.3623574932000435,-0.3155942982618041,0,0,1,0
1.6540427949124734,1.8614276251874196,2.652059602571715,3.760519782735112,1,0,0,0
-0.9485220251301474,-0.5665634371554509,-0.5747944493664665,-0.7887309429955182,0,0,1,0
-1.0284058661351096,-0.45620020704895675,0.24867572412517638,-1.133658119718249,0,1,0,0
0.7772225400722921,-0.3458369769424627,-0.7806619927393773,0.5305153443220432,0,0,1,0
0.5775129375598864,-0.23547374683596853,-0.5245244678451744,-0.025301838021026524,0,1,0,0
-0.6486406219924715,-0.5665634371554509,-1.0727066472916458,-0.7315466064110739,0,1,0,0
-0.07740775893317756,-0.3458369769424627,-0.99131715340003,-0.17536519262479128,0,0,1,0
-0.6442026308255291,-0.676926667261945,0.8375526505174556,-0.6120786930372032,0,0,0,1
1.1011958952590835,-0.3458369769424627,-0.7639053322322799,1.1617284354102082,0,0,1,0
1.0973919028302757,-0.676926667261945,0.10504720549291319,0.5724019602915406,0,1,0,0
-0.8103103002167998,0.09561594348351381,0.7011055578168054,-0.8910799785383772,1,0,0,0
-0.36143919361748794,0.20597917359000792,0.8734597801755215,0.07231218876006304,0,0,0,1
1.1126078725455066,0.42670563380299614,-0.11039557245548182,1.2735474884766058,0,0,0,1
0.38414332242882665,-0.23547374683596853,0.05717103261549184,0.23366671810343126,0,1,0,0
-0.9263320692954357,-0.676926667261945,-0.3976526097200086,-0.7453874012531688,0,0,1,0
-1.1558396125001686,0.42670563380299614,0.3157023661535658,-0.8444583538071104,0,0,0,1
0.32835143347298,-0.12511051672947443,0.20798097717936848,0.805874315391087,0,0,0,1
1.0086320794914287,1.199248244548455,1.8118327685729754,2.6350446232068774,1,0,0,0
0.010718065667534853,-0.3458369769424627,-0.251630282443874,-0.09268465501543542,0,0,1,0
-1.0930737374248412,-0.45620020704895675,-1.3623574932000435,-0.802935969280826,0,0,1,0
-0.4501990169563351,-0.5665634371554509,-0.05294416500257645,-0.6182706275718245,0,0,1,0
-0.07550576271877384,-0.676926667261945,-0.41680307887097684,-0.280628079713354,0,0,1,0
-0.8730761752921274,-0.5665634371554509,-0.6322458568193718,-0.6350252739596235,0,1,0,0
0.15970776912917073,-0.5665634371554509,-0.32823215904774783,0.37171043508116614,0,0,1,0
-1.448113030780229,-0.676926667261945,-1.1014323510180986,-1.0724672372584614,0,0,1,0
-1.0677137878994563,1.0888850144419608,2.1876607256607303,-0.6998584708515412,1,0,0,0
-0.7691003822380494,-0.676926667261945,0.004507242450328913,-0.7847243971201749,0,1,0,0
-0.5636847910824323,-0.3458369769424627,-0.1367274675380637,-0.6372106626189015,0,1,0,0
-0.5294488592231628,-0.23547374683596853,0.3468218785238897,-0.2667872848712594,0,1,0,0
0.5394730132718091,-0.3458369769424627,-0.1702407885522582,0.17320429853006966,0,1,0,0
-0.09008773369586993,0.09561594348351381,0.0715338844787183,0.33055228199809467,0,0,0,1
-0.04887781571711964,-0.5665634371554509,-0.2803559861703269,-0.5020807971868708,0,0,1,0
-0.8781481651972044,-0.12511051672947443,1.3115267620039246,-0.2500326384834604,1,0,0,0
-0.15792559867627445,-0.5665634371554509,-0.5771882580103375,-0.47804152193481136,0,0,1,0
-0.9821239582512823,0.6474320940159843,-0.24205504786839,-0.8164125326797078,0,0,0,1
-0.8198202812888192,-0.676926667261945,-1.0032861966193853,-1.0819372547819999,0,0,1,0
-0.9802219620368784,-0.23547374683596853,-0.7256043939303429,-1.0120048176851,0,0,0,1
-1.098145727329918,-0.676926667261945,-0.7399672457935693,-1.168988569709912,0,0,1,0
0.3422994057119416,-0.014747286622980312,0.2941580883587263,0.1480723289483713,0,1,0,0
-0.6137706913950672,-0.12511051672947443,-0.050550356358705445,-0.889987284208738,0,1,0,0
0.914800266247505,-0.45620020704895675,-0.6250644308877586,0.17138314131400467,0,0,1,0
0.9522061917974475,-0.3458369769424627,-0.3928649924322662,0.6124674190449728,0,1,0,0
0.763908566571465,2.302880545613396,1.4312171941974772,2.0060169207779905,1,0,0,0
1.5278770460236835,-0.45620020704895675,-1.2977246598155252,1.0510020766734502,0,0,1,0
0.8754923444831582,-0.676926667261945,-1.3623574932000435,1.001102368953266,0,0,1,0
1.44228721637551,-0.3458369769424627,-0.7423610544374404,0.5392568989591557,0,0,1,0
-0.8971681273412431,-0.5665634371554509,-0.816569122397443,-1.2203452032029478,0,0,1,0
0.8133604681459655,-0.3458369769424627,-1.1469147152516486,-0.09232042357222248,0,0,1,0
-0.9707119809648591,0.7577953241224785,0.3731537736064711,-0.9675685816131114,0,0,0,1
1.753580596799609,-0.014747286622980312,0.03562675482065238,1.4279816203989264,0,1,0,0
3.378519362638643,-0.45620020704895675,0.4306051810593765,3.813697573444213,0,1,0,0
1.2235576517190654,2.6339702359328783,2.798081929847849,2.7242813267940678,1,0,0,0
0.39872529340592294,0.20597917359000792,0.8926102493264899,0.6026331700782215,0,0,0,1
0.3809733287381537,2.302880545613396,1.6466599721458723,0.6066397159535647,1,0,0,0
-0.7729043746668572,-0.45620020704895675,-0.6059139617367902,-0.6412172084942447,0,0,1,0
-1.301025323532997,0.6474320940159843,1.464730515211672,-1.2494837186599894,1,0,0,0
-0.1731415683915055,-0.676926667261945,0.18404289074065802,-0.39791060442794696,0,0,0,1
0.5832189262030978,-0.676926667261945,-1.0511623694968064,-0.1342070395417198,0,0,1,0
-0.836938247218454,0.09561594348351381,1.4000976818271533,-0.7829032399041098,0,0,0,1
0.2706575483027295,-0.3458369769424627,-0.8261443569729272,-0.3491035910374021,0,0,1,0
-0.17250756965337075,-0.3458369769424627,-0.6154891963122744,-0.3804274951537218,0,0,1,0
0.6497887937072333,-0.014747286622980312,-0.5843696839419508,0.3902862386850301,0,1,0,0
-0.35446520749800714,-0.3458369769424627,-0.773480566807764,-0.7625062790841808,0,0,1,0
0.41140526816861533,0.09561594348351381,0.7681321998451952,0.42124591135813694,0,0,0,1
-1.0119218989436094,-0.5665634371554509,-0.5628254061471113,-0.9406154548153479,0,0,1,0
2.1720197639684593,0.6474320940159843,2.695148158161394,4.067931120806901,1,0,0,0
-1.1374536490942644,-0.5665634371554509,0.4521494588542159,-0.9726678218180937,0,0,0,1
-0.09325772738654309,-0.3458369769424627,-1.0176490484826115,-0.2179802714807145,0,0,1,0
-0.12242166934073573,-0.45620020704895675,-0.7686929495200219,-0.02056682925925742,0,0,1,0
0.831112432813735,3.5168760767848313,2.9345290225484995,2.3050509356558804,1,0,0,0
1.1664977652869497,-0.676926667261945,-1.3623574932000435,0.300321072211414,0,0,1,0
0.026568034120900388,-0.3458369769424627,-0.4934049554748507,0.05264369082655995,0,0,1,0
0.10835387134026649,1.8614276251874196,1.5604828609665145,0.3793592953886396,1,0,0,0
0.5286950347235204,-0.5665634371554509,-0.45271020852904276,0.007478991868145296,0,1,0,0
-1.1323816591891875,-0.5665634371554509,-0.6130953876684034,-1.2698806794799187,0,0,1,0
0.3137694624958837,0.20597917359000792,-0.14390889346967672,0.5297868814356173,0,0,0,1
0.20155168584605576,3.406512846678337,1.325889613867151,0.403762802083912,1,0,0,0
0.6542267848741752,-0.5665634371554509,-0.7399672457935693,0.4329013175409536,0,0,1,0
-1.0918057399485717,0.7577953241224785,2.202023577523957,-0.7657843620730979,1,0,0,0
0.20091768710792127,-0.014747286622980312,0.0021134338064574838,0.06612025422544163,0,0,0,1
0.45071318993296194,-0.676926667261945,-0.4718606776800112,-0.012917968951783952,0,0,1,0
0.14449179941393991,-0.5665634371554509,-0.1702407885522582,0.5407138247320078,0,0,0,1
0.009450068191265412,-0.3458369769424627,-0.4574978258167848,-0.35274590546953233,0,0,1,0
-0.6207446775145481,-0.23547374683596853,-0.5819758752980797,-0.767605519289163,0,1,0,0
0.06714395336151596,2.8546966961458664,1.8740717933136222,0.5308795757652561,1,0,0,0
1.9311002434773028,-0.5665634371554509,-0.05773178229031888,0.946467652471313,0,1,0,0
0.24656559625361393,-0.676926667261945,-0.4311659307342033,-0.06245344522875476,0,1,0,0
0.03924800888359277,-0.5665634371554509,-0.18939125770322662,-0.29665426321472715,0,1,0,0
-0.028589856096811736,-0.3458369769424627,0.0763215017664603,0.20889897996494586,0,1,0,0
0.5115770687938854,0.42670563380299614,-0.09603272059225579,0.7159091489174709,0,0,0,1
0.2985534927806529,-0.3458369769424627,-0.5364935110645296,-0.20304678230898077,0,0,1,0
1.0396980176600255,-0.676926667261945,-0.8740205298503483,0.4292590031088233,0,0,1,0
-0.6067967052755865,-0.676926667261945,-0.996104770687772,-0.4397972203974443,0,0,1,0
-0.3322752516632953,-0.12511051672947443,-0.2827497948141979,-0.41830756524787593,0,1,0,0
-1.0024119178715902,-0.3458369769424627,-0.5388873197084006,-0.9446220006906911,0,0,1,0
0.6662727608987333,2.6339702359328783,1.5461200091032876,1.764167242484545,1,0,0,0
-0.5586128011773551,-0.014747286622980312,0.5048132490193793,-0.5705563085109188,0,0,0,1
-1.3473072314168242,-0.3458369769424627,-0.8955648076451878,-1.3889843614105764,0,0,1,0
0.6516907899216368,-0.3458369769424627,-0.8357195915484115,0.2733679454136504,0,0,1,0
-0.9066781084132625,-0.45620020704895675,-0.90035242493293,-0.9650189615106203,0,0,1,0
-0.7627603948567033,-0.23547374683596853,0.7848888603522927,-0.3705932461869704,0,0,0,1
-0.18455354567792864,2.6339702359328783,1.0003316383006873,0.38445853559362186,1,0,0,0
-0.16363158731948602,-0.5665634371554509,-0.3928649924322662,-0.20632486529789784,0,1,0,0
-0.9187240844378202,-0.676926667261945,-0.8859895730697036,-0.698401545078689,0,0,1,0
-1.3853471557049015,-0.5665634371554509,-0.6130953876684034,-1.2491194872167766,0,0,1,0
-0.4381530409317772,-0.45620020704895675,-0.7136353507109877,-0.6557864662227656,0,0,1,0
-0.6689285816127795,-0.5665634371554509,-0.816569122397443,-0.4816838363669417,0,0,1,0
-0.6594186005407601,-0.5665634371554509,-0.7303920112180852,-0.6536010775634874,0,0,1,0
0.7163586612113684,-0.014747286622980312,0.21037478582323949,0.9064021937178809,0,1,0,0
-0.2092794964651789,-0.676926667261945,-0.0697008255096739,-0.41867179669108917,0,1,0,0
0.04939198869374672,0.6474320940159843,0.3707599649626001,0.21618360882920612,0,0,0,1
0.845694403790831,-0.676926667261945,-0.9984985793316433,0.05628600525869021,0,0,1,0
0.6466188000165599,-0.45620020704895675,-0.8357195915484115,-0.19904023643363758,0,0,1,0
-0.10149971098229332,-0.676926667261945,-0.05533797364644745,0.20671359130566763,0,1,0,0
0.47607313945834695,-0.12511051672947443,0.21037478582323949,0.07850412329468445,0,1,0,0
0.06650995462338147,0.316342403696502,0.06914007583484728,-0.3552955255720235,0,0,0,1
0.6333048265157328,-0.5665634371554509,-1.1828218449097143,0.6827640875850859,0,0,1,0
-0.8534222144099541,-0.676926667261945,-0.7591177149445378,-0.7147919600232749,0,0,1,0
-0.5674887835112399,3.9583289972108076,1.6251156943510328,-0.22672182611782707,1,0,0,0
1.0821759331150447,-0.45620020704895675,0.406667094620666,0.29886414643856196,0,1,0,0
-0.7811463582626074,0.7577953241224785,0.10265339684904176,-0.6219129420039547,0,0,0,1
0.1216678448410936,-0.45620020704895675,-0.4311659307342033,0.3199895701449171,0,0,1,0
-0.6701965790890486,-0.5665634371554509,-0.30429407260903735,-0.5956882780926172,0,0,1,0
-0.7583224036897609,-0.3458369769424627,-0.5173430419135612,-0.9777670620230761,0,0,1,0
0.4614911684812504,-0.3458369769424627,1.0362387679587532,0.5490911479259072,0,0,0,1
1.020044056777852,-0.676926667261945,-0.7830558013832483,0.10727840730851307,0,0,1,0
0.7290386359740609,-0.45620020704895675,-0.8883833817135746,0.2828379629371891,0,0,1,0
-0.6911185374474912,-0.23547374683596853,-0.687303455628406,-0.7002227022947541,0,1,0,0
-0.7488124226177417,-0.3458369769424627,-0.9290781286593827,-0.8295248646353766,0,0,1,0
-0.11544768322125493,-0.5665634371554509,-0.6322458568193718,-0.4827765306965808,0,0,1,0
0.46212516721938535,-0.5665634371554509,-0.8500824434116379,-0.25039686992667337,0,0,1,0
0.01769205178701565,-0.45620020704895675,-0.5412811283522718,-0.37714941216480474,0,0,1,0
-0.21118149267958264,-0.5665634371554509,-0.9793481101806748,-0.3341701018656683,0,0,1,0
-1.1456956326900147,-0.5665634371554509,-1.2259104004993933,-1.0917715037487514,0,0,1,0
1.4004432996586247,-0.5665634371554509,-0.8955648076451878,0.667102135526926,0,0,1,0
-0.8914621386980315,-0.676926667261945,-0.3210507331161348,-0.9395227604857088,0,0,1,0
-0.4400550371461811,-0.3458369769424627,0.48805658851228184,-0.24566186116490427,0,0,0,1
-0.26760738037356396,-0.676926667261945,-0.7351796285058272,-0.5217492951203739,0,0,1,0
-1.0169938888486865,-0.3458369769424627,-0.8189629310413142,-0.924953502757188,0,0,1,0
2.393919322315577,-0.676926667261945,-0.7375734371496981,1.317619493105381,0,1,0,0
-0.8451802308142041,-0.45620020704895675,0.5957779774864791,-0.6871103703390854,0,0,0,1
1.155719786738661,0.8681585542289726,1.9219479661910432,2.4106780541876565,1,0,0,0
0.28840951297049894,0.42670563380299614,2.3073511578542827,0.9034883421721763,1,0,0,0
-1.034745853516456,-0.676926667261945,-0.41919688751484785,-0.6678061038487952,0,1,0,0
-0.7557864087372225,-0.5665634371554509,-0.14390889346967672,-0.7643274363002459,0,0,1,0
-0.3550992062361419,-0.5665634371554509,0.059564841259362844,-0.6510514574609962,0,1,0,0
-0.7963623279778382,-0.3458369769424627,-1.1564899498271326,-0.7027723223972453,0,0,1,0
-0.3677791809988343,-0.45620020704895675,-1.2689989560890724,-0.17973596994334742,0,0,1,0
-0.3506612150691995,-0.45620020704895675,-0.21572315278580853,-0.08285040604868375,0,0,1,0
0.0829939218148815,1.9717908552939136,2.865108571876239,0.8168012586874775,1,0,0,0
-0.8527882156718195,-0.5665634371554509,-0.6705467951213088,-0.558536670884889,0,0,1,0
0.43042523031265406,-0.45620020704895675,-0.1463027021135477,0.26863293665188126,0,1,0,0
1.40805128451624,0.316342403696502,0.9045792925458453,0.7435907386016601,0,0,0,1
1.1075358826404298,0.42670563380299614,-0.033793695851608,1.824265430614693,0,0,0,1
-0.19152753179740944,-0.676926667261945,-0.4263783134464611,-0.5778409373751792,0,0,1,0
0.10137988522078568,-0.3458369769424627,-0.6681529864774376,-0.06682422254731092,0,0,1,0
-0.7748063708812611,-0.45620020704895675,-1.0056800052632562,-0.6623426322006,0,0,1,0
-0.055851801836600434,-0.014747286622980312,-0.10082033787999779,-0.0132822003949969,0,1,0,0
0.1635117615579786,-0.12511051672947443,-0.5340997024206586,0.1917801021339339,0,0,0,1
-0.003863905309561466,-0.23547374683596853,0.08350292769807331,-0.5556228193391849,0,1,0,0
1.192491713550469,-0.5665634371554509,-0.9673790669613194,0.8346485994049153,0,0,1,0
-0.3550992062361419,-0.12511051672947443,0.6125346379935765,-0.4376118317381661,0,1,0,0
-0.5155008869842009,-0.014747286622980312,0.6101408293497056,-0.6860176760094463,0,0,0,1
-0.7754403696193958,-0.5665634371554509,-0.8357195915484115,-0.8073067465993823,0,1,0,0
-0.41913307878773853,-0.676926667261945,0.049989606683878834,-0.12983626222316366,0,0,0,1
1.0612539747566023,0.09561594348351381,1.3737657867445718,2.4321677093372247,1,0,0,0
0.2579775735400371,-0.3458369769424627,-0.4000464183638796,0.4860791082500547,0,0,1,0
0.2376896139197292,-0.5665634371554509,0.4377866069909895,-0.14731937149738855,0,1,0,0
-0.23273744977615973,-0.5665634371554509,-0.7878434186709903,-0.14404128850847123,0,0,1,0
0.5870229186319057,-0.45620020704895675,-0.7399672457935693,-0.312316215272887,0,0,1,0
-1.1805655632874188,-0.676926667261945,-0.5197368505574324,-1.4184871083108312,0,0,1,0
-0.3164252832099298,0.09561594348351381,0.24867572412517638,-0.5476097275884984,0,0,0,1
-1.2059255128128037,-0.3458369769424627,-0.5436749369961428,-1.1704454954827639,0,0,1,0
-0.8857561500548199,-0.5665634371554509,-0.0625193995780609,-0.6361179682892626,0,0,1,0
-1.030941861087648,-0.12511051672947443,-0.6992724988477614,-0.9617408785217031,0,1,0,0
0.5584929754158475,-0.3458369769424627,-0.7088477334232455,0.19323702790678596,0,0,1,0
-0.9295020629861087,2.192517315506902,2.0153065033020146,-0.9012784589483416,1,0,0,0
-0.1414416314847744,-0.45620020704895675,-0.7662991408761508,0.26754024232224216,0,0,1,0
1.440385220161106,-0.676926667261945,-0.48382972089936643,0.4700529247486818,0,1,0,0
-0.7266224667830299,-0.676926667261945,0.5670522737600266,-0.7129708028072099,0,1,0,0
0.7727845489053498,-0.5665634371554509,-0.44313497395355855,0.040988284643743274,0,0,1,0
-0.7938263330252997,-0.676926667261945,-0.5891573012296928,-0.8597560744220573,0,1,0,0
-1.173591577167938,-0.45620020704895675,-0.014643226700639542,-0.7909163316547964,0,0,0,1
1.70159270027257,-0.676926667261945,-0.4718606776800112,2.116379048071536,0,0,1,0
-1.0214318800156288,0.42670563380299614,0.7633445825574532,-0.8950865244137203,0,0,0,1
-1.0670797891613215,-0.3458369769424627,0.7968579035716477,-0.8430014280342584,0,0,0,1
0.6371088189445407,-0.5665634371554509,-0.6418210913948561,0.6048185587374993,0,0,1,0
0.2649515596595179,-0.5665634371554509,-0.6490025173264691,0.5560115453469547,0,0,1,0
2.0388800289601883,-0.3458369769424627,-1.0224366657703536,1.42361084308037,0,0,1,0
-0.2701433753261026,-0.5665634371554509,-0.19417887499096864,-0.1983117735472114,0,1,0,0
-0.5440308302002589,-0.5665634371554509,-0.4144092702271059,-0.8929011357544421,0,0,1,0
-0.5028209122215086,-0.5665634371554509,-0.7447548630813113,-0.49406770543618433,0,0,1,0
-0.2752153652311795,-0.45620020704895675,-0.5317058937767876,0.06284217123652458,0,0,1,0
-0.5567108049629514,1.309611474654949,2.225961663962667,-0.39572521576866876,1,0,0,0
0.832380430290004,-0.45620020704895675,-0.8429010174800247,0.6620028953219437,0,0,1,0
0.9991220984194096,-0.23547374683596853,0.626897489856803,1.3249041219696416,0,0,0,1
-0.8033363140973191,0.316342403696502,-0.3904711837883952,-0.5534374306799067,0,0,0,1
-0.41406108888266163,-0.3458369769424627,-0.2085417268541951,-0.2489399441538213,0,0,0,1
-1.448113030780229,-0.45620020704895675,0.05717103261549184,-1.431235208823287,0,1,0,0
0.5166490586989627,-0.45620020704895675,-0.5173430419135612,0.010757074857062607,0,0,1,0
-0.13193165041275495,-0.676926667261945,-0.778268184095506,-0.3960894472118817,0,0,1,0
-1.448113030780229,-0.5665634371554509,-0.38089594921291114,-1.2538544959785458,0,0,1,0
-0.6264506661577597,2.7443334660393726,0.27261381056388684,0.0020155202199500354,1,0,0,0
1.1633277715962762,-0.5665634371554509,-0.060125590934189885,1.0684851859476747,0,0,0,1
0.7949745047400616,0.5370688639094903,0.4473618415664739,1.037161281831355,0,0,0,1
-0.20737750025077498,-0.3458369769424627,-0.6154891963122744,-0.6441310600399489,0,0,1,0
1.1335298309039492,-0.12511051672947443,-0.5388873197084006,0.9919965828729406,0,1,0,0
0.2560755773256332,-0.5665634371554509,-1.3623574932000435,0.04317367330302122,0,0,1,0
1.0523779924227175,-0.3458369769424627,-0.4934049554748507,0.5964412355436001,0,0,1,0
-0.4311790548122964,-0.676926667261945,-0.5436749369961428,-0.31158775238646086,0,0,1,0
-0.5408608365095859,-0.3458369769424627,-0.7974186532464745,-0.6168137017989724,0,0,1,0
1.273009553293566,-0.45620020704895675,-0.5771882580103375,1.4698682363684241,0,0,1,0
0.9445982069398322,-0.5665634371554509,-0.3761083319251692,0.23475941243307036,0,0,1,0
1.9596301866933608,-0.45620020704895675,-0.6442149000387271,1.5303306559417853,0,0,1,0
1.0320900328024096,-0.676926667261945,-0.6513963259703404,0.2384017268652006,0,0,1,0
0.33469142085432635,-0.3458369769424627,-0.4048340356516216,-0.19904023643363758,0,0,1,0
-0.6961905273525681,-0.676926667261945,-1.3623574932000435,-0.5967809724222563,0,0,1,0
-0.7887543431202227,-0.676926667261945,0.21276859446711047,-0.6834680559069551,0,1,0,0
-0.048243816978985145,1.7510643950809255,1.6083590338439353,0.8768994468176261,1,0,0,0
0.3017234864713261,-0.676926667261945,-1.1517023325393907,0.4638609902140604,0,0,1,0
0.18570171739269023,0.6474320940159843,-0.13433365889419227,0.25515637325299934,0,0,0,1
-0.8350362510040502,-0.5665634371554509,-1.161277567114875,-0.8014790435079739,0,0,1,0
2.0084480895297268,-0.45620020704895675,0.03323294617678138,1.927707160487191,0,0,0,1
-0.6315226560628366,-0.3458369769424627,0.43539279834711847,-0.8440941223638974,0,1,0,0
0.4868511180066356,-0.23547374683596853,-0.5556439802154981,0.6641882839812219,0,1,0,0
-1.0417198396359366,-0.45620020704895675,-0.07688225144128734,-0.6386675883917535,0,1,0,0
1.1424058132378339,0.8681585542289726,2.6185462815575202,1.226561632302126,1,0,0,0
0.7505945930706379,-0.014747286622980312,0.19122431667227102,0.3677038892058229,0,1,0,0
4.342197444603268,-0.014747286622980312,0.5407203786774448,2.3939234077998575,0,1,0,0
-0.5782667620595284,-0.3458369769424627,-0.6944848815600192,-0.9631978042945551,0,0,1,0
0.33722741580686477,-0.3458369769424627,-0.7926310359587325,0.33383036498701196,0,0,1,0
-0.739936440283857,1.309611474654949,2.2235678553187963,-0.24930417559703427,1,0,0,0
0.9794681375372362,-0.3458369769424627,-0.5173430419135612,1.3088779384682687,0,0,1,0
0.7810265325010995,-0.23547374683596853,-0.06491320822193189,1.0484524565709588,0,1,0,0
0.882466330602639,3.5168760767848313,2.1661164478658907,1.703704822911183,1,0,0,0
2.9860741437333123,1.5303379348679373,1.4623367065678012,4.877253387626234,1,0,0,0
-0.3728511709039111,-0.12511051672947443,0.3420342612361472,-0.5363185528488947,0,1,0,0
-1.3365292528685355,-0.23547374683596853,0.13616671786323667,-1.3463692825546532,0,1,0,0
-0.8267942674083,0.316342403696502,0.7202560269677739,-0.715156191466488,0,0,0,1
-0.7519824163084148,-0.014747286622980312,0.24388810683743437,-0.4973457884251015,0,1,0,0
0.39872529340592294,-0.45620020704895675,-0.9984985793316433,0.31088378406459155,0,0,1,0
-1.2553774143873042,-0.23547374683596853,2.0344569724529835,-1.239649469693238,1,0,0,0
-0.4482970207419311,-0.676926667261945,-0.8883833817135746,-0.6448595229263749,0,0,1,0
2.9816361525663706,-0.45620020704895675,-0.7806619927393773,3.3726132957132444,0,0,1,0
2.3679253740520565,-0.45620020704895675,-0.48622352954323744,1.4840732626537319,0,0,1,0
-0.09135573117213938,-0.676926667261945,-0.5221306592013033,-0.17827904417049537,0,0,1,0
-1.1526696188094954,1.6407011649744314,2.0248817378774984,-1.0262098439704077,1,0,0,0
-1.270593384102535,-0.5665634371554509,-0.3904711837883952,-1.0229317609814905,0,1,0,0
-0.44893101948006564,-0.014747286622980312,-0.17263459719612917,-0.49916694564116665,0,1,0,0
-1.2484034282678231,-0.5665634371554509,-0.7160291593548587,-1.2305436836129124,0,0,1,0
-0.6004567178942403,-0.5665634371554509,-0.9793481101806748,-0.3250643157853428,0,0,1,0
-0.4552710068614119,-0.12511051672947443,0.2630385759884024,-0.4740349760594682,0,0,0,1
-0.2840913475650642,-0.676926667261945,0.6867427059535794,-0.20122562509291553,0,1,0,0
0.6903647129478486,-0.5665634371554509,0.049989606683878834,-0.07629424007084938,0,0,0,1
0.45198118740923116,0.6474320940159843,2.8292014422181735,1.874165138334877,1,0,0,0
0.23388562149092154,-0.676926667261945,-0.8644452952748641,0.43180862321131447,0,0,1,0
-0.21118149267958264,-0.45620020704895675,0.23191906361807893,-0.3166869925914432,0,0,0,1
-0.41786508131146927,-0.23547374683596853,-0.47425448632388223,-0.09195619212900927,0,1,0,0
-1.1139956957832835,-0.676926667261945,-0.9338657459471247,-1.0520702764385323,0,0,1,0
0.5267930385091164,1.199248244548455,2.4078911208968674,1.1380533916013622,1,0,0,0
0.7918045110493882,-0.014747286622980312,0.10025958820517075,0.3112480155078048,0,1,0,0
0.8716883520543508,-0.3458369769424627,-0.23966123922451898,0.47515216495366414,0,1,0,0
0.8964143028416006,-0.676926667261945,-0.11757699838709525,0.29376490623357965,0,1,0,0
-0.4578070018139504,0.42670563380299614,0.35639711309937366,-0.7603208904249025,0,0,0,1
1.0980259015684102,-0.676926667261945,-0.33541358497936125,0.7049822056210802,0,0,1,0
3.577594966412914,0.09561594348351381,0.33006521801679223,3.677475013682543,0,0,0,1
0.11849785115042044,3.627239306891325,1.8501337068749122,0.17976046450790403,1,0,0,0
1.5893749236227417,4.068692227317301,1.4958500275819957,1.9626733790356412,1,0,0,0
-0.10213370972042782,-0.23547374683596853,0.27740142785162886,-0.2500326384834604,0,1,0,0
0.1837997211782863,0.42670563380299614,-0.22769219600516355,-0.44744608070491776,0,0,0,1
0.43930121264653876,-0.3458369769424627,-0.8237505483290561,0.05919985680439432,0,0,1,0
2.868150378440273,-0.014747286622980312,-0.30429407260903735,1.350764554437766,0,1,0,0
1.1379678220708915,-0.5665634371554509,-0.8979586162890588,0.24605058717267383,0,0,1,0
-1.3181432894626315,-0.676926667261945,-0.4814359122554954,-1.3540181428621265,0,0,1,0
0.11342586124534335,-0.23547374683596853,-0.4048340356516216,-0.03877840141990846,0,1,0,0
-0.7240864718304915,1.8614276251874196,2.1134526577007278,-0.14549821428132356,1,0,0,0
1.512661076308453,-0.676926667261945,-1.0008923879755143,1.4148692884432577,0,0,1,0
1.0308220353261406,-0.12511051672947443,0.1170162487122682,0.6787575417097427,0,0,0,1
1.0213120542541214,1.0888850144419608,2.1349969354955673,2.3035940098830285,1,0,0,0
-0.520572876889278,-0.45620020704895675,-0.8452948261238956,-0.3975463729847338,0,0,1,0
-1.3079993096524776,-0.5665634371554509,-0.9937109620439011,-1.2469340985574984,0,0,1,0
1.3490894018697204,0.20597917359000792,-0.44792259124130057,1.6410570146785435,0,0,0,1
-0.7957283292397037,0.09561594348351381,1.3833410213200563,-0.45910148688773433,1,0,0,0
-0.3088172983523145,-0.5665634371554509,-0.0002803748374135199,-0.908563087812602,0,1,0,0
0.8742243470068892,-0.676926667261945,0.7872826689961637,0.3491280856019589,0,0,0,1
0.9991220984194096,-0.5665634371554509,-1.077494264579388,0.5669384886433453,0,0,1,0
-0.5231088718418164,3.406512846678337,1.062570663041335,-0.1695374895333828,1,0,0,0
-0.9827579569894169,-0.45620020704895675,-0.007461800769026531,-1.3248796274050847,0,1,0,0
-0.7253544693067606,-0.45620020704895675,-1.1947908881290696,-0.837537956386063,0,0,1,0
1.4441892125899136,-0.5665634371554509,-0.38089594921291114,0.6969691138703937,0,1,0,0
-0.25302540939646767,0.42670563380299614,0.0428081807522654,-0.5068158059486402,0,0,0,1
-1.2477694295296886,-0.676926667261945,0.7585569652697107,-1.1085261501365504,0,0,0,1
-0.4425910320987196,3.9583289972108076,2.1038774231252435,0.15608542069905773,1,0,0,0
0.2110616669180752,-0.3458369769424627,-1.0966447337303564,-0.2179802714807145,0,0,1,0
-1.0429878371122059,-0.5665634371554509,-0.4239845048025901,-0.9723035903748807,0,0,1,0
0.5565909792014436,0.09561594348351381,0.2534633414129184,0.12366882225309886,0,0,0,1
-0.6949225298762988,-0.5665634371554509,0.5239637181703477,-0.8178694584525599,0,1,0,0
-1.2661553929355926,-0.45620020704895675,-0.771086758163893,-1.331435793382919,0,1,0,0
-0.14904961634238992,-0.5665634371554509,-0.8716267212064773,0.07813989185147126,0,1,0,0
-0.7335964529025107,-0.23547374683596853,-0.2923250293896819,-0.7257189033196656,0,1,0,0
-0.8521542169336849,-0.5665634371554509,-1.2402732523626196,-0.5771124744887531,0,0,1,0
1.446725207542452,-0.676926667261945,-0.8189629310413142,1.2159989204489485,0,0,1,0
-0.6936545324000296,-0.5665634371554509,-0.5269182764890453,-0.6648922523030911,0,0,1,0
-0.49838292105456616,-0.23547374683596853,0.02365771160129694,-0.35311013691274523,0,1,0,0
0.043686000050535134,-0.3458369769424627,-0.7806619927393773,0.22747478356880985,0,0,1,0
-0.7843163519532804,0.20597917359000792,0.9333049962722979,-0.9664758872834723,0,0,0,1
-0.15982759489067838,-0.676926667261945,0.038020563464523385,-0.11599546738106878,0,0,0,1
0.07792193190980463,-0.45620020704895675,-0.948228597810351,0.01913439805096197,0,0,1,0
0.3930193047627114,-0.12511051672947443,0.3157023661535658,0.6809429303690209,0,1,0,0
0.11469385872161257,-0.676926667261945,-0.8237505483290561,-0.3185081498075084,0,0,1,0
2.298185512857249,-0.3458369769424627,-0.9410471718787379,1.0848756008922609,0,0,1,0
-1.2750313752694773,0.6474320940159843,3.427653603185937,-1.0739241630313134,1,0,0,0
1.139235819547161,0.09561594348351381,1.0051192555884296,2.1014455588998016,0,0,0,1
-0.868638184125185,-0.3458369769424627,-0.12954604160645025,-0.9457146950203302,0,1,0,0
0.1685837514630555,-0.45620020704895675,-0.4311659307342033,0.36733965776260996,0,0,1,0
-0.5307168566994319,-0.014747286622980312,0.03562675482065238,-0.15751785190735318,0,0,0,1
-1.2851753550796312,0.09561594348351381,0.16249861294581813,-1.0517060449953193,0,0,0,1
0.7512285918087723,-0.5665634371554509,-0.48382972089936643,-0.23946992663028285,0,1,0,0
-0.5903127380840864,-0.45620020704895675,-0.8213567396851852,-0.9442577692474781,0,0,1,0
0.9534741892737169,-0.3458369769424627,-0.8620514866309931,0.17393276141649583,0,0,1,0
0.33469142085432635,0.42670563380299614,1.4216419596219931,0.05774293103154226,1,0,0,0
-0.2815553526125258,-0.3458369769424627,0.22473763768646593,0.06684871711186778,0,0,0,1
-0.9402800415343973,-0.676926667261945,-0.680122029696793,-0.9996209486158572,0,0,1,0
0.659932773517387,-0.014747286622980312,-0.5221306592013033,0.018770166607749023,0,1,0,0
-1.0835637563528218,-0.45620020704895675,-0.26120551701935846,-0.7406523924913995,0,1,0,0
-0.14778161886612048,0.6474320940159843,1.0601768543974637,0.39065047012824333,0,0,0,1
-0.5624167936061629,-0.3458369769424627,-1.209153739992296,-0.5669139940787885,0,0,1,0
-0.7887543431202227,-0.014747286622980312,-0.682515838340664,-0.6452237543695881,0,1,0,0
-0.8242582724557616,-0.23547374683596853,0.27979523649549987,-0.42850604565784056,0,0,0,1
-0.7393024415457223,-0.5665634371554509,0.09307816227355775,-0.7395596981617605,0,1,0,0
-0.05648580057473516,-0.676926667261945,-0.3425950109109743,-0.5607220595441672,0,0,1,0
-0.716478486972876,-0.676926667261945,0.0811091190542023,-0.6743622698266296,0,1,0,0
-1.3555492150125743,-0.676926667261945,-0.7399672457935693,-1.4119309423329969,0,0,1,0
1.1411378157615648,-0.45620020704895675,-0.4024402270077506,0.32545304179311235,0,0,1,0
-0.5896787393459517,-0.014747286622980312,-0.4144092702271059,-0.3079454379543306,0,1,0,0
-1.0119218989436094,-0.676926667261945,-0.8309319742606694,-0.8990930702890635,0,0,1,0
0.7892685160968498,-0.676926667261945,-0.1391212761819347,0.09890108411461344,0,0,1,0
0.043686000050535134,-0.5665634371554509,0.02126390295742594,-0.40628792762184635,0,1,0,0
1.5830349362413958,-0.3458369769424627,-0.9697728756051905,0.3101553211781657,0,0,1,0
-0.09008773369586993,0.8681585542289726,1.1487477742206929,-0.16006747200984434,1,0,0,0
-1.254109416911035,-0.5665634371554509,-0.7375734371496981,-1.2116036485658352,0,0,1,0
-0.7779763645719342,-0.12511051672947443,-0.6011263444490482,-0.9373373718264307,0,0,0,1
-0.6391306409204521,-0.45620020704895675,-0.8596576779871221,-0.713699265693636,0,0,1,0
0.8013144921214074,2.523607005826384,2.2858068800594435,1.050637845230237,1,0,0,0
-0.8515202181955503,-0.45620020704895675,-0.15827174533290317,-0.8612130001949094,0,1,0,0
1.3636713728468168,0.6474320940159843,-0.23247981329290554,1.910588282656179,0,0,0,1
0.42471924166944247,-0.5665634371554509,-1.0631314127161617,0.01949862949417492,0,0,1,0
-0.4058191052869114,2.0821540854004077,2.338470670224607,0.20889897996494586,1,0,0,0
3.036160044045948,-0.014747286622980312,-0.6442149000387271,1.6049981018004547,0,1,0,0
0.3137694624958837,2.7443334660393726,1.9530674785613675,0.6434270917180797,1,0,0,0
-0.679706560161068,0.6474320940159843,0.5455079959651872,-0.3319847132063901,0,0,0,1
-0.11671568069752414,1.4199747047614433,1.0912963667677875,0.11310611039992129,1,0,0,0
-0.9903659418470323,-0.45620020704895675,-0.8452948261238956,-1.2269013691807822,0,0,1,0
-0.007667897738369338,-0.45620020704895675,-0.05294416500257645,-0.06427460244481976,0,0,1,0
0.6415468101114831,1.7510643950809255,2.2283554726065384,1.944826038318203,1,0,0,0
-0.06155779047981202,-0.5665634371554509,-0.27078075159484244,-0.3385408791842245,0,0,1,0
1.5348510321431643,-0.676926667261945,-0.5891573012296928,1.2236477807564219,0,0,1,0
0.3746333413568074,0.7577953241224785,0.13137910057549465,0.3134334041670827,0,0,0,1
-0.4108910951919885,0.9785217843354668,1.5939961819807094,-0.14731937149738855,1,0,0,0
-0.24034543463377525,3.185786386465349,2.922559979329144,0.16919775265472645,1,0,0,0
-0.28916333747014106,-0.45620020704895675,-0.8859895730697036,-0.6587003177684697,0,0,1,0
-0.855324210624358,-0.3458369769424627,-0.591551109873564,-0.7606851218681155,0,0,1,0
-0.17694556082031312,-0.45620020704895675,-0.6059139617367902,-0.25294649002916453,0,0,1,0
2.906190302728351,-0.676926667261945,-0.5197368505574324,2.8659673582039327,0,0,1,0
-0.9745159733936668,-0.5665634371554509,-1.1038261596619696,-0.8302533275218026,0,0,1,0
0.8228704492179848,0.7577953241224785,0.6987117491729344,0.8623301890891051,0,0,0,1
-0.9916339393233017,-0.5665634371554509,-0.7878434186709903,-1.1922993820755452,0,1,0,0
-0.21815547879906366,-0.3458369769424627,-0.6226706222438876,-0.8856165068901817,0,0,1,0
-0.02985785357308095,-0.014747286622980312,-0.1032141465238688,-0.01728874627034011,0,1,0,0
-0.48126495512493145,-0.676926667261945,-0.07448844279741591,-0.9151192537904363,0,1,0,0
-0.6518106156831446,-0.676926667261945,-0.8022062705342168,-0.6466806801424401,0,0,1,0
1.6185388655769344,-0.23547374683596853,-0.5173430419135612,1.9437333439885638,0,1,0,0
-1.098145727329918,-0.12511051672947443,0.02605152024516837,-0.9344235202807265,0,1,0,0
-0.5484688213672012,-0.676926667261945,-1.077494264579388,-0.36221592299307076,0,0,1,0
-0.6061627065374519,-0.5665634371554509,-0.45031639988517175,-0.14914052871345354,0,0,0,1
-0.09769571855348545,-0.23547374683596853,0.030839137532910378,0.10727840730851307,0,1,0,0
-0.426741063645354,-0.45620020704895675,-0.3713207146374267,-0.5727416971701969,0,0,1,0
-0.4356170459792388,2.9650599262523607,1.7112928055303906,-0.6018802126272386,1,0,0,0
-0.23273744977615973,0.42670563380299614,-0.08406367737290035,-0.3804274951537218,0,0,0,1
1.0422340126125638,-0.12511051672947443,0.16249861294581813,0.47879447938579417,0,1,0,0
0.8697863558399469,4.068692227317301,3.1906665474427025,0.8142516385849866,1,0,0,0
-0.9757839708699362,-0.23547374683596853,-0.26359932566322947,-0.7544931873334944,0,0,0,1
-0.9371100478437242,-0.014747286622980312,0.9428802308477823,-0.7271758290925178,0,0,0,1
0.3055274789001337,-0.676926667261945,-0.16066555397677415,0.22929594078487509,0,1,0,0
0.043686000050535134,-0.676926667261945,-0.12236461567483725,-0.15606092613450112,0,0,1,0
1.4689151633771638,-0.45620020704895675,-0.5867634925858217,0.6033616329646473,0,0,1,0
-0.39821112042929613,-0.014747286622980312,0.20319335989162604,-0.6029729069568777,0,1,0,0
0.5534209855107707,-0.676926667261945,0.40187947733292356,0.2828379629371891,0,0,0,1
0.43549722021773113,-0.3458369769424627,-0.1391212761819347,-0.005269108644310484,0,1,0,0
-0.2758493639693142,-0.5665634371554509,-0.026612269919994984,-0.11672393026749468,0,1,0,0
-0.7266224667830299,-0.676926667261945,-1.034405708989709,-0.6940307677601328,0,0,1,0
2.9892441374239853,-0.676926667261945,-0.6753344124090508,3.0123883983755673,0,0,1,0
-0.2302014548236213,0.42670563380299614,0.5981717861303502,0.17757507584862608,0,0,0,1
-1.0607398017799754,-0.23547374683596853,-0.1056079551677398,-0.7832674713473229,0,1,0,0
-0.43181305355043087,-0.676926667261945,-0.3473826281987163,-0.19685484777435935,0,1,0,0
1.2850555293181236,-0.45620020704895675,-1.118189011525196,1.15954304675093,0,0,1,0
0.6371088189445407,-0.3458369769424627,-0.5340997024206586,0.6601817381058787,0,0,1,0
1.7269526497979546,-0.45620020704895675,-0.4574978258167848,1.6046338703572414,0,1,0,0
0.7550325842375802,-0.014747286622980312,0.5502956132529292,1.336559528152458,0,0,0,1
0.3809733287381537,-0.676926667261945,-0.48382972089936643,0.36296888044405357,0,0,1,0
2.4864831380832313,-0.45620020704895675,-0.7639053322322799,1.3809957642244466,0,0,1,0
-1.0759557714952062,-0.5665634371554509,-0.7232105852864719,-1.0422360274717808,0,0,1,0
-0.8432782345998003,-0.5665634371554509,-0.9242905113716404,-0.6142640816964813,0,0,1,0
2.8922423304893883,-0.45620020704895675,-0.8452948261238956,2.2464096732985843,0,0,1,0
0.7588365766663882,-0.5665634371554509,-1.3623574932000435,0.5927989211114697,0,0,1,0
-0.21878947753719816,-0.23547374683596853,-0.009855609412897533,0.07850412329468445,0,0,0,1
0.28523951927982577,-0.3458369769424627,0.3444280698800187,0.2755533340729286,0,0,0,1
1.3725473551807015,-0.3458369769424627,0.21276859446711047,0.8517674772359278,0,1,0,0
-0.40962309771571925,2.7443334660393726,1.4982438362258665,0.11711265627526449,1,0,0,0
1.1132418712836412,-0.3458369769424627,-0.8979586162890588,0.7363061097374002,0,0,1,0
1.359867380418009,-0.12511051672947443,0.09307816227355775,1.2334820297231732,0,1,0,0
0.42281724545503874,0.316342403696502,0.859096928312295,0.07704719752183214,0,0,0,1
1.3034414927240277,-0.45620020704895675,0.5598708478284132,1.2866598204322746,0,0,0,1
0.13498181834192047,-0.014747286622980312,-0.30429407260903735,0.3615119546712015,0,1,0,0
-0.8046043115735884,-0.5665634371554509,-0.9027462335768011,-0.7592281960952636,0,0,1,0
-0.2764833627074487,2.41324377571989,2.561094874104615,0.5334291958677473,1,0,0,0
-0.6429346333492599,0.09561594348351381,0.9141545271213294,-0.9391585290424957,0,0,0,1
-1.2661553929355926,3.7376025369978194,2.6185462815575202,-1.0112763547986738,1,0,0,0
-0.05648580057473516,-0.23547374683596853,2.4797053802129994,0.22456093202310573,1,0,0,0
-0.9028741159844547,0.6474320940159843,0.9285173789845559,-0.6332041167435584,1,0,0,0
-0.739936440283857,-0.12511051672947443,0.2582509587006604,-0.9238608084275489,0,0,0,1
0.0024760820717846127,0.6474320940159843,0.6580170022271264,0.09926531555782665,0,0,0,1
-0.7443744314507993,-0.12511051672947443,-0.033793695851608,-1.0181967522197213,0,1,0,0
-0.5408608365095859,-0.45620020704895675,-0.9601976410297064,-0.8178694584525599,0,0,1,0
-0.12368966681700494,-0.45620020704895675,-0.41680307887097684,-0.22745028900425324,0,0,1,0
-0.3170592819480645,-0.23547374683596853,0.17207384752130256,-0.2289072147771053,0,1,0,0
-0.585874746917144,-0.5665634371554509,-0.4718606776800112,-0.6332041167435584,0,1,0,0
-0.5934827317747594,-0.12511051672947443,-0.33541358497936125,-0.2340064549820876,0,1,0,0
-0.7976303254541075,-0.5665634371554509,-0.6944848815600192,-0.7147919600232749,0,0,1,0
-0.2542934068727371,-0.3458369769424627,-0.6154891963122744,-0.14331282562204534,0,0,1,0
-0.41596308509706537,-0.676926667261945,-0.19657268363484007,-0.34436858227563266,0,1,0,0
-0.05648580057473516,-0.45620020704895675,-0.8572638693432508,0.08979529803428793,0,0,1,0
-0.343053230211584,-0.5665634371554509,-0.08885129466064236,-0.5960525095358302,0,1,0,0
-0.7652963898092419,-0.014747286622980312,1.8788594106013643,-0.5898605750012088,1,0,0,0
-0.8559582093624927,-0.5665634371554509,-0.38328975785678215,-0.9959786341837271,0,0,1,0
1.226093646671604,0.316342403696502,0.7058931751045479,0.26244100211725985,0,0,0,1
1.853752397424879,-0.3458369769424627,-0.7639053322322799,1.7925772950551604,0,0,1,0
0.18633571613082495,-0.3458369769424627,-0.4144092702271059,0.28648027736931914,0,1,0,0
-1.0677137878994563,-0.014747286622980312,-0.24444885651226098,-1.0779307089066568,0,1,0,0
-0.6137706913950672,-0.23547374683596853,-0.01703703534451097,-0.7355531522864172,0,1,0,0
-1.1380876478323991,2.192517315506902,0.6795612800219659,-0.7876382486658791,1,0,0,0
1.4670131671627598,-0.23547374683596853,-0.3569578627742007,1.0284197271942426,0,1,0,0
-0.28789533999387185,-0.5665634371554509,-1.0080738139071272,-0.5698278456244927,0,0,1,0
-0.3912371343098151,-0.676926667261945,-0.7303920112180852,-0.5698278456244927,0,0,1,0
0.3822413262144229,2.6339702359328783,2.628121516133005,1.5893361497422949,1,0,0,0
-0.4609769955046235,-0.5665634371554509,-0.4359535480219453,-0.3301635559903251,0,1,0,0
-1.0417198396359366,0.7577953241224785,0.45933088478582895,-0.9020069218347676,0,0,0,1
0.29474950035184505,1.6407011649744314,1.828589429080072,0.8728929009422829,1,0,0,0
0.7309406321884645,1.6407011649744314,2.1661164478658907,1.204707745709345,1,0,0,0
0.25861157227817183,-0.45620020704895675,-0.7567239063006665,0.36224041755762765,0,0,1,0
-0.6968245260907027,-0.12511051672947443,0.2654323846322738,-0.33562702763852037,0,0,0,1
-0.418499080049604,-0.3458369769424627,-0.3593516714180717,-0.2879127085776146,0,0,1,0
-1.0753217727570716,-0.5665634371554509,-0.7256043939303429,-1.1260092594107753,0,0,1,0
-0.842010237123531,-0.12511051672947443,0.24149429819356294,-0.9107484764718802,0,1,0,0
0.4595891722668469,-0.3458369769424627,0.06674626719097629,1.1049083302689768,0,0,0,1
-0.31325528951925685,-0.45620020704895675,-1.0798880732232592,-0.4671145786384209,0,0,1,0
0.7106526725681566,-0.3458369769424627,-1.1349456720322932,0.924613765878532,0,0,1,0
0.48621711926850064,-0.3458369769424627,-1.1445209066077775,0.28174526860755,0,0,1,0
-0.617574683823875,-0.676926667261945,-0.6729406037651797,-0.7198912002282573,0,0,1,0
0.22183964546636367,-0.676926667261945,-1.0679190300039036,0.4139612824938764,0,0,1,0
-0.07170177028996597,-0.12511051672947443,-0.19657268363484007,-0.6044298327297297,0,1,0,0
-0.25746340056341,-0.5665634371554509,-0.5436749369961428,0.013670926402766712,0,0,1,0
2.1568037942532277,-0.45620020704895675,-0.5125554246258192,1.8763505269941552,0,0,1,0
-0.3157912844717953,-0.12511051672947443,-0.10082033787999779,-0.06828114832016297,0,1,0,0
0.13244582338938204,-0.5665634371554509,-0.8261443569729272,0.16191312379046618,0,0,1,0
1.9317342422154375,-0.5665634371554509,-0.6418210913948561,1.0775909720280004,0,0,1,0
2.490287130512039,3.296149616571843,3.2600869981149625,2.0759493578748907,1,0,0,0
-0.28789533999387185,-0.45620020704895675,-0.6442149000387271,-0.20741755962753694,0,0,1,0
0.8983162990560045,-0.5665634371554509,-0.5436749369961428,0.33601575364629016,0,0,1,0
0.3822413262144229,-0.014747286622980312,-0.251630282443874,0.06284217123652458,0,1,0,0
0.0354440164547849,-0.676926667261945,-1.0248304744142247,-0.7737974538237843,0,0,1,0
1.4308752390890864,0.5370688639094903,-0.12715223296257927,1.1773903874683682,0,0,0,1
0.3594173716415766,-0.014747286622980312,0.02126390295742594,0.2868445088125323,0,0,0,1
-1.0803937626621485,-0.5665634371554509,-0.9601976410297064,-1.1201815563193671,0,0,1,0
1.3389454220595667,0.42670563380299614,1.1702920520155324,2.1214782882765184,1,0,0,0
-0.25239141065833315,-0.5665634371554509,-0.5724006407225954,-0.5130077404832614,0,0,1,0
0.5958989009657905,-0.676926667261945,-0.3210507331161348,0.6215732051252983,0,0,1,0
-0.3221312718531414,-0.3458369769424627,-0.04815654771483444,-0.3804274951537218,0,1,0,0
-0.0672637791230236,-0.45620020704895675,-0.6130953876684034,-0.43688336885174023,0,0,1,0
-0.9098481021039354,-0.12511051672947443,0.028445328889039372,-1.2476625614439245,0,1,0,0
2.4427372251519426,0.42670563380299614,0.08350292769807331,3.065201957641455,0,0,0,1
0.6631027672080599,-0.45620020704895675,-0.9362595545909957,0.6864064020172161,0,0,1,0
-0.5884107418696825,-0.3458369769424627,0.006901051094199916,-0.7413808553778255,0,1,0,0
0.06967994831405462,-0.45620020704895675,0.9093669098335874,0.2901225918014494,0,0,0,1
-0.35383120875987245,-0.5665634371554509,-0.8668391039187351,-0.5709205399541317,0,0,1,0
0.4202812505025001,-0.676926667261945,-1.1780342276219724,-0.23619184364136556,0,0,1,0
-1.1254076730697067,-0.5665634371554509,-0.6418210913948561,-0.8018432749511869,0,0,1,0
0.27509553946967186,-0.5665634371554509,-0.5412811283522718,0.33091651344130785,0,0,1,0
-1.2667893916737274,-0.3458369769424627,-1.0607376040722907,-1.2294509892832735,0,0,1,0
-0.625816667419625,-0.5665634371554509,0.10983482278065519,-0.9311454372918093,0,1,0,0
-0.5059909059121817,-0.5665634371554509,-0.3904711837883952,-0.6186348590150376,0,0,1,0
0.37590133883307664,-0.676926667261945,-0.5484625542838848,0.2598913820147687,0,0,1,0
-0.48443494881560456,-0.23547374683596853,0.4401804156348605,-0.6488660688017182,0,1,0,0
0.03417601897851568,-0.45620020704895675,0.4976318230877659,0.4518413525880308,0,0,0,1
-0.3208632743768722,-0.45620020704895675,-0.8764143384942193,-0.3552955255720235,0,0,1,0
1.0783719406862373,2.523607005826384,1.4886686016503825,1.0484524565709588,1,0,0,0
-0.57573076710699,0.09561594348351381,0.21755621175485249,-0.4081090848379113,0,0,0,1
-0.23273744977615973,0.9785217843354668,0.9787873605058478,0.3025064608706922,1,0,0,0
1.0530119911608524,-0.23547374683596853,2.0583950588916933,1.8814497671991375,1,0,0,0
-0.36270719109375715,0.20597917359000792,-0.09603272059225579,0.06539179133901572,0,0,0,1
-1.0423538383740711,-0.45620020704895675,-0.7662991408761508,-1.0378652501532244,0,0,1,0
-0.7583224036897609,3.0754231563588545,2.4031035036091257,-0.7931017203140744,1,0,0,0
-0.24795341949139077,0.8681585542289726,2.2331430898942806,-0.25039686992667337,1,0,0,0
1.086613924281987,-0.014747286622980312,-0.4957987641187217,0.9486530411305912,0,1,0,0
-0.9504240213445513,-0.12511051672947443,0.3276714093729212,-1.0327660099482423,0,1,0,0
-0.9783199658224746,-0.3458369769424627,-0.6083077703806612,-1.1063407614772722,0,0,1,0
0.21232966439434442,0.316342403696502,1.067358280329077,0.43253708609774066,0,0,0,1
0.3112334675433453,-0.45620020704895675,-0.6130953876684034,-0.1232800962453293,0,0,1,0
-1.0797597639240142,-0.5665634371554509,-0.20614791821032408,-0.9027353847211936,0,0,1,0
2.218301671852286,-0.3458369769424627,-0.7016663074916325,2.091247078489837,0,0,1,0
-0.40645310402504614,-0.676926667261945,-0.9530162150980932,-0.36986478330054423,0,0,1,0
0.2548075798493639,-0.23547374683596853,-0.0625193995780609,0.4063124221864032,0,1,0,0
1.1157778662361797,-0.676926667261945,0.02365771160129694,0.9162364426846323,0,1,0,0
0.24783359372988314,-0.12511051672947443,0.669986045446482,0.33492305931665106,0,0,0,1
-1.0119218989436094,-0.45620020704895675,0.08350292769807331,-0.9242250398707619,0,1,0,0
-0.309451297090449,-0.676926667261945,0.23670668090582095,-0.07046653697944118,0,0,0,1
-0.48950693872068146,-0.5665634371554509,0.16010480430194712,-0.13639242820099803,0,1,0,0
-0.9967059292283786,-0.45620020704895675,-0.7615115235884088,-0.7555858816631333,0,0,1,0
0.6979726978054644,-0.5665634371554509,-0.5340997024206586,-0.032222235442074094,0,0,1,0
1.4999811015457603,-0.676926667261945,-0.9625914496735773,0.42525245723348015,0,0,1,0
0.628232836610656,-0.12511051672947443,-0.6226706222438876,0.6969691138703937,0,1,0,0
-0.9840259544656862,-0.23547374683596853,-0.16305936262064516,-1.029487926959325,0,0,0,1
-1.1831015582399573,-0.3458369769424627,-1.3623574932000435,-1.0884934207598342,0,0,1,0
0.2034536820604597,-0.45620020704895675,-0.14151508482580571,-0.09049926635615722,0,0,1,0
0.6275988378725215,-0.45620020704895675,-0.02182465263225298,0.22091861759097547,0,0,1,0
0.9934161097761978,-0.5665634371554509,-0.2899312207458109,0.20598512841924174,0,0,1,0
0.048123991217477506,-0.5665634371554509,-0.5436749369961428,0.08360336349966677,0,0,1,0
2.298819511595384,-0.12511051672947443,0.30133951429033934,2.985799503021016,0,0,0,1
1.441653217637375,-0.676926667261945,-1.3623574932000435,1.0801405921304916,0,0,1,0
-0.08818573748146623,-0.676926667261945,-0.2109355354980661,-0.2992038833172183,0,1,0,0
-0.3373472415683724,-0.45620020704895675,-1.3623574932000435,-0.3425474250595677,0,0,1,0
-0.2701433753261026,-0.45620020704895675,-0.0673070168658029,-0.08102924883261875,0,0,0,1
-0.41469508762079615,-0.3458369769424627,-0.014643226700639542,-0.7818105455744708,0,1,0,0
-0.8458142295523388,0.20597917359000792,0.9859687864374612,-0.5425104873835161,0,0,0,1
-0.9713459797029937,-0.5665634371554509,-0.13193985025032126,-0.7351889208432042,0,1,0,0
-0.6911185374474912,-0.676926667261945,-1.084675690511001,-0.9460789264635432,0,0,1,0
-0.44195703336058484,-0.676926667261945,-0.7160291593548587,-0.5672782255220016,0,0,1,0
2.69760471788206,-0.5665634371554509,-0.9027462335768011,1.7619818538252667,0,0,1,0
-1.123505676855303,-0.5665634371554509,-0.9218967027277695,-1.0608118310756447,0,0,1,0
0.44500720128975035,-0.014747286622980312,-0.2827497948141979,-0.1943052276718682,0,1,0,0
-0.5059909059121817,-0.45620020704895675,-0.687303455628406,-0.6871103703390854,0,0,1,0
0.18633571613082495,-0.45620020704895675,-0.6298520481755009,0.32945958766845584,0,0,1,0
0.9547421867499859,-0.3458369769424627,-0.905140042220672,0.5028337546378536,0,0,1,0
2.118129871227016,-0.5665634371554509,0.32288379208517876,2.1167432795147487,0,1,0,0
-0.7202824794016837,-0.676926667261945,-0.9410471718787379,-1.0262098439704077,0,0,1,0
-1.032843857302052,-0.12511051672947443,0.2678261932761448,-0.9479000836796083,0,1,0,0
-0.34051723525904554,1.309611474654949,2.6353029420646177,0.035524812995548015,1,0,0,0
-0.18708954063046707,-0.45620020704895675,-0.9530162150980932,-0.28973386579367955,0,0,1,0
-0.5649527885587015,3.9583289972108076,2.053607441603951,-0.0806650173894058,1,0,0,0
0.2313496265383829,-0.45620020704895675,-0.47425448632388223,0.472602544851173,0,0,1,0
-0.8844881525785506,-0.5665634371554509,-0.3785021405690402,-0.7818105455744708,0,0,1,0
-0.5693907797256438,-0.3458369769424627,-0.5125554246258192,-0.6550580033363396,0,1,0,0
2.0160560743873424,-0.12511051672947443,0.5215699095264763,0.9082233509339459,0,0,0,1
-1.0918057399485717,-0.676926667261945,-0.4239845048025901,-0.9759459048070109,0,0,1,0
1.103731890211622,2.192517315506902,1.4024914904710248,1.3715257467009083,1,0,0,0
-0.48380095007746987,-0.3458369769424627,-0.2851436034580689,-0.5720132342837708,0,0,1,0
0.20281968332232497,-0.5665634371554509,-0.25881170837548745,-0.1768221183976433,0,1,0,0
0.5692709539641362,-0.3458369769424627,-0.6753344124090508,0.7202799262360268,0,0,1,0
-0.3462232239022571,-0.676926667261945,-0.8285381656167982,-0.7016796280676062,0,0,1,0
-1.1279436680222452,-0.3458369769424627,-0.9841357274684168,-1.2363713867043207,0,0,1,0
2.4725351658442696,-0.676926667261945,-0.41919688751484785,1.2200054663242919,0,0,1,0
0.13561581708005518,0.6474320940159843,-0.30190026396516634,0.40230587631105996,0,0,0,1
0.26241556470697947,-0.45620020704895675,-0.4359535480219453,0.27191101964079833,0,0,1,0
0.6827567280902334,-0.3458369769424627,-0.5149492332696901,0.65071172058234,0,1,0,0
-0.28789533999387185,-0.5665634371554509,-0.4239845048025901,-0.8226044672143291,0,0,1,0
4.27943156952794,-0.676926667261945,0.48805658851228184,4.0795865269897185,0,1,0,0
0.6035068858234057,-0.45620020704895675,-0.773480566807764,0.561110785551937,0,0,1,0
-0.8920961374361661,-0.5665634371554509,-0.6944848815600192,-1.081208791895574,0,0,1,0
1.8829163393790715,-0.3458369769424627,-0.639427282750985,1.3773534497923166,0,0,1,0
-0.11925167565006257,3.7376025369978194,2.4916744234323547,0.7545176818980511,1,0,0,0
2.43005725038925,-0.676926667261945,-1.254636104225846,1.7106252203322307,0,0,1,0
-0.18899153684487102,-0.3458369769424627,-0.25641789973161644,-0.6699914925080734,0,1,0,0
-1.0353798522545905,2.192517315506902,2.599395812406552,-0.6612499378709609,1,0,0,0
-0.5294488592231628,-0.3458369769424627,0.1792552734529156,-0.4740349760594682,0,0,0,1
1.013070070658371,0.5370688639094903,0.05238341532774984,0.5414422876184337,0,0,0,1
-0.3519292125454687,-0.5665634371554509,0.27740142785162886,-0.4740349760594682,0,1,0,0
-1.0150918926342825,-0.3458369769424627,-0.3761083319251692,-1.1402142856960833,0,0,1,0
-0.3608051948793535,-0.014747286622980312,-0.6729406037651797,-0.2740719137355197,0,1,0,0
-0.30184331223283367,-0.45620020704895675,0.07392769312258929,-0.14914052871345354,0,1,0,0
0.5084070751032125,-0.3458369769424627,-0.6920910729161482,0.6197520479092333,0,0,1,0
-0.5801687582739324,-0.5665634371554509,-0.4981925727625927,-0.1666236379876787,0,0,1,0
1.7605545829190896,-0.5665634371554509,-1.2402732523626196,1.9043963481215576,0,0,1,0
-0.19596552296435182,0.316342403696502,3.154759417784637,-0.2299999091067444,1,0,0,0
-1.1273096692841107,0.5370688639094903,0.48566277986841083,-0.942800843474626,0,0,0,1
0.33659341706873,0.20597917359000792,1.8429522809432988,0.996367360191497,1,0,0,0
-0.8350362510040502,-0.676926667261945,-1.0966447337303564,-1.0604475996324318,0,0,1,0
2.1726537627065934,-0.3458369769424627,-0.687303455628406,1.118749125111072,0,0,1,0
-0.43181305355043087,0.5370688639094903,2.7956881212039786,0.250057133048017,1,0,0,0
2.9239422673961193,1.9717908552939136,2.0009436514387886,3.561649414740803,1,0,0,0
-0.9986079254427824,-0.3458369769424627,-0.11518318974322382,-0.9180331053361406,0,1,0,0
2.5162810787755583,-0.3458369769424627,-1.17324661033423,2.6252103742401265,0,0,1,0
-0.5852407481790094,-0.5665634371554509,-0.41680307887097684,-0.46529342142235575,0,0,1,0
-0.6993605210432412,-0.45620020704895675,-0.8117815051097009,-0.504266185846149,0,0,1,0
-0.5598807986536244,3.5168760767848313,1.3570091262374744,-0.10579698697110415,1,0,0,0
0.3695613514517306,-0.3458369769424627,-1.0751004559355168,0.7373988040670393,0,0,1,0
-0.1813835519872555,-0.676926667261945,-0.5795820666542087,-0.6962161564194109,0,0,1,0
0.9509381943211784,-0.3458369769424627,-0.07688225144128734,0.8790848354769043,0,0,0,1
-0.1744095658677747,3.406512846678337,2.3935282690336415,0.29267221190394055,1,0,0,0
2.148561810657478,-0.5665634371554509,-0.30908168989677937,0.9712353906097981,0,1,0,0
0.2636835621832487,-0.3458369769424627,-1.0966447337303564,0.22783901501202278,0,0,1,0
-0.19533152422621708,-0.3458369769424627,0.40906090326453703,0.06575602278222868,0,1,0,0
0.5565909792014436,-0.5665634371554509,-0.01703703534451097,0.4449209551669832,0,0,0,1
-0.7494464213558762,0.09561594348351381,0.4377866069909895,-0.7388312352753343,0,0,0,1
5.297633542972142,1.0888850144419608,2.453373485130418,7.051715103607968,1,0,0,0
-0.7576884049516263,-0.676926667261945,-0.8213567396851852,-0.7595924275384764,0,0,1,0
-1.2845413563414967,-0.3458369769424627,-0.8668391039187351,-1.347097745441079,0,0,1,0
1.0694959583523524,-0.676926667261945,-0.6920910729161482,0.03989559031410417,0,1,0,0
-0.7659303885473764,2.302880545613396,1.3187081879355376,-0.6568791605524046,1,0,0,0
0.31059946880521055,-0.45620020704895675,-0.7447548630813113,0.6365066942970323,0,0,1,0
0.05002598743188121,-0.3458369769424627,-0.08885129466064236,-0.5060873430622141,0,1,0,0
-0.7500804200940109,2.302880545613396,2.52758155309042,-0.1695374895333828,1,0,0,0
-0.6048947090611826,-0.3458369769424627,-0.6609715605458245,-0.7865455543362401,0,0,1,0
1.8696023658782446,-0.45620020704895675,-0.9554100237419642,1.1813969333437115,0,0,1,0
-0.5345208491282396,-0.676926667261945,-0.9769543015368036,-0.6160852389125464,0,0,1,0
1.118947859926853,0.6474320940159843,-0.0625193995780609,0.5407138247320078,0,0,0,1
-1.235723453505131,-0.3458369769424627,-0.13433365889419227,-1.2829930114355874,0,0,1,0
-0.8768801677209351,-0.45620020704895675,-1.2833618079522986,-0.7799893883584057,0,0,1,0
2.0281020504119,-0.014747286622980312,0.6053532120619636,3.7426724420176742,1,0,0,0
-0.3804591557615266,-0.45620020704895675,0.5191761008826054,-0.17208710963587395,0,0,0,1
0.08045792686234307,-0.676926667261945,-0.22051077007355052,0.09052376092071408,0,0,1,0
0.5001650915074622,3.0754231563588545,2.0033374600826592,1.5015563719279565,1,0,0,0
0.31630545744842214,-0.3458369769424627,-0.7974186532464745,0.5764085061668837,0,0,1,0
0.6757827419707526,-0.676926667261945,-0.9530162150980932,0.030061341347352492,0,0,1,0
-1.207193510289073,-0.45620020704895675,-0.5364935110645296,-0.9548204811006558,0,1,0,0
-1.0125558976817441,-0.676926667261945,-0.15827174533290317,-1.1227311764218584,0,1,0,0
0.43739921643213486,3.406512846678337,2.3600149480194466,1.40066426215795,1,0,0,0
2.2950155191665758,-0.45620020704895675,-0.7423610544374404,1.6563547352934904,0,0,1,0
0.03290802150224646,-0.3458369769424627,-0.3713207146374267,0.13860231142483284,0,1,0,0
1.770698562729244,1.0888850144419608,1.5652704782542564,2.344023700079674,1,0,0,0
0.4133072643830193,-0.5665634371554509,-0.7303920112180852,0.5024695231946407,0,1,0,0
0.19964968963165183,-0.014747286622980312,0.09786577956129976,-0.08321463749189696,0,0,0,1
-0.8312322585752424,-0.676926667261945,-0.5077678073380769,-0.8025717378376129,0,1,0,0
-0.8445462320760695,0.09561594348351381,1.59638999062458,-0.46929996729769896,1,0,0,0
-0.19596552296435182,-0.676926667261945,-0.47904210361162425,-0.21870873436714067,0,0,1,0
0.8964143028416006,-0.23547374683596853,2.642484367996231,0.8401120710531108,1,0,0,0
-0.7938263330252997,-0.3458369769424627,-0.8764143384942193,-0.5734701600566229,0,0,1,0
0.8520343911721774,-0.676926667261945,-0.4024402270077506,0.9708711591665855,0,0,1,0
2.596164919780521,-0.3458369769424627,-0.6442149000387271,1.0914317668700955,0,0,1,0
-0.18645554189233257,-0.5665634371554509,-1.0176490484826115,-0.28973386579367955,0,0,1,0
1.4625751759958174,-0.5665634371554509,0.5119946749509923,0.9074948880475195,0,1,0,0
1.278081543198643,2.7443334660393726,1.7878946821342645,1.6133754249943542,1,0,0,0
0.5705389514404057,-0.676926667261945,-1.0439809435651932,0.7363061097374002,0,0,1,0
-0.343053230211584,-0.3458369769424627,0.6628046195148689,-0.11344584727857762,0,0,0,1
0.9921481122999287,2.192517315506902,2.4749177629252572,2.138961397550743,1,0,0,0
0.643448806325887,-0.12511051672947443,-0.08645748601677135,0.3964781732196515,0,1,0,0
-0.055851801836600434,0.316342403696502,1.7136866141742622,0.051186765053707894,1,0,0,0
0.8437924075764272,0.5370688639094903,0.45933088478582895,0.8412047653827499,0,0,0,1
-0.5250108680562204,-0.5665634371554509,-0.5747944493664665,-0.7941944146437135,0,0,1,0
-0.453369010647008,1.7510643950809255,2.807657164423334,-0.0351360869877782,1,0,0,0
-0.9180900856996856,-0.676926667261945,-0.7998124618903457,-1.1555120063110302,0,0,1,0
0.9940501085143327,-0.12511051672947443,0.634078915788416,1.1402387802606397,0,0,0,1
-1.1133616970451488,-0.3458369769424627,-1.1469147152516486,-0.978131293466289,0,0,1,0
0.2605135684925755,-0.3458369769424627,-0.5891573012296928,0.012942463516340557,0,0,1,0
0.5730749463929441,0.42670563380299614,0.3587909217432447,0.703889511291441,0,0,0,1
0.4811451293634238,0.8681585542289726,1.2947701014968271,1.213085068903244,1,0,0,0
-0.8508862194574157,-0.676926667261945,-0.8644452952748641,-0.8757822579234302,0,0,1,0
0.5065050788888086,-0.676926667261945,-0.30668788125290836,0.33820114230556814,0,0,1,0
1.1664977652869497,-0.45620020704895675,-0.7543300976567956,0.5301511128788302,0,0,1,0
-0.47302297152918144,-0.014747286622980312,-0.44074116530968754,-0.5141004348129006,0,1,0,0
-0.5034549109596432,1.309611474654949,2.1996297688800857,-0.1637097864419746,1,0,0,0
-0.5662207860349707,1.8614276251874196,1.6849609104478092,-0.2835419312590584,1,0,0,0
-0.7982643241922421,-0.5665634371554509,-0.8524762520555089,-0.7555858816631333,0,0,1,0
0.06967994831405462,-0.12511051672947443,0.24628191548130537,0.020955555267026974,0,1,0,0
0.36575735902292267,0.5370688639094903,-0.033793695851608,0.8798132983633302,0,0,0,1
0.5654669615353283,2.7443334660393726,1.1774734779471454,1.3041429297064993,1,0,0,0
1.6832067368666659,0.8681585542289726,2.5587010654607436,3.4491018987879793,1,0,0,0
-0.3297392567107569,-0.014747286622980312,0.16249861294581813,-0.21178833694609334,0,1,0,0
3.3068775052294312,-0.12511051672947443,0.1792552734529156,3.0597384859932606,0,1,0,0
2.1067178939405933,-0.45620020704895675,-1.1923970794851986,2.2842897433927387,0,0,1,0
-0.9054101109369931,-0.3458369769424627,-0.6681529864774376,-0.6335683481867714,0,0,1,0
-0.3804591557615266,-0.5665634371554509,-0.5029801900503349,-0.44526069204563956,0,0,1,0
-0.46731698288596984,-0.014747286622980312,-0.11757699838709525,-0.4678430415248469,0,1,0,0
-0.2885293387320066,-0.23547374683596853,0.4521494588542159,-0.18010020138656038,0,0,0,1
-0.6898505399712218,-0.3458369769424627,-0.9434409805226089,-0.730453912081435,0,0,1,0
-0.3208632743768722,-0.45620020704895675,-0.5340997024206586,-0.5687351512948536,0,0,1,0
0.8463284025289656,-0.3458369769424627,-0.15587793668903216,0.4518413525880308,0,0,1,0
0.008182070714996196,-0.45620020704895675,-0.684909646984535,-0.1615243977826964,0,0,1,0
-1.2636193979830541,1.4199747047614433,1.8908284538207196,-1.0881291893166212,1,0,0,0
1.9906961248619575,-0.5665634371554509,0.19122431667227102,1.8501258630828177,0,1,0,0
0.5198190523896357,-0.676926667261945,-0.7160291593548587,0.3647900376601188,0,0,1,0
0.1165958549360165,-0.23547374683596853,0.20079955124775503,0.23148132944415303,0,1,0,0
-0.8851221513166851,-0.23547374683596853,2.5634886827484857,-0.6769118899291208,1,0,0,0
0.8076544795027537,-0.12511051672947443,0.17686146480904458,0.41468974538030257,0,1,0,0
3.5351170509578944,-0.3458369769424627,-0.7327858198619561,1.414140825556832,0,0,1,0
-0.10466970467296625,-0.5665634371554509,-0.6777282210529217,-0.5436031817131551,0,0,1,0
-0.8496182219811464,-0.23547374683596853,-0.14869651075741872,-0.8109490610315124,0,1,0,0
-0.10593770214923547,-0.676926667261945,-0.639427282750985,-0.6546937718931265,0,0,1,0
1.2565255861020654,-0.676926667261945,-1.1157952028813247,1.5875149925262295,0,0,1,0
-0.784950350691415,1.4199747047614433,2.091908379905888,-0.48204806781015475,1,0,0,0
-0.16553358353388997,-0.23547374683596853,0.23191906361807893,-0.02639453235066563,0,1,0,0
-0.12622566176954336,0.42670563380299614,0.7992517122155187,0.07996104906753651,0,0,0,1
-0.43878703966991167,-0.45620020704895675,0.3396404525922762,-0.4649291899791427,0,0,0,1
-0.7462764276652032,-0.12511051672947443,0.4282113724155055,-0.7530362615606422,0,0,0,1
-1.3504772251074975,-0.45620020704895675,-0.9578038323858351,-1.1220027135354322,0,0,1,0
0.5134790650082893,-0.5665634371554509,-0.9578038323858351,0.007478991868145296,0,0,1,0
0.8672503608874084,-0.014747286622980312,0.20798097717936848,0.6561751922305354,0,0,0,1
-0.8058723090498575,0.6474320940159843,0.7106807923922899,-0.8156840697932818,0,0,0,1
-0.7532504137846839,-0.5665634371554509,-0.9601976410297064,-0.8553852971035011,0,0,1,0
-0.7887543431202227,-0.676926667261945,0.4736937366490554,-0.9209469568818447,0,1,0,0
0.03227402276411197,-0.676926667261945,-0.19417887499096864,0.0777756604082583,0,0,0,1
-0.7412044377601261,3.627239306891325,1.9434922439858826,-0.5723774657269839,1,0,0,0
0.5939969047513864,1.5303379348679373,2.065576484823307,1.7896634435094565,1,0,0,0
-0.4850689475537391,-0.45620020704895675,-0.7375734371496981,-0.768333982175589,0,0,1,0
-0.7735383734049919,1.309611474654949,1.5748457128297404,-0.3297993245471119,1,0,0,0
-1.0207978812774943,-0.5665634371554509,-1.2474546782942328,-1.2469340985574984,0,0,1,0
-0.3506612150691995,3.5168760767848313,2.6688162630788126,0.10582148153566102,1,0,0,0
-0.7221844756160876,-0.3458369769424627,0.16010480430194712,-0.5687351512948536,0,1,0,0
0.37273134514240347,-0.45620020704895675,-0.33541358497936125,0.47515216495366414,0,0,1,0
1.202635693360623,-0.5665634371554509,-0.7136353507109877,0.5760442747236708,0,0,1,0
-1.1995855254314576,-0.5665634371554509,-0.5508563629277561,-0.9387942975992828,0,0,1,0
-0.7095045008533951,-0.5665634371554509,-0.9338657459471247,-0.7224408203307484,0,0,1,0
-0.12242166934073573,-0.5665634371554509,-0.7974186532464745,-0.17390826685193897,0,0,1,0
0.41267326564488477,-0.45620020704895675,-0.8907771903574457,-0.01364643183820985,0,0,1,0
-1.1101917033544757,0.8681585542289726,2.204417386167828,-0.9406154548153479,1,0,0,0
-0.023517866191734873,-0.23547374683596853,-0.32823215904774783,-0.05298342770521604,0,1,0,0
-1.2693253866262657,-0.3458369769424627,0.45454326749808693,-1.3183234614272503,0,0,0,1
0.27699753568407576,-0.5665634371554509,-0.7830558013832483,0.035160581552334806,0,0,1,0
0.10264788269705491,-0.45620020704895675,0.4377866069909895,-0.3815201894833609,0,0,0,1
2.397723314744384,-0.5665634371554509,0.06674626719097629,1.111828727690024,0,0,1,0
-0.022249868715465658,-0.676926667261945,0.45933088478582895,-0.14804783438381472,0,0,0,1
-1.330823264225324,-0.5665634371554509,-0.5293120851329164,-1.431235208823287,0,0,1,0
0.5559569804633091,0.7577953241224785,1.6538413980774858,1.4826163368808796,1,0,0,0
-0.5516388150578744,-0.676926667261945,-0.036187504495479424,-0.33380587042245513,0,0,0,1
0.10645187512586256,-0.3458369769424627,-0.6370334741071139,-0.09559850656113954,0,0,1,0
-0.445127027051258,-0.676926667261945,-0.596338727161306,-0.6503229945745702,0,0,1,0
-0.28662734251760263,-0.676926667261945,0.24149429819356294,-0.5516162734638417,0,0,0,1
-0.8673701866489159,-0.23547374683596853,1.0960839840555294,-1.010912123355461,0,0,0,1
-0.6917525361856257,-0.676926667261945,0.3755475822503421,-0.2824492369294193,0,1,0,0
0.48431512305409674,-0.3458369769424627,-1.0966447337303564,0.3134334041670827,0,0,1,0
-0.36714518226069953,-0.5665634371554509,-0.6083077703806612,-0.11381007872179057,0,0,1,0
-0.8439122333379349,3.5168760767848313,2.271444028196217,-0.23109260343638324,1,0,0,0
-0.10403570593483176,-0.676926667261945,-0.7567239063006665,-0.19394099622865527,0,0,1,0
3.85275041876334,-0.5665634371554509,-0.6490025173264691,3.681117328114674,0,0,1,0
-0.813480293907473,3.8479657671043137,1.761562787051683,-0.17609365551121717,1,0,0,0
0.36385536280851877,-0.676926667261945,-1.0870694991548722,0.10764263875172601,0,0,1,0
-0.6372286447060483,-0.676926667261945,0.23670668090582095,-0.6182706275718245,0,1,0,0
0.11342586124534335,-0.3458369769424627,-0.20375410956645307,0.029332878460926595,0,0,1,0
-0.6682945828746447,-0.12511051672947443,-0.1774222144838716,-0.6568791605524046,0,1,0,0
-0.5440308302002589,0.42670563380299614,2.11824027498847,-0.8211475414414771,1,0,0,0
-0.44322503083685405,-0.45620020704895675,-0.7112415420671166,-0.7060504053861625,0,0,1,0
-0.6701965790890486,-0.5665634371554509,-1.0583437954284196,-0.6750907327130556,0,0,1,0
-0.2485874182295253,-0.5665634371554509,-0.47904210361162425,-0.523206220893226,0,0,1,0
-0.9814899595131478,2.41324377571989,1.605965225200064,-0.5465170332588594,1,0,0,0
1.2286296416241422,3.296149616571843,1.7256556573936166,1.1446095575791961,1,0,0,0
-0.10276770845856255,0.09561594348351381,0.25106953276904737,0.09999377844425256,0,0,0,1
-0.7310604579499722,-0.45620020704895675,-0.20375410956645307,-0.8291606331921635,0,0,1,0
0.762006570357061,-0.676926667261945,0.1481357610825921,0.4667748417597645,0,1,0,0
1.9209562636671489,-0.014747286622980312,-0.2109355354980661,1.4501997384349208,0,1,0,0
2.088331930534689,-0.23547374683596853,-0.2899312207458109,1.6567189667367035,0,1,0,0
-1.0296738636113791,0.7577953241224785,0.09786577956129976,-0.9176688738929275,0,0,0,1
-1.2953193348897853,-0.45620020704895675,-0.6585777519019533,-1.431235208823287,0,0,1,0
-0.7697343809761842,-0.3458369769424627,-0.9554100237419642,-1.1373004341503792,0,0,1,0
-1.0315758598257827,1.309611474654949,2.120634083632341,-0.7315466064110739,1,0,0,0
-0.7209164781398183,-0.3458369769424627,-0.3713207146374267,-0.6157210074693333,0,0,1,0
1.3687433627518937,-0.3458369769424627,0.08589673634194474,0.968321539064094,0,1,0,0
0.8888063179839854,-0.676926667261945,-0.46467925174839797,1.0167643210114257,0,0,1,0
-0.7037985122101835,-0.676926667261945,-0.7112415420671166,-1.010547891912248,0,0,1,0
-0.47999695764866224,-0.5665634371554509,-0.4383473566658163,-0.6568791605524046,0,0,1,0
0.3327894246399224,0.5370688639094903,-0.4957987641187217,0.5079329948428359,0,0,0,1
-0.5135988907697973,-0.676926667261945,-0.2779621775264559,-0.6328398853003452,0,1,0,0
-0.10213370972042782,-0.23547374683596853,-0.007461800769026531,0.07850412329468445,0,1,0,0
0.8685183583636774,-0.45620020704895675,-1.0487685608529353,0.8379266823938326,0,0,1,0
-1.2059255128128037,-0.23547374683596853,0.03323294617678138,-1.1478631460035567,0,0,0,1
0.5641989640590593,2.7443334660393726,2.4988558493639674,1.8850920816312675,1,0,0,0
1.0923199129251988,-0.45620020704895675,-0.907533850864543,1.3332814451635413,0,0,1,0
-1.2769333714838813,-0.3458369769424627,-0.16784697990838718,-1.431235208823287,0,1,0,0
0.03417601897851568,0.6474320940159843,0.7011055578168054,0.2923079804607276,0,0,0,1
-0.8001663204066459,-0.676926667261945,0.05477722397162084,-1.1074334558069114,0,1,0,0
1.8575563898536869,-0.5665634371554509,-0.8812019557819616,1.9808849511962923,0,0,1,0
-0.08184575010011992,0.6474320940159843,2.48209918885687,0.1174768877184777,1,0,0,0
-0.3043793071853721,-0.5665634371554509,-0.38089594921291114,-0.5647286054195104,0,1,0,0
-1.1342836554035916,-0.676926667261945,0.23670668090582095,-0.9213111883250578,0,0,0,1
-0.2352734447286984,-0.014747286622980312,0.0763215017664603,-0.314137372488952,0,1,0,0
-1.222409480004304,-0.676926667261945,-0.5843696839419508,-1.0702818485991832,0,0,1,0
1.2153156681233153,-0.3458369769424627,-1.122976628812938,1.1548080379891608,0,0,1,0
-0.3043793071853721,-0.676926667261945,-0.6537901346142113,-0.24602609260811723,0,0,1,0
-1.1406236427849379,-0.5665634371554509,-0.2875374121019399,-0.997071328513366,0,1,0,0
-1.448113030780229,-0.23547374683596853,-0.3114754985406504,-1.431235208823287,0,1,0,0
1.6515067999599349,-0.3458369769424627,-1.0200428571264828,0.8463040055877322,0,0,1,0
-0.19533152422621708,2.8546966961458664,1.299557718784569,-0.34764666526455,1,0,0,0
-0.2771173614455834,-0.3458369769424627,-0.7950248446026035,-0.41466525081574596,0,0,1,0
-0.2764833627074487,-0.45620020704895675,-0.9290781286593827,-0.4998954085275927,0,0,1,0
-0.5529068125341435,-0.3458369769424627,-0.1869974490593556,-0.6750907327130556,0,0,0,1
0.1685837514630555,-0.5665634371554509,-0.4263783134464611,-0.5698278456244927,0,0,1,0
1.3826913349908554,-0.676926667261945,-0.4215906961587191,0.5971696984300259,0,0,1,0
-1.0734197765426678,0.42670563380299614,0.66519842815874,-0.9675685816131114,0,0,0,1
-1.448113030780229,-0.45620020704895675,-0.9266843200155115,-1.1751805042445334,0,0,1,0
-1.1228716781171684,-0.5665634371554509,-0.44313497395355855,-1.049156424892828,0,1,0,0
-0.7691003822380494,0.316342403696502,0.12180386600001021,-0.297382726101153,0,0,0,1
0.03417601897851568,-0.3458369769424627,1.153535391508435,0.14042346864089783,0,0,0,1
-0.5040889096977778,-0.5665634371554509,-1.122976628812938,-0.768333982175589,0,0,1,0
1.7960585122546286,-0.3458369769424627,-1.039193326277451,0.7363061097374002,0,0,1,0
-0.7183804831872799,-0.5665634371554509,-0.48382972089936643,-0.6557864662227656,0,1,0,0
-0.6391306409204521,-0.45620020704895675,-0.7662991408761508,-0.6284691079817891,0,0,1,0
-0.5782667620595284,0.316342403696502,1.4407924287729617,-0.625919487879298,1,0,0,0
-0.024785863668004088,-0.12511051672947443,-0.02421846127612398,0.4347224747570186,0,1,0,0
-0.8109442989549345,-0.5665634371554509,-1.204366122704554,-0.8313460218514417,0,0,1,0
3.375983367686105,-0.5665634371554509,-0.4000464183638796,1.9808849511962923,0,0,1,0
-0.11291168826871649,-0.3458369769424627,-0.6490025173264691,-0.49698155698188856,0,0,1,0
0.9236762485813893,-0.5665634371554509,-1.0032861966193853,0.2333024866602183,0,0,1,0
-0.9358420503674549,-0.676926667261945,-0.5484625542838848,-0.7810820826880447,0,1,0,0
-0.3829951507140651,-0.3458369769424627,-0.6011263444490482,-0.539232404394599,0,0,1,0
-0.11988567438819729,2.41324377571989,1.2373186940439218,0.31598302426957386,1,0,0,0
-0.3436872289497185,0.316342403696502,0.5287513354580897,-0.28427039414548433,0,0,0,1
-0.07043377281369675,-0.014747286622980312,0.0428081807522654,-0.45473070956917816,0,1,0,0
0.11532785745974729,-0.45620020704895675,0.20798097717936848,-0.023844912248174473,0,1,0,0
-0.7710023784524535,-0.45620020704895675,-0.9530162150980932,-0.8156840697932818,0,0,1,0
-0.9028741159844547,0.316342403696502,2.046426015672338,-0.7756186110398494,1,0,0,0
0.9927821110380632,3.185786386465349,2.0105188860142724,1.817709264636859,1,0,0,0
2.327349454811441,1.4199747047614433,1.8381646636555569,2.411406517074083,1,0,0,0
-0.22386146744227522,-0.5665634371554509,0.0811091190542023,-0.1378493539738501,0,1,0,0
2.771782570243811,-0.12511051672947443,-0.02900607856386599,1.40066426215795,0,1,0,0
-0.5357888466045089,1.6407011649744314,1.1798672865910163,-0.3960894472118817,1,0,0,0
-0.7887543431202227,-0.3458369769424627,-0.8788081471380905,-1.0054486517072656,0,0,1,0
1.5050530914508373,-0.5665634371554509,0.08350292769807331,0.6113747247153337,0,1,0,0
-0.11291168826871649,2.0821540854004077,1.6873547190916798,0.07012680010078483,1,0,0,0
-0.3829951507140651,-0.45620020704895675,-0.40722784429549264,-0.08904234058330517,0,0,1,0
0.001208084595515397,-0.45620020704895675,-0.9793481101806748,-0.24529762972169106,0,0,1,0
-0.3240332680675453,3.627239306891325,1.6825671018039376,-0.19649061633114642,1,0,0,0
-0.8223562762413578,-0.23547374683596853,0.38991043411356857,-0.9661116558402594,0,1,0,0
0.3442014019263456,-0.5665634371554509,-1.12776424610068,0.1575423464719098,0,0,1,0
1.1411378157615648,0.09561594348351381,0.49523801444389487,1.4542062843102639,0,0,0,1
-0.30057531475656424,2.8546966961458664,2.0751517193987907,0.22164708047740164,1,0,0,0
0.7740525463816187,-0.45620020704895675,-0.5795820666542087,0.2733679454136504,0,0,1,0
-0.9339400541530511,-0.3458369769424627,-0.23726743058064798,-0.9733962847045198,0,0,1,0
0.5920949085369825,-0.676926667261945,-0.9769543015368036,0.3666111948761838,0,0,1,0
-1.2046575153365344,-0.3458369769424627,-0.7854496100271193,-1.3918982129562807,0,0,1,0
-0.393139130524219,-0.3458369769424627,-1.0894633077987432,-0.35238167402631937,0,1,0,0
-0.7602243999041649,-0.676926667261945,0.04520198939613682,-0.5337689327464036,0,1,0,0
3.5179990850282596,-0.676926667261945,-0.4957987641187217,2.3447521629660995,0,0,1,0
0.4627591659575198,-0.3458369769424627,-0.8596576779871221,0.5050191432971316,0,0,1,0
-0.22069147375160209,-0.5665634371554509,-0.8524762520555089,-0.15824631479377907,0,0,1,0
-0.36841317973696874,-0.5665634371554509,-1.1445209066077775,-0.3745997920623136,0,0,1,0
0.5267930385091164,1.9717908552939136,2.798081929847849,0.8940183246486381,1,0,0,0
-1.0582038068274366,-0.45620020704895675,-0.7471486717251824,-0.9500854723388864,0,0,1,0
-0.7786103633100688,0.316342403696502,-0.0026741834812845236,-0.7650558991866718,0,0,0,1
1.021946052992256,-0.45620020704895675,-0.4239845048025901,0.35495578869336714,0,0,1,0
-0.7855843494295497,-0.3458369769424627,0.9309111876284268,-0.42923450854426676,0,0,0,1
-0.7570544062134917,-0.12511051672947443,-0.05294416500257645,-0.7945586460869265,0,0,0,1
-1.1748595746442072,1.5303379348679373,2.4701301456375155,-0.7814463141312578,1,0,0,0
-1.0911717412104371,-0.3458369769424627,-0.08406367737290035,-1.067367997053479,0,1,0,0
-1.1171656894739568,-0.014747286622980312,0.404273285976795,-0.7716120651645062,0,1,0,0
-1.2794693664364196,-0.5665634371554509,-0.459891634460656,-1.3124957583358423,0,0,1,0
2.7324746484794638,-0.3458369769424627,0.13377290921936566,2.5275963474590366,0,1,0,0
-0.5313508554375664,-0.3458369769424627,-0.05533797364644745,-0.6692630296216473,0,0,1,0
1.7770385501105896,-0.5665634371554509,0.2917642797148553,1.1140141163493025,0,1,0,0
3.746238630756724,-0.5665634371554509,-1.03679951763358,2.8823577731485193,0,0,1,0
-0.5212068756274125,-0.5665634371554509,-0.8835957644258325,-0.6783688157019728,0,0,1,0
-0.03175984978748489,-0.5665634371554509,0.33006521801679223,0.18886625058822956,0,0,0,1
0.29538349908997974,0.5370688639094903,-0.46946686903614,0.7115383715989144,0,0,0,1
0.6624687684699254,-0.3458369769424627,-0.4383473566658163,1.1165637364517937,0,0,0,1
-0.06092379174167752,-0.5665634371554509,-1.2139413572800382,-0.06755268543373708,0,0,1,0
0.004378078286188549,1.309611474654949,2.158935021934278,-0.038049938533482305,1,0,0,0
-0.7450084301889339,-0.5665634371554509,-0.15109031940128972,-0.9296885115189573,0,0,1,0
0.2224736442044984,-0.3458369769424627,-0.9171090854400272,0.35277040003408894,0,0,1,0
1.30787948389097,-0.45620020704895675,-0.2923250293896819,1.3493076286649142,0,1,0,0
-0.7551524099990878,-0.45620020704895675,-0.6729406037651797,-0.8561137599899271,0,0,1,0
1.1481118018810457,2.192517315506902,1.8716779846697518,1.2298397152910432,1,0,0,0
-0.7456424289270686,1.6407011649744314,2.371983991238802,-0.20231831942255463,1,0,0,0
1.2882255230087967,0.09561594348351381,0.626897489856803,0.4481990381559005,0,0,0,1
-0.045707822026446486,-0.3458369769424627,0.19601193396001304,-0.32215046423963845,0,1,0,0
0.13561581708005518,-0.5665634371554509,-0.9266843200155115,-0.0813934802758317,0,0,1,0
0.5204530511277702,-0.5665634371554509,-1.1971846967729407,-0.5822117146937354,0,0,1,0
-1.0467918295410135,3.296149616571843,2.7023295840930075,-0.4689357358544859,1,0,0,0
-0.4806309563867967,-0.23547374683596853,-0.09363891194838436,-0.5800263260344573,0,1,0,0
0.1635117615579786,-0.12511051672947443,-0.9386533632348669,-0.09122772924258338,0,1,0,0
-0.9795879632987438,-0.3458369769424627,-0.7495424803690536,-1.0914072723055386,0,0,1,0
1.5931789160515497,-0.45620020704895675,-0.8333257829045404,1.415233519886471,0,0,1,0
-0.5186708806748741,-0.23547374683596853,0.17446765616517357,-0.4627438013198646,0,1,0,0
-0.6898505399712218,-0.12511051672947443,-0.33301977633548985,-0.3072169750679047,0,1,0,0
-1.3796411670616897,-0.23547374683596853,-0.6609715605458245,-1.1274661851836276,0,1,0,0
-0.121787670602601,-0.23547374683596853,-0.7160291593548587,-0.20741755962753694,0,1,0,0
1.510759080094049,-0.676926667261945,-0.5556439802154981,1.754332993517793,0,0,1,0
-0.9751499721318014,2.6339702359328783,1.4982438362258665,-0.7847243971201749,1,0,0,0
1.0225800517303905,1.5303379348679373,2.434223015979449,2.519219024265136,1,0,0,0
-0.6942885311381641,-0.676926667261945,-0.7830558013832483,-0.22052989158320566,0,0,1,0
-0.6873145450186834,-0.5665634371554509,-0.8500824434116379,-0.9799524506823541,0,1,0,0
0.44247120633721193,0.7577953241224785,-0.16305936262064516,0.37171043508116614,0,0,0,1
-0.570658777201913,0.5370688639094903,2.4509796764865466,-0.058811130796624506,1,0,0,0
-1.2718613815788042,0.42670563380299614,0.13137910057549465,-1.082665717668426,0,0,0,1
0.5223550473421741,-0.3458369769424627,-0.4335597393780743,-0.1476836029406015,0,1,0,0
-0.5782667620595284,0.20597917359000792,0.32288379208517876,-0.69730885074905,0,0,0,1
0.14195580446140127,-0.45620020704895675,-1.0104676225509985,-0.2831776998158452,0,0,1,0
0.04241800257426592,0.7577953241224785,0.018870094313554932,-0.22817875189067913,0,0,0,1
-0.5998227191561055,-0.5665634371554509,0.4377866069909895,-0.4802269105940896,0,1,0,0
-0.8984361248175123,-0.23547374683596853,-0.2923250293896819,-0.997071328513366,0,1,0,0
-0.09072173243400465,-0.12511051672947443,0.9572430827110083,-0.3279781673310469,0,0,0,1
-1.3707651847278053,-0.5665634371554509,-0.4024402270077506,-1.3500115969867834,0,0,1,0
-0.25302540939646767,-0.676926667261945,-0.5173430419135612,-0.17791481272728243,0,0,1,0
-0.9028741159844547,-0.23547374683596853,-0.8620514866309931,-0.8896230527655249,0,0,0,1
-0.13700364031783205,-0.45620020704895675,-0.4000464183638796,-0.541053561610664,0,1,0,0
-0.9440840339632051,1.6407011649744314,2.671210071722684,-0.9012784589483416,1,0,0,0
-0.9948039330139747,0.09561594348351381,2.0344569724529835,-0.6466806801424401,1,0,0,0
-0.8661021891726466,-0.45620020704895675,-0.6154891963122744,-0.608800610048286,0,0,1,0
1.0099000769676982,0.42670563380299614,0.8638845456000375,1.627580451279662,0,0,0,1
-0.7773423658337996,-0.5665634371554509,-0.009855609412897533,-0.5869467234555047,0,0,1,0
1.7846465349682055,2.6339702359328783,2.613758664269778,2.337103302658626,1,0,0,0
2.15426779930069,-0.3458369769424627,-0.2947188380335529,1.2327535668367473,0,0,1,0
-1.2693253866262657,-0.45620020704895675,0.5048132490193793,-1.1092546130229766,0,1,0,0
1.3941033122772786,-0.23547374683596853,-0.35456405413032926,0.859416337543401,0,1,0,0
-0.4723889727910467,-0.5665634371554509,-0.6537901346142113,-0.7818105455744708,0,0,1,0
-0.9212600793903586,2.302880545613396,1.4360048114852193,-0.8386306507157021,1,0,0,0
1.1138758700217757,-0.23547374683596853,0.13856052650710768,1.2353031869392381,0,1,0,0
-0.8654681904345121,1.199248244548455,2.5395505963097755,-0.5858540291258656,1,0,0,0
1.1436738107141033,-0.5665634371554509,-0.20375410956645307,0.6882275592332812,0,1,0,0
-0.3322752516632953,-0.676926667261945,-0.8764143384942193,-0.4933392425497583,0,0,1,0
-0.7906563393346268,-0.676926667261945,1.4982438362258665,-0.8393591136021281,0,0,0,1
-0.4521010131707388,-0.23547374683596853,0.3420342612361472,-0.3454612766052718,0,1,0,0
0.6421808088496176,-0.676926667261945,-0.5795820666542087,0.02131978671024018,0,0,1,0
-0.25746340056341,-0.45620020704895675,-0.7830558013832483,0.04135251608695622,0,0,1,0
-0.9903659418470323,-0.676926667261945,-0.816569122397443,-0.9777670620230761,0,0,1,0
-0.831866257313377,0.8681585542289726,2.192448342948473,-0.3975463729847338,1,0,0,0
-1.1913435418357072,-0.45620020704895675,0.38272900818195515,-1.0014421058319223,0,1,0,0
-0.3170592819480645,-0.5665634371554509,-0.5293120851329164,-0.1862921359211818,0,0,1,0
1.2571595848402004,3.185786386465349,2.738236713751073,2.3174348047251234,1,0,0,0
0.033542020240381186,-0.014747286622980312,0.9763935518619767,-0.06791691687695002,0,0,0,1
3.3252634686353355,-0.676926667261945,-0.816569122397443,3.185762565344965,0,0,1,0
-0.9929019367995708,-0.3458369769424627,-1.0248304744142247,-0.6051582956161558,0,0,1,0
-1.1514016213332263,-0.3458369769424627,-0.6609715605458245,-0.9191257996657797,0,0,1,0
-0.35256321128360324,0.316342403696502,-0.34977643684258725,-0.35711668278808845,0,0,0,1
0.9718601526796209,-0.676926667261945,-1.1780342276219724,0.3757169809565093,0,0,1,0
-0.06916577533742754,-0.12511051672947443,0.12180386600001021,-0.14659090861096238,0,1,0,0
-0.2695093765879679,-0.3458369769424627,-0.30668788125290836,-0.4667503471952078,0,0,1,0
0.12800783222243967,4.068692227317301,2.012912694658144,0.8033246952885956,1,0,0,0
0.44944519245669273,-0.676926667261945,-1.343207024049075,-0.2984754204307921,0,0,1,0
2.184065739993017,-0.3458369769424627,-0.7327858198619561,1.6701955301355855,0,0,1,0
0.43739921643213486,-0.3458369769424627,-1.0415871349213222,-0.20741755962753694,0,0,1,0
-0.4711209753147775,-0.45620020704895675,-0.7806619927393773,-0.5366827842921078,0,1,0,0
-0.91048210084207,0.6474320940159843,0.29894570564646833,-0.5865824920122916,0,0,0,1
0.8418904113620232,-0.12511051672947443,-0.2085417268541951,0.35058501137481096,0,1,0,0
0.30489348016199896,-0.3458369769424627,-1.307299894391009,0.5421707505048599,0,0,1,0
-0.1877235393686018,-0.5665634371554509,-0.15827174533290317,-0.07447308285478439,0,1,0,0
-1.0924397386867064,-0.676926667261945,-0.682515838340664,-1.0061771145936915,0,0,1,0
2.1105218863694013,-0.014747286622980312,-0.23008600464903453,1.471325162141276,0,1,0,0
-1.4405050459226134,-0.676926667261945,-0.47425448632388223,-1.431235208823287,0,0,1,0
-0.12305566807887044,-0.45620020704895675,-0.0697008255096739,-0.4394329889542314,0,1,0,0
-0.02034787250106172,-0.3458369769424627,-0.44552878259742956,-0.5381397100649599,0,0,1,0
-1.2465014320534193,-0.23547374683596853,0.4689061193613134,-1.2035905568151488,0,1,0,0
-0.33354324913956473,0.6474320940159843,0.2223438290425945,-0.43506221163567493,0,0,0,1
1.4296072416128174,2.0821540854004077,2.283413071415573,1.1074579503714683,1,0,0,0
-0.5218408743655473,-0.3458369769424627,-0.7567239063006665,-0.8142271440204296,0,0,1,0
3.746872629494858,-0.676926667261945,-0.23247981329290554,2.081048598079873,0,1,0,0
-0.26633938289729475,-0.45620020704895675,0.32288379208517876,-0.6004232868543865,0,1,0,0
-0.10149971098229332,-0.676926667261945,0.14334814379484967,-0.28499885703191047,0,1,0,0
-0.3069153021379106,2.41324377571989,3.4156845599665817,0.21363398872671496,1,0,0,0
0.34927339183142264,-0.676926667261945,-0.23008600464903453,-0.4299629714306926,0,1,0,0
-0.003863905309561466,-0.676926667261945,-0.08166986872902934,-0.6736338069402036,0,1,0,0
-1.2585474080779773,-0.5665634371554509,-0.6585777519019533,-1.1912066877459064,0,0,1,0
-0.6987265223051066,0.7577953241224785,1.984186990931691,-0.3381766477410115,1,0,0,0
1.269205560864758,-0.12511051672947443,0.27022000192001583,1.3562280260859614,0,1,0,0
-0.6530786131594138,3.7376025369978194,1.5939961819807094,-0.7865455543362401,1,0,0,0
-0.2923333311608142,1.5303379348679373,1.543726200459417,0.5866069865768483,1,0,0,0
2.078187950724535,0.20597917359000792,1.9554612872052382,1.9644945362517063,1,0,0,0
-0.8781481651972044,-0.3458369769424627,-0.9793481101806748,-0.924953502757188,0,0,1,0
-0.1604615936288131,-0.676926667261945,-0.5101616159819481,-0.8102205981450864,0,0,1,0
-0.625816667419625,-0.3458369769424627,-1.3623574932000435,-0.34291165650278066,0,0,1,0
-0.8401082409091272,-0.676926667261945,-1.3527822586245593,-0.9468073893499692,0,0,1,0
-0.630888657324702,-0.23547374683596853,-0.16545317126451617,-0.4594657183309474,0,1,0,0
-1.018261886324956,0.316342403696502,2.178085491085246,-0.8222402357711162,1,0,0,0
0.29538349908997974,0.6474320940159843,2.5587010654607436,1.2731832570333925,1,0,0,0
-0.16997157470083232,-0.5665634371554509,-0.2971126466774243,-0.25367495291559067,0,0,1,0
-0.5960187267272979,-0.45620020704895675,0.34921568716776064,-0.6415814399374578,0,1,0,0
-1.0106539014673404,-0.5665634371554509,-1.1900032708413275,-1.2134248057819006,0,0,1,0
-0.9035081147225893,-0.5665634371554509,-0.6466087086825981,-0.6681703352920083,0,0,1,0
-0.24795341949139077,-0.5665634371554509,-0.90035242493293,-0.5264843038821432,0,0,1,0
-0.8160162888600114,-0.676926667261945,-0.19417887499096864,-0.7737974538237843,0,1,0,0
-0.6201106787764135,-0.676926667261945,-0.6298520481755009,-1.0560768223138755,0,0,1,0
0.5217210486040396,-0.676926667261945,-1.3623574932000435,-0.262416507552703,0,0,1,0
0.15146578553342072,-0.014747286622980312,-0.22051077007355052,-0.005633340087523433,0,1,0,0
0.17745973379694022,-0.3458369769424627,-0.2947188380335529,0.1837670103832475,0,0,1,0
0.0963078953157086,-0.3458369769424627,-0.7351796285058272,-0.26824421064411147,0,0,1,0
-0.5795347595357978,-0.5665634371554509,-1.0535561781406775,-0.4754919018323204,0,0,1,0
-0.7893883418583574,-0.676926667261945,-0.9458347891664799,-1.0509775821088934,0,0,1,0
-0.7253544693067606,-0.45620020704895675,-0.04815654771483444,-0.30466735496541353,0,1,0,0
0.13878581077072835,-0.676926667261945,-1.034405708989709,-0.20559640241147192,0,0,1,0
0.7341106258791379,-0.45620020704895675,-0.4359535480219453,0.8543170973384187,0,0,1,0
2.420547269317231,-0.12511051672947443,-0.2923250293896819,2.802226855641654,0,1,0,0
0.2503695886824216,3.185786386465349,1.1894425211665007,1.0466312993548936,1,0,0,0
-1.242063440886477,-0.23547374683596853,0.3396404525922762,-1.431235208823287,0,0,0,1
1.1145098687599106,-0.3458369769424627,-0.5652192147909822,0.959944215870195,0,0,1,0
0.9249442460576588,-0.5665634371554509,-0.5556439802154981,1.3842738472133638,0,1,0,0
-0.7773423658337996,-0.676926667261945,-1.0487685608529353,-0.9300527429621702,0,0,1,0
-1.114629694521418,-0.676926667261945,-0.553250171571627,-0.6863819074526594,0,0,1,0
-0.5510048163197399,-0.3458369769424627,-0.8309319742606694,-0.6627068636438129,0,0,1,0
-0.48887293998254694,-0.5665634371554509,-1.0559499867845483,-0.8655837775134656,0,0,1,0
-0.7335964529025107,-0.23547374683596853,0.8112207554348742,-0.7716120651645062,0,0,0,1
0.02213004295395802,-0.5665634371554509,-0.44313497395355855,0.06429909700937662,0,0,1,0
-1.314339297033824,1.7510643950809255,1.4192481509781218,-1.3631239289424522,1,0,0,0
0.5825849274649633,-0.5665634371554509,-0.8620514866309931,0.6325001484216889,0,0,1,0
-1.188807546883169,-0.5665634371554509,-1.032011900345838,-0.9639262671809813,0,0,1,0
-0.43878703966991167,-0.12511051672947443,0.19601193396001304,-0.4336052858628229,0,0,0,1
-1.250939423220362,0.42670563380299614,0.3659723476748581,-1.431235208823287,0,0,0,1
-1.0677137878994563,0.42670563380299614,0.5766275083355107,-0.9329665945078744,0,0,0,1
0.46212516721938535,-0.676926667261945,-0.34020120226710326,0.13823807998161988,0,0,1,0
0.2313496265383829,-0.3458369769424627,-0.9218967027277695,0.21691207171563226,0,0,1,0
-0.06916577533742754,-0.014747286622980312,0.014082477025812928,-0.33052778743353806,0,1,0,0
0.5958989009657905,-0.5665634371554509,-0.21572315278580853,0.06539179133901572,0,1,0,0
0.10137988522078568,-0.12511051672947443,0.624503681212932,-0.40920177916755046,0,1,0,0
-1.123505676855303,-0.45620020704895675,0.1553171870142051,-0.9701182017156026,0,1,0,0
1.9380742295967834,-0.014747286622980312,1.0146944901639137,1.7597964651659883,0,1,0,0
-1.1875395494068997,0.09561594348351381,0.5000256317316368,-1.1791870501198765,0,0,0,1
-0.13827163779410126,-0.45620020704895675,-1.3623574932000435,-0.24420493539205196,0,0,1,0
-0.5269128642706241,-0.5665634371554509,-1.0272242830580958,-0.5887678806715698,0,0,1,0
-0.21181549141771736,-0.12511051672947443,-0.5149492332696901,-0.43396951730603583,0,1,0,0
-0.7608583986422994,-0.676926667261945,-0.5628254061471113,-1.013461743457952,0,0,1,0
0.3042594814238645,3.296149616571843,2.898621892890434,1.0845113694490476,1,0,0,0
-0.5814367557502016,-0.23547374683596853,-0.7208167766426009,-0.4645649585359297,0,1,0,0
0.0018420833336501175,1.8614276251874196,2.1349969354955673,1.0812332864601308,1,0,0,0
2.1041818989880543,-0.676926667261945,0.17207384752130256,2.311242870190502,0,1,0,0
0.5337670246285973,-0.45620020704895675,-0.0673070168658029,0.4514771211448176,0,0,1,0
-1.235723453505131,-0.12511051672947443,2.5395505963097755,-0.926774659973253,1,0,0,0
0.71382266625883,-0.45620020704895675,-0.9099276595084143,0.13750961709519374,0,0,1,0
1.122117853617526,0.5370688639094903,0.014082477025812928,1.321261807537511,0,0,0,1
-0.693020533661895,-0.676926667261945,-0.8883833817135746,-0.7322750692975,0,0,1,0
2.4661951784629235,-0.5665634371554509,-0.14869651075741872,1.7805576574291309,0,0,1,0
1.3199254599155277,0.6474320940159843,0.2223438290425945,1.5580122456259746,0,0,0,1
-0.299307317280295,-0.45620020704895675,-0.5843696839419508,-0.5734701600566229,0,0,1,0
-0.6194766800382788,-0.45620020704895675,-0.8596576779871221,-0.7982009605190568,0,0,1,0
2.1593397892057666,-0.5665634371554509,-0.5364935110645296,2.4591208361349888,0,0,1,0
-0.27394736775491024,-0.5665634371554509,-0.8620514866309931,-0.3196008441371473,0,0,1,0
2.3571473955037687,-0.23547374683596853,1.4695181324994142,4.310873493429987,1,0,0,0
0.019594048001419364,-0.3458369769424627,-0.2133293441419371,-0.6026086755136646,0,1,0,0
-0.3297392567107569,-0.5665634371554509,0.1553171870142051,-0.6251910249928719,0,0,0,1
1.1487458006191802,-0.23547374683596853,0.1457419524387211,0.4587617500090781,0,1,0,0
-0.6423006346111252,-0.5665634371554509,-1.0176490484826115,-0.8185979213389859,0,0,1,0
1.2850555293181236,-0.3458369769424627,-1.1421270979639064,1.0116650808064434,0,0,1,0
-0.9434500352250703,-0.45620020704895675,-0.04097512178322143,-0.8185979213389859,0,1,0,0
-0.8642001929582427,2.523607005826384,2.091908379905888,-0.6357537368460495,1,0,0,0
-1.1913435418357072,-0.3458369769424627,-1.1995785054168118,-0.9959786341837271,0,0,1,0
0.03100602528784253,-0.5665634371554509,-0.5795820666542087,-0.059903825126263605,0,0,1,0
0.25861157227817183,-0.5665634371554509,-0.19657268363484007,0.6048185587374993,0,1,0,0
-1.1190676856883603,-0.12511051672947443,0.4808751625806684,-0.9475358522363952,0,0,0,1
0.46529516091005824,-0.3458369769424627,-1.345600832692946,0.049365607837642635,0,0,1,0
-0.04760981824085042,-0.676926667261945,0.856703119668424,0.2963145263360708,0,0,0,1
-0.6169406850857404,-0.12511051672947443,-0.07448844279741591,-0.713699265693636,0,1,0,0
-0.034929843478158036,-0.676926667261945,0.0715338844787183,-0.22745028900425324,0,1,0,0
-1.2769333714838813,-0.5665634371554509,-0.8788081471380905,-0.9027353847211936,0,0,1,0
0.07031394705218912,0.09561594348351381,1.1750796693032743,0.06429909700937662,0,0,0,1
-0.677804563946664,-0.23547374683596853,0.421029946483892,-0.5206566007907348,0,0,0,1
-0.24668542201512156,-0.676926667261945,-1.0080738139071272,-0.18847752458046,0,0,1,0
-1.1190676856883603,-0.12511051672947443,0.3635785390309871,-1.080844560452361,0,1,0,0
-1.1824675595018226,-0.45620020704895675,-0.5077678073380769,-1.1402142856960833,0,0,1,0
2.2246416592336327,-0.3458369769424627,-0.6202768136000166,1.017128552454639,0,0,1,0
-0.7710023784524535,-0.3458369769424627,-0.11518318974322382,-0.8626699259677615,0,1,0,0
0.9338202283915434,2.0821540854004077,2.2618687936207333,2.0074738465508424,1,0,0,0
-1.385981154443036,3.9583289972108076,2.1134526577007278,-1.255675653194611,1,0,0,0
-1.238893447195804,0.09561594348351381,0.45454326749808693,-1.2188882774300958,0,0,0,1
1.892426320451091,3.627239306891325,2.11824027498847,2.7705387200821208,1,0,0,0
-0.14904961634238992,-0.3458369769424627,-0.7232105852864719,-0.36185169154985786,0,0,1,0
1.2660355671740853,-0.3458369769424627,-0.7375734371496981,0.9766988622579936,0,0,1,0
-0.10783969836363941,-0.676926667261945,-1.1995785054168118,-0.1935767647854423,0,0,1,0
0.23325162275278682,0.6474320940159843,0.418636137840021,0.6864064020172161,0,0,0,1
-1.1628135986196495,-0.676926667261945,-0.3138693071845214,-1.1041553728179943,0,1,0,0
0.8564723823391197,-0.3458369769424627,-0.9697728756051905,0.004200908879227984,0,0,1,0
0.08679791424368938,0.42670563380299614,0.5957779774864791,-0.31996507558036047,0,0,0,1
0.9249442460576588,-0.014747286622980312,-0.17502840584000018,0.8266355076542289,0,0,0,1
-0.8325002560515116,-0.45620020704895675,-0.6729406037651797,-0.7515793357877901,0,0,1,0
-0.7830483544770112,-0.23547374683596853,0.29894570564646833,-0.7599566589816896,0,1,0,0
0.9465002031542361,2.192517315506902,2.381559225814286,2.141875249096447,1,0,0,0
1.192491713550469,2.302880545613396,1.6777794845161957,1.4582128301856072,1,0,0,0
2.2430276226395365,-0.45620020704895675,-0.8644452952748641,2.253694302162845,0,0,1,0
-0.6613205967551639,3.5168760767848313,1.7567751697639409,-0.6572433919956177,1,0,0,0
-1.1158976919976875,-0.45620020704895675,-0.8117815051097009,-1.2075971026904921,0,0,1,0
-0.13763763905596654,-0.45620020704895675,-0.5652192147909822,-0.20705332818432398,0,0,1,0
-0.26760738037356396,-0.3458369769424627,-0.17263459719612917,-0.6015159811840255,0,0,1,0
0.6199908530149058,-0.5665634371554509,-0.8476886347677667,0.11601996194562539,0,1,0,0
0.21232966439434442,0.7577953241224785,1.7400185092568434,0.8652440406348092,1,0,0,0
-0.7215504768779529,-0.45620020704895675,-0.8476886347677667,-0.749393947128512,0,0,1,0
1.3161214674867203,-0.45620020704895675,0.09068435362968674,0.5374357417430905,0,1,0,0
0.6301348328250599,3.9583289972108076,2.1900545343046014,1.3132487157868247,1,0,0,0
-0.5446648289383935,0.316342403696502,2.3408644788684776,-0.016560283383913955,1,0,0,0
-0.4996509185308354,-0.676926667261945,-1.0631314127161617,-0.4886042337879891,0,0,1,0
1.04857399999391,-0.45620020704895675,0.18164908209678657,1.8275435136036102,0,0,0,1
-0.2682413791116987,-0.3458369769424627,-0.0673070168658029,-0.20778179107074987,0,0,0,1
-1.1019497197587258,-0.23547374683596853,1.9243417748349145,-0.871775712048087,1,0,0,0
0.15970776912917073,-0.5665634371554509,-1.1995785054168118,0.30942685829173955,0,0,1,0
0.7753205438578882,-0.23547374683596853,0.014082477025812928,0.9213356828896146,0,1,0,0
-0.6169406850857404,-0.23547374683596853,-0.26120551701935846,-0.6506872260177833,0,1,0,0
-0.8616641980057043,-0.3458369769424627,-0.5269182764890453,-1.1387573599232312,0,1,0,0
-0.7278904642592992,-0.45620020704895675,-0.9434409805226089,-0.37605671783516564,0,0,1,0
-0.07930975514758148,-0.3458369769424627,-0.639427282750985,-0.2930119487825969,0,0,1,0
-1.3416012427736126,-0.676926667261945,0.011688668381941924,-1.1453135259010656,0,1,0,0
0.04115000509799648,-0.676926667261945,0.030839137532910378,0.09380184390963113,0,1,0,0
-0.10213370972042782,-0.3458369769424627,0.8782473974632635,-0.3217862327964255,0,0,0,1
-0.6372286447060483,-0.5665634371554509,-0.8429010174800247,-0.5541658935663328,0,0,1,0
0.09757589279197781,1.199248244548455,2.5395505963097755,0.9657719189616032,1,0,0,0
-0.299307317280295,-0.45620020704895675,-1.0990385423742275,-0.680918435804464,0,0,1,0
0.17745973379694022,-0.3458369769424627,-0.6633653691896956,0.19797203666855506,0,1,0,0
-0.7843163519532804,-0.12511051672947443,-0.24205504786839,-0.7719762966077192,0,1,0,0
-0.43054505607416166,-0.5665634371554509,-0.591551109873564,-0.6852892131230203,0,0,1,0
-0.9929019367995708,-0.676926667261945,-0.558037788859369,-1.0564410537570885,0,0,1,0
0.44627519876601957,-0.676926667261945,0.23910048954969193,0.2271105521255969,0,1,0,0
-0.3297392567107569,-0.676926667261945,-0.8979586162890588,-0.41357255648610686,0,0,1,0
0.3651233602847882,-0.3458369769424627,-0.5843696839419508,0.2081705170785197,0,0,1,0
0.18633571613082495,-0.014747286622980312,0.41384852055227905,0.5571042396765938,0,1,0,0
-1.2078275090272075,-0.45620020704895675,-1.204366122704554,-1.3343496449286232,0,0,1,0
0.4950931016023854,-0.12511051672947443,-0.18939125770322662,0.6295862968759848,0,1,0,0
-0.045707822026446486,-0.676926667261945,-0.5867634925858217,-0.09268465501543542,0,0,1,0
0.07982392812420858,-0.014747286622980312,0.006901051094199916,0.08469605782930562,0,0,0,1
-0.0400018333832349,-0.676926667261945,-0.948228597810351,-0.09450581223150042,0,0,1,0
0.30489348016199896,-0.676926667261945,-0.553250171571627,-0.1232800962453293,0,0,1,0
-0.022883867453600153,-0.45620020704895675,-0.7327858198619561,-0.924953502757188,0,0,1,0
1.1107058763311028,-0.12511051672947443,-0.19417887499096864,1.5306948873849981,0,1,0,0
0.03671201393105434,-0.014747286622980312,-0.3761083319251692,-0.2751646080651588,0,1,0,0
-1.2141674964085536,-0.676926667261945,0.08829054498581573,-1.1831935959952196,0,0,0,1
-1.0442558345884752,-0.014747286622980312,-0.905140042220672,-0.8320744847378677,0,1,0,0
0.5781469362980209,0.5370688639094903,0.5024194403755079,0.9493815040170172,0,0,0,1
-0.9383780453199935,-0.45620020704895675,-1.0008923879755143,-0.9438935378042651,0,0,1,0
-0.26507138542102554,-0.3458369769424627,-0.9362595545909957,-0.5461528018156463,0,0,1,0
-0.000693911618888539,-0.5665634371554509,-0.7662991408761508,-0.0803007859461926,0,1,0,0
-0.5319848541757012,-0.3458369769424627,-0.19417887499096864,-0.2551318786884427,0,1,0,0
-0.36524318604629585,0.6474320940159843,2.7885066952723654,0.3341945964302249,1,0,0,0
-0.00259590783329225,-0.676926667261945,-1.0032861966193853,0.06320640267973753,0,0,1,0
1.278081543198643,-0.3458369769424627,-0.6154891963122744,0.5862427551336354,0,0,1,0
3.0615199935713324,0.20597917359000792,0.09307816227355775,2.820074196359092,0,0,0,1
0.24022560887226763,1.5303379348679373,1.7735318302710383,0.17138314131400467,1,0,0,0
0.8228704492179848,-0.5665634371554509,-0.9458347891664799,0.9187860627871233,0,0,1,0
0.9655201652982746,0.7577953241224785,1.988974608219433,1.9845272656284223,1,0,0,0
-0.05141381066965807,0.09561594348351381,0.9356988049161689,-0.3465539709349109,0,0,0,1
-0.5072589033884509,-0.45620020704895675,0.5024194403755079,-0.4805911420373025,0,1,0,0
-0.2517574119201984,-0.45620020704895675,-0.6154891963122744,-0.24129108384634787,0,0,1,0
-0.65117661694501,-0.3458369769424627,0.9787873605058478,-0.4762203647187464,0,0,0,1
-0.8984361248175123,-0.45620020704895675,0.1457419524387211,-0.751215104344577,0,1,0,0
0.711920670044426,0.09561594348351381,0.6101408293497056,0.40959050517532025,0,0,0,1
2.861810391058927,-0.676926667261945,-0.34020120226710326,3.2134441550291553,0,1,0,0
-0.4001131166436998,-0.12511051672947443,0.44496803292260295,-0.31158775238646086,0,0,0,1
1.0904179167107948,-0.5665634371554509,-1.0200428571264828,1.298679458058304,0,0,1,0
-1.1494996251188223,-0.12511051672947443,-0.05773178229031888,-1.3503758284299963,0,1,0,0
-0.17884755703471705,-0.676926667261945,-0.773480566807764,-0.28281346837263227,0,0,1,0
-0.2758493639693142,-0.5665634371554509,-0.8620514866309931,-0.47367074461625525,0,0,1,0
2.9581781992553893,3.5168760767848313,2.4557672937742883,3.7572416997461944,1,0,0,0
0.8063864820264847,-0.014747286622980312,-0.07927606008515833,0.3210822644745562,0,1,0,0
0.883100329340774,-0.45620020704895675,-0.5700068320787245,0.36333311188726675,0,1,0,0
-0.6790725614229333,-0.676926667261945,-0.249236473800003,-0.6951234620897718,0,1,0,0
-1.0436218358503406,-0.5665634371554509,-0.7016663074916325,-0.7515793357877901,0,0,1,0
1.1455758069285067,-0.5665634371554509,0.23670668090582095,0.22893170934166188,0,1,0,0
-0.13002965419835125,3.5168760767848313,2.060788867535565,-0.09632696944756569,1,0,0,0
-0.9681759860123206,-0.676926667261945,-0.45510401717291377,-1.0269383068568338,0,0,1,0
0.8685183583636774,3.406512846678337,1.8932222624645911,1.122391439543202,1,0,0,0
-1.3967591329913247,-0.014747286622980312,0.38033519953808415,-1.1263734908539886,0,1,0,0
0.3397634107594032,-0.5665634371554509,-0.6322458568193718,0.527965724219552,0,1,0,0
-0.6156726876094711,-0.014747286622980312,-0.07927606008515833,-0.5942313523197651,0,1,0,0
-0.5871427443934132,-0.45620020704895675,-0.14869651075741872,-0.5111865832671962,0,1,0,0
1.5526029968109338,-0.23547374683596853,0.06674626719097629,0.5694881087458364,0,1,0,0
-1.208461507765342,-0.12511051672947443,1.1798672865910163,-1.029123695516112,0,0,0,1
-1.2579134093398425,0.5370688639094903,0.7298312615432583,-1.1944847707348234,0,0,0,1
0.678318736923291,-0.45620020704895675,-1.0631314127161617,0.45293404691766964,0,0,1,0
-0.24795341949139077,-0.12511051672947443,0.2558571500567894,-0.36877208897090513,0,1,0,0
1.3459194081790473,-0.45620020704895675,-1.249848486938104,0.4638609902140604,0,1,0,0
0.08743191298182387,0.7577953241224785,0.4976318230877659,0.33383036498701196,0,0,0,1
-0.6086987014899903,-0.3458369769424627,-0.7351796285058272,-0.6291975708682152,0,0,1,0
-0.4444930283131235,2.0821540854004077,1.2516815459071482,-0.26533035909840735,1,0,0,0
0.1768257350588055,-0.676926667261945,-1.3336317894735907,-0.22672182611782707,0,0,1,0
0.04558799626493885,-0.5665634371554509,-0.5077678073380769,-0.1615243977826964,0,1,0,0
-0.2485874182295253,-0.5665634371554509,-1.2139413572800382,-0.5778409373751792,0,0,1,0
-0.9066781084132625,-0.12511051672947443,0.09786577956129976,-0.8615772316381224,0,1,0,0
1.235603627743623,0.5370688639094903,-0.1367274675380637,1.0065658406014617,0,0,0,1
0.7975104996926,-0.12511051672947443,0.047595798040007825,1.0291481900806685,0,1,0,0
2.78826653743531,-0.676926667261945,-0.3880773751445242,2.1178359738443877,0,1,0,0
-0.10530370341110097,-0.23547374683596853,0.27500761920775785,0.13823807998161988,0,1,0,0
-0.21118149267958264,-0.45620020704895675,-1.2689989560890724,-0.4288702771010535,0,0,1,0
0.7632745678333305,-0.45620020704895675,-0.7471486717251824,0.5530976938012504,0,0,1,0
1.1398698182852953,3.7376025369978194,3.372596004376903,2.4813389541709823,1,0,0,0
-0.6080647027518558,-0.45620020704895675,-0.2803559861703269,-0.5559870507823979,0,0,1,0
-0.36651118352256506,0.9785217843354668,3.078157541180763,0.41687513403958076,1,0,0,0
0.8716883520543508,-0.3458369769424627,-0.1702407885522582,0.5487269164826942,0,1,0,0
-1.351111223845632,-0.5665634371554509,-0.4574978258167848,-1.0691891542695444,0,0,1,0
-0.43181305355043087,-0.45620020704895675,0.17686146480904458,-0.6659849466327301,0,1,0,0
0.45641917857617353,-0.3458369769424627,-1.1421270979639064,0.3531346314773021,0,0,1,0
-0.2599993955159487,-0.5665634371554509,-0.558037788859369,-0.5268485353253562,0,0,1,0
-0.8052383103117229,-0.3458369769424627,-1.3623574932000435,-0.715884654352914,0,0,1,0
0.5515189892963668,0.20597917359000792,-0.1391212761819347,0.37171043508116614,0,0,0,1
0.6922667091622526,-0.5665634371554509,-0.01703703534451097,0.7235580092249441,0,1,0,0
0.1235698410554973,-0.676926667261945,-1.161277567114875,-0.22927144622031823,0,0,1,0
0.9186042586763125,0.316342403696502,0.3468218785238897,0.42634515156311925,0,0,0,1
-1.0290398648732444,-0.12511051672947443,0.5814151256232527,-1.13256542538861,0,1,0,0
-0.5865087456552786,0.5370688639094903,-0.7926310359587325,-0.6142640816964813,0,0,0,1
-1.1754935733823417,-0.45620020704895675,-0.08406367737290035,-1.0214748352086385,0,1,0,0
3.5921769373900108,0.20597917359000792,0.0811091190542023,2.8357361484172525,0,0,0,1
0.4595891722668469,3.7376025369978194,1.6466599721458723,0.3585981031254974,1,0,0,0
0.20218568458419048,-0.676926667261945,0.0811091190542023,0.11856958204811655,0,0,0,1
-0.2422474308481792,-0.3458369769424627,-0.47664829496775324,-0.3396335735138636,0,0,1,0
0.2243756404189021,-0.3458369769424627,-0.1702407885522582,0.05373638515619905,0,0,0,1
0.36448936154665346,-0.45620020704895675,-0.8452948261238956,-0.24748301838096928,0,0,1,0
-0.719648480663549,-0.676926667261945,-0.3785021405690402,-0.8120417553611515,0,1,0,0
-0.9485220251301474,-0.45620020704895675,-0.7256043939303429,-0.7814463141312578,0,0,1,0
0.7905365135731192,-0.014747286622980312,-0.5077678073380769,0.9712353906097981,0,1,0,0
-0.1401736340085052,-0.45620020704895675,-0.6992724988477614,-0.4139367879293198,0,0,1,0
0.5033350851981356,-0.12511051672947443,-0.14151508482580571,-0.041328021522399616,0,1,0,0
1.4346792315178942,-0.23547374683596853,0.5598708478284132,0.8415689968259632,0,0,0,1
0.8235044479561192,0.6474320940159843,0.18164908209678657,0.16409851244974413,0,0,0,1
0.9350882258678129,-0.676926667261945,-1.0631314127161617,0.44419249228055735,0,0,1,0
0.6814887306139644,1.0888850144419608,2.707117201380749,0.8936540932054249,1,0,0,0
-0.9301360617242433,-0.12511051672947443,-0.26120551701935846,-0.7479370213556599,0,1,0,0
-0.9333060554149165,-0.3458369769424627,-0.6513963259703404,-1.0367725558235854,0,0,1,0
0.2643175609213834,-0.3458369769424627,-0.5269182764890453,-0.5355900899624687,0,0,1,0
0.19267570351217103,-0.3458369769424627,-0.1869974490593556,0.6121031876017599,0,0,0,1
0.5350350221048668,-0.5665634371554509,0.8495216937368111,0.07049103154399779,0,1,0,0
-0.8204542800269539,-0.014747286622980312,-0.33062596769161884,-0.5629074482034453,0,1,0,0
-0.9428160364869358,-0.5665634371554509,0.46172469342969996,-0.8684976290591698,0,1,0,0
-0.40772110150131535,-0.5665634371554509,-0.9745604928929326,-0.23254952920923555,0,0,1,0
-0.2853593450413334,-0.676926667261945,-0.684909646984535,-0.30758120651111764,0,0,1,0
0.7924385097875232,-0.676926667261945,-0.8476886347677667,0.7432265071584474,0,0,1,0
-0.01717787881038857,0.7577953241224785,-0.38089594921291114,-0.54178202449709,0,0,0,1
0.6352068227301367,3.5168760767848313,3.068582306605279,0.5155818551503094,1,0,0,0
-0.9295020629861087,-0.23547374683596853,0.2869766624271133,-0.9449862321339041,0,1,0,0
-0.8819521576260122,-0.5665634371554509,-0.8788081471380905,-0.8805172666851994,0,0,1,0
-0.9028741159844547,0.316342403696502,2.0105188860142724,-0.7719762966077192,1,0,0,0
1.5190010636897988,-0.12511051672947443,-0.3162631158283928,0.5764085061668837,0,1,0,0
-0.9142860932708778,0.5370688639094903,0.5024194403755079,-0.6321114224139192,0,0,0,1
0.8748583457450237,-0.5665634371554509,-0.6920910729161482,1.0262343385349644,0,0,1,0
-0.954228013773359,0.316342403696502,0.9835749777935903,-0.8896230527655249,0,0,0,1
-0.48570294629187377,-0.5665634371554509,-0.5149492332696901,-0.3381766477410115,0,0,1,0
0.2712915470408642,0.6474320940159843,0.4712999280051844,0.04208097897338238,0,0,0,1
-0.7798783607863381,-0.014747286622980312,-0.30908168989677937,-0.5250273781092911,0,1,0,0
0.5160150599608277,-0.676926667261945,-0.684909646984535,0.2679044737654551,0,0,1,0
-0.12368966681700494,-0.45620020704895675,-0.0625193995780609,0.16846928976830056,0,1,0,0
0.04622199500307357,-0.12511051672947443,0.1888305080284,0.2238324691366796,0,0,0,1
-1.1260416718078412,-0.45620020704895675,-0.684909646984535,-1.152962386208539,0,0,1,0
0.8279424391230616,-0.3458369769424627,-1.2713927647329435,0.6186593535795942,0,0,1,0
-0.1661675822720247,-0.45620020704895675,-1.034405708989709,0.029332878460926595,0,0,1,0
-0.8242582724557616,-0.45620020704895675,-1.0966447337303564,-0.7803536198016187,0,0,1,0
-0.24351542832444842,-0.5665634371554509,-0.9266843200155115,-0.03185800399886089,0,0,1,0
-0.44322503083685405,-0.12511051672947443,-0.5939449185174349,-0.34436858227563266,0,1,0,0
-1.205291514074669,0.7577953241224785,1.0099068728761718,-0.9111127079150931,0,0,0,1
1.4384832239467022,-0.676926667261945,0.12898529193162364,1.3347383709363931,0,1,0,0
-0.9409140402725319,-0.12511051672947443,-0.36174548006194274,-1.1791870501198765,0,1,0,0
-0.016543880072254075,-0.676926667261945,0.9045792925458453,0.22565362635274483,0,1,0,0
-0.26507138542102554,0.09561594348351381,0.02365771160129694,0.22565362635274483,0,0,0,1
-1.1780295683348803,-0.3458369769424627,-0.6705467951213088,-1.3015688150394513,0,0,1,0
0.014522058096342499,-0.5665634371554509,-0.8668391039187351,-0.5009881028572318,0,0,1,0
-0.025419862406138583,0.316342403696502,1.5173943053768355,0.5753158118372449,1,0,0,0
0.03924800888359277,0.6474320940159843,0.23670668090582095,-0.3250643157853428,0,0,0,1
-0.8572262068387618,-0.12511051672947443,0.16010480430194712,-0.5723774657269839,0,1,0,0
0.01896004926328487,0.7577953241224785,0.7418003047626133,-0.1342070395417198,0,0,0,1
0.15400178048595917,-0.3458369769424627,-0.7208167766426009,-0.28936963435046664,0,0,1,0
0.914800266247505,0.42670563380299614,0.24388810683743437,1.0298766529670944,0,0,0,1
-0.086917740005197,-0.45620020704895675,-0.8069938878219587,-0.23327799209566144,0,0,1,0
-0.7773423658337996,-0.3458369769424627,-0.680122029696793,-0.6521441517906353,0,0,1,0
-0.18962553558300552,-0.12511051672947443,-0.47425448632388223,0.17939623306469107,0,1,0,0
-0.9802219620368784,-0.45620020704895675,-0.99131715340003,-0.9715751274884546,0,0,1,0
0.1216678448410936,-0.45620020704895675,0.32048998344130775,0.36624696343297086,0,1,0,0
-0.8413762383853963,-0.3458369769424627,0.5455079959651872,-0.838994882158915,0,0,0,1
-1.0994137248061873,-0.12511051672947443,-0.2659931343071004,-0.7501224100149381,0,1,0,0
0.23261762401465233,-0.676926667261945,-1.070312838647775,0.27701025984578065,0,0,1,0
0.3131354637577492,-0.3458369769424627,-0.5556439802154981,0.7348491839645478,0,0,1,0
0.8983162990560045,-0.3458369769424627,-0.9721666842490616,0.7392199612831042,0,0,1,0
0.09757589279197781,0.09561594348351381,0.3923042427574396,0.7854773545711577,0,0,0,1
0.43549722021773113,-0.3458369769424627,-1.3623574932000435,0.20889897996494586,0,0,1,0
-0.9586660049403013,-0.23547374683596853,-0.10800176381161081,-0.8961792187433593,0,1,0,0
-0.005765901523965402,1.6407011649744314,2.6448781766401015,0.6161097334771031,1,0,0,0
-0.8939981336505699,-0.23547374683596853,0.3659723476748581,-0.7483012527988729,1,0,0,0
-0.3975771216911614,-0.5665634371554509,-0.5364935110645296,-0.41903602813430213,0,0,1,0
1.9032042989993796,-0.12511051672947443,-0.7208167766426009,2.167735681564572,0,1,0,0
-0.7557864087372225,-0.45620020704895675,-0.6561839432580823,-0.9901509310923188,0,0,1,0
0.9604481753931977,-0.45620020704895675,-0.6537901346142113,0.33055228199809467,0,0,1,0
-0.6974585248288373,-0.676926667261945,0.5287513354580897,-0.42632065699856236,0,0,0,1
-0.1484156176042552,-0.45620020704895675,0.059564841259362844,-0.26314497043912916,0,1,0,0
0.1571717741766323,-0.5665634371554509,-0.33541358497936125,0.11966227637775564,0,1,0,0
1.5234390548567411,0.42670563380299614,0.22952525497420792,1.0083869978175266,0,0,0,1
-0.5833387519646054,-0.3458369769424627,0.17446765616517357,-0.680189972918038,0,0,0,1
0.47353714450580847,2.9650599262523607,1.7998637253536198,1.0805048235737045,1,0,0,0
-1.3409672440354778,0.42670563380299614,-0.44552878259742956,-1.2054117140312142,0,0,0,1
0.04558799626493885,-0.3458369769424627,-0.9506224064542221,-0.1251012534613943,0,0,1,0
-0.1617295911050823,-0.23547374683596853,-0.012249418056768538,-0.3753282549487395,0,0,0,1
-1.1754935733823417,-0.676926667261945,0.16249861294581813,-1.2687879851502797,0,1,0,0
2.1916737248506317,3.627239306891325,1.325889613867151,2.1291271485839913,1,0,0,0
-0.2942353273752182,-0.45620020704895675,-0.11757699838709525,-0.27662153383801086,0,1,0,0
-0.5300828579612973,-0.3458369769424627,-0.8764143384942193,-0.7960155718597786,0,1,0,0
-1.2794693664364196,-0.5665634371554509,-0.9314719373032537,-1.1788228186766636,0,1,0,0
-1.0518638194460908,-0.3458369769424627,-0.9099276595084143,-1.0433287218014198,0,0,1,0
-0.018445876286657784,-0.3458369769424627,0.5838089342671241,0.22055438614776252,0,0,0,1
-0.5237428705799512,-0.5665634371554509,0.5239637181703477,-0.7384670038321214,0,0,0,1
-0.5224748731036817,-0.014747286622980312,0.40906090326453703,-0.4984384827547406,0,1,0,0
-0.8382062446947233,0.7577953241224785,0.011688668381941924,-0.8939938300840812,0,0,0,1
0.4767071381964814,-0.676926667261945,0.5311451441019608,0.13423153410627642,0,0,0,1
0.524257043556578,0.42670563380299614,1.2421063113316642,0.5884281437929136,0,0,0,1
-0.309451297090449,-0.23547374683596853,0.43299898970324746,-0.4332410544196099,0,0,0,1
-0.7811463582626074,4.068692227317301,0.8279774159419716,-0.3155942982618041,1,0,0,0
-0.055851801836600434,-0.3458369769424627,-0.9601976410297064,-0.4277775827714147,0,0,1,0
2.49726111663152,-0.014747286622980312,0.5933841688426081,3.2261922555416107,0,0,0,1
-0.8128462951693385,-0.676926667261945,-0.4120154615832349,-0.7610493533113287,0,0,1,0
-1.0924397386867064,-0.014747286622980312,0.12180386600001021,-1.1209100192057933,0,1,0,0
1.2704735583410276,0.9785217843354668,1.814226577216846,2.073035506329186,1,0,0,0
-0.8661021891726466,-0.676926667261945,-0.1869974490593556,-0.591317500774061,0,0,0,1
-0.8819521576260122,-0.45620020704895675,-0.5939449185174349,-0.924953502757188,0,0,1,0
-0.9662739897979168,-0.12511051672947443,0.851915502380682,-1.0761095516905916,0,0,0,1
-0.5852407481790094,-0.45620020704895675,0.16489242158968956,-0.523570452336439,0,0,0,1
-1.2864433525559005,2.302880545613396,2.0703641021110486,-0.9497212408956734,1,0,0,0
-0.32720326175821846,-0.5665634371554509,-0.4144092702271059,-0.5093654260511313,0,0,1,0
-0.309451297090449,-0.5665634371554509,-0.6059139617367902,-0.4059236961786334,0,0,1,0
-1.3403332452973433,-0.12511051672947443,-0.5628254061471113,-1.0906788094191124,0,1,0,0
-0.9364760491055896,1.7510643950809255,2.087120762618146,-0.7515793357877901,1,0,0,0
0.14829579184274758,1.7510643950809255,0.8040393295032611,0.8914687045461467,1,0,0,0
1.9165182725002066,-0.23547374683596853,0.5742336996916396,1.628308914166088,0,1,0,0
-0.15792559867627445,-0.676926667261945,-0.7854496100271193,-0.5847613347962266,0,0,1,0
-0.5161348857223357,2.41324377571989,2.1326031268516967,-0.05407612203485514,1,0,0,0
-0.42737506238348855,-0.014747286622980312,-0.038581313139350426,-0.0351360869877782,0,0,0,1
1.343383413226509,-0.12511051672947443,0.38033519953808415,1.6945990368308574,0,0,0,1
-0.8680041853870505,-0.5665634371554509,0.30133951429033934,-0.888530358435886,0,0,0,1
-0.8737101740302621,3.627239306891325,1.117628261850369,-0.4066521590650593,1,0,0,0
0.41077126943048087,-0.676926667261945,-0.32823215904774783,0.11565573050241244,0,1,0,0
-0.11417968574498571,-0.3458369769424627,-0.15109031940128972,0.5472699907098422,0,1,0,0
-1.3435032389880166,-0.5665634371554509,0.38033519953808415,-1.328886173280428,0,1,0,0
-1.1190676856883603,-0.45620020704895675,0.7585569652697107,-1.0400506388125026,0,0,0,1
0.46339316469565434,-0.5665634371554509,0.16728623023356057,0.8164370272442643,0,1,0,0
0.6814887306139644,-0.5665634371554509,-0.4383473566658163,0.8073312411639387,0,0,1,0
-0.14524562391358206,-0.5665634371554509,-0.3904711837883952,-0.6332041167435584,0,1,0,0
0.47290314576767356,-0.45620020704895675,-0.3258383504038768,0.24823597583195203,0,1,0,0
0.6269648391343865,-0.676926667261945,-0.3162631158283928,0.9697784648369463,0,1,0,0
1.937440230858649,-0.676926667261945,-0.6753344124090508,0.9125941282525019,0,0,1,0
-0.36651118352256506,-0.23547374683596853,1.6610228240090983,0.22929594078487509,1,0,0,0
-0.13446764536529363,-0.3458369769424627,0.2845828537832423,-0.38224865236978706,0,0,0,1
-1.0258698711825711,3.5168760767848313,2.6209400902013917,-0.7515793357877901,1,0,0,0
-0.6080647027518558,-0.676926667261945,-0.8812019557819616,-0.7279042919789438,0,0,1,0
-0.5021869134833739,0.7577953241224785,0.2582509587006604,-0.14841206582702765,0,0,0,1
0.7816605312392344,-0.12511051672947443,0.48805658851228184,0.34730692838589367,0,0,0,1
0.006280074500592485,3.7376025369978194,1.9817931822878196,0.7027968169618022,1,0,0,0
-1.2515734219584966,-0.5665634371554509,0.8447340764490691,-1.3165023042111854,0,0,0,1
-0.5097948983409893,-0.12511051672947443,0.7441941134064848,-0.5734701600566229,0,1,0,0
-0.06409378543235067,-0.676926667261945,-1.118189011525196,0.00019436300388477623,0,0,1,0
-1.3301892654871894,-0.5665634371554509,-0.45031639988517175,-1.2640529763885104,0,0,1,0
-0.29867331854216056,-0.5665634371554509,-0.7926310359587325,-0.32433585289891664,0,0,1,0
0.43803321517026955,-0.5665634371554509,-0.4048340356516216,0.09088799236392703,0,1,0,0
-0.12495766429327415,2.7443334660393726,1.742412317900714,0.05810716247475521,1,0,0,0
-0.8718081778158582,-0.676926667261945,-0.1463027021135477,-1.1245523336379233,0,0,1,0
1.428339244136548,-0.23547374683596853,0.21276859446711047,1.7783722687698527,0,1,0,0
-0.29613732358962186,3.627239306891325,1.2660443977703746,0.5866069865768483,1,0,0,0
-0.907312107151397,-0.45620020704895675,-0.1798160231277426,-0.7982009605190568,0,0,0,1
-1.1437936364756107,-0.014747286622980312,0.3324590266606632,-1.0695533857127573,0,0,0,1
-0.4679509816241043,-0.5665634371554509,-1.1756404189781011,-0.6313829595274932,0,0,1,0
-0.14778161886612048,-0.676926667261945,-0.2851436034580689,-0.3414547307299286,0,1,0,0
-0.20610950277450577,-0.45620020704895675,-0.7064539247793744,-0.05917536223983745,0,0,1,0
-0.5731947721544515,-0.014747286622980312,0.46411850207357136,-0.6390318198349666,0,0,0,1
-1.3295552667490547,-0.3458369769424627,-0.5029801900503349,-1.431235208823287,0,0,1,0
-0.7621263961185687,-0.45620020704895675,0.1170162487122682,-0.8357167991699979,0,1,0,0
-0.808408304002396,0.7577953241224785,1.062570663041335,-0.8306175589650157,0,0,0,1
-0.5960187267272979,-0.676926667261945,-0.07927606008515833,-0.6339325796299844,0,0,1,0
1.2971015053426813,-0.3458369769424627,-0.1032141465238688,2.118928668174027,0,0,0,1
-1.0905377424723026,-0.12511051672947443,-0.23247981329290554,-1.0196536779925733,0,1,0,0
-0.5503708175816051,-0.23547374683596853,-0.6490025173264691,-0.6623426322006,0,1,0,0
0.490655110435443,0.6474320940159843,2.7837190779846233,0.5906135324521915,1,0,0,0
-0.13510164410342812,-0.676926667261945,0.07392769312258929,0.002743983106375932,0,1,0,0
1.3490894018697204,-0.45620020704895675,-0.7591177149445378,1.049909382343811,0,0,1,0
-0.010837891429042264,-0.45620020704895675,-0.5508563629277561,0.5123037721613921,0,1,0,0
0.9636181690838707,-0.014747286622980312,-0.2085417268541951,0.7916692891057792,0,1,0,0
1.4530651949237983,-0.45620020704895675,-1.2642113388013303,0.6594532752194525,0,0,1,0
1.8772103507358602,3.8479657671043137,1.1894425211665007,3.111459350929509,1,0,0,0
-0.07487176398063912,0.6474320940159843,0.00929485973807092,-0.016196051940701006,0,0,0,1
-0.6137706913950672,0.7577953241224785,0.05238341532774984,-0.8185979213389859,0,0,0,1
0.6269648391343865,-0.5665634371554509,-0.3425950109109743,0.8339201365184894,0,0,1,0
-0.436885043455508,0.316342403696502,0.10025958820517075,-0.19867600499042437,0,0,0,1
0.6402788126352136,-0.12511051672947443,0.1457419524387211,1.1435168632495571,0,0,0,1
-0.47619296521985455,-0.45620020704895675,-0.2851436034580689,-0.399367530200799,0,1,0,0
-0.8673701866489159,-0.45620020704895675,-0.9649852583174484,-0.609529072934712,0,0,1,0
1.1436738107141033,-0.45620020704895675,-0.2923250293896819,1.2586139993048715,0,1,0,0
-1.048059827017283,0.6474320940159843,0.3683661563187291,-0.8746895635937911,0,0,0,1
0.001208084595515397,0.5370688639094903,0.6173222552813186,0.34111499385127225,0,0,0,1
-0.6752685689941256,-0.3458369769424627,-0.6083077703806612,-0.539960867281025,0,0,1,0
-0.11734967943565887,0.5370688639094903,0.883035014751006,0.2333024866602183,0,0,0,1
0.7207966523783107,2.192517315506902,1.771138021627167,1.5893361497422949,1,0,0,0
0.8152624643603694,-0.014747286622980312,-0.2923250293896819,0.6248512881142156,0,1,0,0
0.6554947823504447,-0.45620020704895675,-0.6346396654632429,0.27992411139148476,0,0,1,0
-0.9358420503674549,1.0888850144419608,1.3953100645394114,-1.169717032596338,1,0,0,0
0.796876500954465,-0.014747286622980312,0.35400330445550265,0.48680757113648054,0,0,0,1
0.9439642082016972,-0.3458369769424627,0.25106953276904737,0.49190681134146286,0,1,0,0
2.0319060428407076,-0.014747286622980312,0.5048132490193793,1.5055629178032996,0,1,0,0
-0.48443494881560456,2.523607005826384,2.125421700920083,0.11456303617277333,1,0,0,0
-0.8103103002167998,0.6474320940159843,-0.05533797364644745,-0.8124059868043646,0,0,0,1
-1.0303078623495134,-0.12511051672947443,0.10025958820517075,-0.8674049347295307,0,0,0,1
-0.3918711330479498,2.523607005826384,2.1804792997291176,0.1710189098707917,1,0,0,0
-0.06409378543235067,-0.3458369769424627,1.0410263852464952,-0.05079803904593808,0,0,0,1
-1.1006817222824565,-0.3458369769424627,-0.33541358497936125,-1.239649469693238,0,0,1,0
-1.001143920395321,1.8614276251874196,1.507819070801351,-0.8065782837129563,1,0,0,0
-0.9149200920090125,0.7577953241224785,-0.33780739362323225,-1.0120048176851,0,0,0,1
-0.6949225298762988,-0.676926667261945,0.9452740394916533,-0.6568791605524046,0,0,0,1
-0.8388402434328579,0.6474320940159843,0.3372466439484052,-0.7086000254886536,0,0,0,1
-0.9865619494182247,-0.45620020704895675,-0.44074116530968754,-1.1737235784716813,0,0,1,0
-0.630888657324702,-0.5665634371554509,-0.553250171571627,-0.8440941223638974,0,0,1,0
-0.49014093745881615,-0.23547374683596853,0.09068435362968674,-0.11490277305142968,0,0,0,1
0.5584929754158475,-0.45620020704895675,-0.2755683688825849,0.51084684638854,0,0,1,0
1.3693773614900282,-0.676926667261945,-0.7471486717251824,1.0051089148286094,0,0,1,0
-0.7754403696193958,-0.5665634371554509,-0.5987325358051769,-0.7439304754803167,0,0,1,0
1.1931257122886034,-0.5665634371554509,-1.034405708989709,0.32654573612275145,0,0,1,0
-0.6270846648958944,-0.676926667261945,-0.8405072088361536,-0.5705563085109188,0,0,1,0
0.13117782591311283,4.068692227317301,2.6400905593523594,0.6040900958510735,1,0,0,0
-0.9916339393233017,3.627239306891325,1.6179342684194193,-0.8510145197849448,1,0,0,0
1.8765763519977252,0.5370688639094903,-0.7447548630813113,2.064658183135287,0,0,0,1
0.28967751044676815,-0.3458369769424627,-0.3665330973496847,0.1728400670868567,0,0,1,0
1.833464437804571,-0.5665634371554509,-0.8907771903574457,1.626487756950023,0,0,1,0
-0.41786508131146927,-0.3458369769424627,-1.070312838647775,-0.5709205399541317,0,0,1,0
1.8144444756605327,-0.45620020704895675,0.45933088478582895,2.391009556254154,0,1,0,0
0.1837997211782863,-0.676926667261945,-0.3665330973496847,-0.36950055185733127,0,0,1,0
0.8165304618366385,-0.3458369769424627,-1.03679951763358,0.7410411184991692,0,0,1,0
-1.2496714257440926,-0.3458369769424627,-1.0248304744142247,-1.3409058109064578,0,0,1,0
-1.088001747519764,-0.676926667261945,-0.6274582395316296,-1.2236232861918652,0,0,1,0
-0.5865087456552786,-0.5665634371554509,-0.8524762520555089,-0.7286327548653698,0,0,1,0
0.8387204176713503,0.316342403696502,-0.35217024548645826,1.0091154607039525,0,0,0,1
2.0661419746999776,-0.45620020704895675,-0.04336893042709244,1.437087406479252,0,0,1,0
-0.9960719304902439,-0.014747286622980312,0.1170162487122682,-0.7650558991866718,0,1,0,0
0.902754290222947,0.20597917359000792,0.6939241318851924,1.4316239348310564,0,0,0,1
0.4133072643830193,-0.45620020704895675,-0.5556439802154981,0.2744606397432895,0,0,1,0
2.1688497702777854,0.20597917359000792,0.186436699384529,2.623389217024061,0,0,0,1
-0.3164252832099298,-0.3458369769424627,-0.14869651075741872,-0.6386675883917535,0,1,0,0
-0.870540180339589,-0.3458369769424627,-1.1540961411832618,-0.7967440347462046,0,0,1,0
-0.5560768062248167,0.316342403696502,-0.12954604160645025,-0.365858237425201,0,0,0,1
-1.1342836554035916,-0.45620020704895675,-0.8309319742606694,-1.06627530272384,0,0,1,0
3.211143695771103,-0.5665634371554509,-0.2971126466774243,2.657262741242872,0,1,0,0
-0.19279552927367866,-0.676926667261945,-0.8213567396851852,-0.9825020707848453,0,0,1,0
-0.27331336901677555,0.6474320940159843,0.23191906361807893,-0.6437668285967358,0,0,0,1
0.7708825526909457,-0.3458369769424627,-0.8237505483290561,0.2384017268652006,0,0,1,0
-0.823624273717627,0.09561594348351381,2.6544534112155866,-0.06427460244481976,1,0,0,0
-0.8882921450073583,-0.676926667261945,-0.680122029696793,-0.890715747095164,0,0,1,0
1.5709889602168379,-0.676926667261945,-0.23247981329290554,0.924613765878532,0,0,0,1
1.1645957690725457,-0.23547374683596853,0.4401804156348605,0.544356139164138,0,1,0,0
0.883100329340774,0.7577953241224785,-0.2085417268541951,0.39283585878752125,0,0,0,1
4.33015146857871,-0.45620020704895675,-1.12776424610068,2.521040181481202,0,0,1,0
0.1837997211782863,-0.45620020704895675,-0.8405072088361536,-0.37095747763018333,0,0,1,0
-0.3081832996141798,2.7443334660393726,0.8878226320387479,0.19250856502035982,1,0,0,0
-0.9497900226064167,-0.5665634371554509,-1.3599636845561724,-0.8837953496741165,0,0,1,0
1.1975637034555457,0.6474320940159843,0.2606447673445314,1.6261235255068096,0,0,0,1
0.8869043217695813,-0.5665634371554509,-0.23247981329290554,0.4609471386683563,0,0,1,0
1.4029792946111632,-0.3458369769424627,-0.3425950109109743,1.2877525147619138,0,1,0,0
-0.8927301361743007,-0.45620020704895675,-1.161277567114875,-0.767605519289163,0,0,1,0
0.3258154385204416,-0.45620020704895675,0.2534633414129184,-0.1673521008741046,0,0,0,1
-0.9694439834885898,-0.3458369769424627,-0.5795820666542087,-0.9362446774967916,0,0,1,0
-1.2553774143873042,0.6474320940159843,-0.05294416500257645,-1.0163755950036562,0,0,0,1
2.9157002838003696,3.406512846678337,1.979399373643949,4.9271530953464175,1,0,0,0
0.3442014019263456,-0.3458369769424627,1.2181682248929533,0.8004108437428915,0,0,0,1
-0.786852346905819,-0.3458369769424627,0.13856052650710768,-0.35675245134487554,0,0,0,1
-1.1406236427849379,-0.676926667261945,-0.4239845048025901,-1.4082886279008666,0,0,1,0
-0.9320380579386471,-0.676926667261945,-1.070312838647775,-0.8481006682392406,0,0,1,0
0.31503745997215293,-0.676926667261945,-0.24684266515613199,-0.17026595241980896,0,0,1,0
-0.22512946491854444,-0.45620020704895675,-1.0870694991548722,-0.25367495291559067,0,0,1,0
0.13941980950886285,-0.45620020704895675,-0.41680307887097684,0.5629319427680021,0,0,1,0
-1.2743973765313428,-0.3458369769424627,-0.21572315278580853,-1.2177955831004568,0,1,0,0
0.19077370729776733,-0.5665634371554509,0.23670668090582095,0.08105374339717561,0,1,0,0
-0.4108910951919885,-0.45620020704895675,0.45693707614195794,-0.523570452336439,0,0,0,1
-0.05965579426540831,-0.5665634371554509,-0.6178830049561455,-0.5293981554278473,0,0,1,0
-0.4102570964538538,-0.45620020704895675,-0.04576273907096344,-0.44416799771600046,0,0,0,1
3.101461914073814,-0.676926667261945,-0.3904711837883952,1.3467580085624227,0,0,1,0
-0.771636377190588,-0.3458369769424627,-0.8740205298503483,-0.836445262056424,0,0,1,0
1.956460193002688,-0.45620020704895675,-0.16545317126451617,1.135868002942084,0,1,0,0
-0.1420756302229089,0.09561594348351381,0.11462244006839721,0.16846928976830056,0,0,0,1
0.9712261539414859,-0.5665634371554509,-1.0559499867845483,1.1045440988257642,0,0,1,0
0.3860453186432306,-0.3458369769424627,-0.5676130234348533,0.2540636789233605,0,1,0,0
-0.9916339393233017,-0.3458369769424627,0.05238341532774984,-0.9038280790508327,0,0,0,1
2.428155254174846,-0.5665634371554509,-0.7327858198619561,1.0167643210114257,0,0,1,0
-0.6993605210432412,-0.5665634371554509,-0.8596576779871221,-0.7217123574443224,0,0,1,0
-0.5592467999154899,-0.676926667261945,-0.32823215904774783,-0.5148288976993265,0,1,0,0
0.21296366313247891,0.42670563380299614,-0.1702407885522582,0.3199895701449171,0,0,0,1
-1.448113030780229,-0.5665634371554509,-0.6896972642722772,-1.4028251562526712,0,0,1,0
0.5267930385091164,-0.5665634371554509,-0.7926310359587325,0.010028611970636453,0,0,1,0
-0.6822425551136064,0.6474320940159843,-0.07688225144128734,-0.4740349760594682,0,0,0,1
-0.3677791809988343,-0.676926667261945,-0.8764143384942193,-0.35602398845844935,0,0,1,0
-0.8065063077879923,-0.5665634371554509,-0.99131715340003,-0.6587003177684697,0,0,1,0
-0.875612170244666,-0.5665634371554509,-0.9769543015368036,-0.7818105455744708,0,0,1,0
0.34610339814074953,-0.45620020704895675,-0.4934049554748507,0.3363799850895031,0,1,0,0
0.15907377039103623,0.7577953241224785,2.5060372752955806,0.3575054087958583,1,0,0,0
-0.14334362769917836,-0.5665634371554509,-1.0248304744142247,-0.523934683779652,0,0,1,0
-0.41786508131146927,2.8546966961458664,1.2014115643858563,0.30542031241639633,1,0,0,0
-0.8667361879107812,0.42670563380299614,0.6508355762955135,-0.6299260337546412,0,0,0,1
0.7918045110493882,-0.3458369769424627,-0.7854496100271193,0.2995926093249881,0,0,1,0
-0.2682413791116987,-0.676926667261945,-1.0990385423742275,-0.11672393026749468,0,0,1,0
-0.6207446775145481,-0.676926667261945,-0.2133293441419371,-0.7595924275384764,0,1,0,0
-0.6720985753034524,0.6474320940159843,0.05238341532774984,-0.5141004348129006,0,0,0,1
1.71807666746407,-0.23547374683596853,-0.24684266515613199,0.9326268576292184,0,1,0,0
-0.46604898540970063,-0.676926667261945,-0.11997080703096626,-0.6576076234388307,0,0,0,1
1.842340420138456,0.316342403696502,2.489280614788483,2.51120593251445,1,0,0,0
1.4226332554933365,-0.014747286622980312,-0.10082033787999779,1.6213885167450406,0,1,0,0
-0.7957283292397037,-0.45620020704895675,-0.9099276595084143,-0.9275031228596792,0,0,1,0
-0.5433968314621244,-0.676926667261945,-0.2181169614296795,-0.5971452038654693,0,1,0,0
-0.7037985122101835,-0.5665634371554509,-0.1391212761819347,-0.5967809724222563,0,0,1,0
-0.32022927563873765,-0.12511051672947443,0.8638845456000375,-0.5100938889375574,0,0,0,1
1.9070082914281874,-0.014747286622980312,0.19122431667227102,1.8468477800939005,0,1,0,0
-0.40074711538183455,-0.12511051672947443,-0.4144092702271059,-0.5563512822256109,0,1,0,0
-0.22005747501346737,-0.676926667261945,-0.10800176381161081,-0.5297623868710604,0,1,0,0
-1.0987797260680525,-0.676926667261945,-0.4359535480219453,-1.1882928362002019,0,0,1,0
2.629766852901655,-0.5665634371554509,-1.3527822586245593,2.6394154005254338,0,0,1,0
0.3086974725908069,0.7577953241224785,0.43539279834711847,0.11383457328634744,0,0,0,1
-0.9865619494182247,0.8681585542289726,2.039244589740725,-0.9045565419372588,1,0,0,0
-1.1342836554035916,-0.5665634371554509,-0.771086758163893,-1.2075971026904921,0,0,1,0
0.780392533762965,1.309611474654949,2.225961663962667,0.9388187921638392,1,0,0,0
-0.3861651444047382,-0.5665634371554509,-0.9554100237419642,-0.7442947069235297,0,0,1,0
-1.0784917664477447,1.309611474654949,1.8836470278891062,-1.1227311764218584,1,0,0,0
1.5652829715736265,-0.5665634371554509,0.5215699095264763,1.0149431637953608,0,0,1,0
-0.155389603723736,-0.45620020704895675,-0.21572315278580853,-0.017652977713553057,0,1,0,0
-0.2923333311608142,-0.3458369769424627,-0.4910111468309797,-0.11126045861929942,0,0,1,0
0.7886345173587153,-0.12511051672947443,-0.06491320822193189,0.23876595830841357,0,1,0,0
-1.254109416911035,-0.676926667261945,-0.11039557245548182,-1.2800791598898833,0,1,0,0
-0.005765901523965402,-0.5665634371554509,0.6484417676516425,0.4110474309481723,0,0,0,1
1.389665321110336,-0.676926667261945,-1.0487685608529353,0.5658457943137062,0,0,1,0
-0.04253782833577333,-0.3458369769424627,-0.90035242493293,-0.507908500278279,0,0,1,0
1.209609679480104,2.41324377571989,0.5838089342671241,2.6802093221652923,1,0,0,0
-0.05458380436033122,0.09561594348351381,0.4306051810593765,0.2638979278901119,0,0,0,1
-0.5193048794130088,-0.5665634371554509,-0.21572315278580853,-0.5690993827380666,0,1,0,0
-0.7608583986422994,-0.3458369769424627,-1.3623574932000435,-0.8688618605023828,0,0,1,0
-0.48380095007746987,-0.5665634371554509,-1.3336317894735907,-0.41757910236145007,0,0,1,0
-0.7374004453313184,-0.45620020704895675,-0.3234445417600058,-0.9333308259510874,0,0,1,0
0.029738027811573312,-0.45620020704895675,-0.2181169614296795,0.23621633820592242,0,0,1,0
-0.40074711538183455,-0.45620020704895675,0.11941005735613922,-0.6102575358211381,0,0,1,0
-0.47048697657664273,-0.676926667261945,-0.47664829496775324,-0.5731059286134099,0,1,0,0
0.6142848643716944,-0.45620020704895675,-0.6561839432580823,0.8768994468176261,0,0,1,0
-0.21308348889398657,-0.45620020704895675,-1.209153739992296,-0.32652124155819484,0,0,1,0
0.008816069453130916,-0.676926667261945,0.43299898970324746,0.37680967528614845,0,1,0,0
-0.6023587141086442,-0.3458369769424627,-0.8357195915484115,-0.6383033569485407,0,0,1,0
-1.068347786637591,-0.676926667261945,-0.7758743754516351,-0.9682970444995375,0,0,1,0
1.886086333069745,-0.676926667261945,-0.7998124618903457,2.0774062836477425,0,0,1,0
0.6637367659461949,-0.3458369769424627,0.0715338844787183,0.24277250418375676,0,1,0,0
0.3594173716415766,0.42670563380299614,0.27979523649549987,0.051550996496920846,0,0,0,1
-0.9085801046276663,-0.014747286622980312,-0.639427282750985,-1.0214748352086385,0,1,0,0
-0.086917740005197,-0.014747286622980312,0.33006521801679223,-0.33999780495707654,0,1,0,0
-0.07106777155183147,-0.676926667261945,-0.6777282210529217,-0.15023322304309267,0,0,1,0
0.35751537542717265,0.5370688639094903,0.4736937366490554,0.09307338102320524,0,0,0,1
-0.6448366295636637,-0.676926667261945,0.6053532120619636,-0.20304678230898077,0,1,0,0
-0.8267942674083,0.5370688639094903,0.5215699095264763,-0.49406770543618433,0,0,0,1
-0.9694439834885898,-0.3458369769424627,-0.5700068320787245,-0.8003863491783348,0,0,1,0
0.5058710801506741,-0.676926667261945,-0.816569122397443,0.32545304179311235,0,0,1,0
0.5502509918200977,-0.3458369769424627,0.12419767464388165,0.8007750751861047,0,1,0,0
2.2303476478768447,0.316342403696502,0.08829054498581573,3.36714982406505,0,0,0,1
-1.357451211226978,-0.3458369769424627,-0.7662991408761508,-1.0411433331421416,0,0,1,0
-0.684778550066145,2.9650599262523607,0.3970918600451816,-0.4605584126605865,1,0,0,0
-0.617574683823875,-0.014747286622980312,0.9500616567793954,-0.5559870507823979,0,0,0,1
-1.0265038699207056,-0.45620020704895675,0.2965518970025973,-0.978131293466289,0,1,0,0
1.76879656651484,-0.676926667261945,1.2133806076052112,2.0748566635452517,0,0,0,1
-0.8090423027405307,3.627239306891325,3.4970740538581975,-0.9621051099649162,1,0,0,0
-0.90224011724632,-0.5665634371554509,-0.6681529864774376,-0.5279412296549952,0,0,1,0
-0.8794161626734736,-0.45620020704895675,-0.3593516714180717,-0.5956882780926172,0,1,0,0
-1.238893447195804,0.5370688639094903,1.2349248854000507,-1.0549841279842365,1,0,0,0
0.35561337921276875,-0.45620020704895675,-0.4024402270077506,-0.06864537976337617,0,0,1,0
1.1512817955717185,-0.676926667261945,0.01647628566968393,1.614832350767206,0,1,0,0
-0.6657585879221063,0.20597917359000792,0.3923042427574396,-0.5352258585192556,0,0,0,1
0.0620719634564391,-0.23547374683596853,0.6628046195148689,-0.0132822003949969,0,0,0,1
0.6808547318758295,-0.014747286622980312,-0.026612269919994984,1.0444459106956154,0,1,0,0
-0.14524562391358206,-0.676926667261945,-0.7232105852864719,0.2806525742779109,0,0,1,0
-0.4521010131707388,2.6339702359328783,2.012912694658144,0.004200908879227984,1,0,0,0
-0.019079875024792504,-0.45620020704895675,-0.3473826281987163,-0.3742355606191004,0,0,1,0
-0.0330278472637541,-0.12511051672947443,0.12419767464388165,0.05446484804262495,0,0,0,1
-0.8267942674083,0.5370688639094903,0.5622646564722842,-0.9642904986241942,0,0,0,1
-1.1475976289044185,-0.5665634371554509,-0.4120154615832349,-1.0877649578734083,0,1,0,0
-0.32149727311500687,-0.5665634371554509,-0.814175313753572,-0.6448595229263749,0,0,1,0
1.1937597110267384,-0.23547374683596853,-0.060125590934189885,1.030605115853521,0,0,0,1
0.010718065667534853,0.6474320940159843,0.5742336996916396,-0.1498689915998797,0,0,0,1
-0.23083545356175603,-0.5665634371554509,0.19122431667227102,-0.1666236379876787,0,1,0,0
-0.17123957217710153,-0.45620020704895675,-0.6920910729161482,-0.07556577718442349,0,0,1,0
-0.3227652705912761,-0.3458369769424627,-0.16545317126451617,-0.1556966946912879,0,1,0,0
1.0523779924227175,-0.3458369769424627,-1.0751004559355168,0.8954752504214899,0,0,1,0
-0.3817271532377959,-0.45620020704895675,-0.5340997024206586,-0.4212214167935803,0,0,1,0
-0.7278904642592992,-0.23547374683596853,-0.40722784429549264,-0.9271388914164661,0,1,0,0
0.2110616669180752,0.5370688639094903,0.06914007583484728,0.01622054650525787,0,0,0,1
-0.2542934068727371,-0.5665634371554509,-0.6059139617367902,-0.4325125915331838,0,0,1,0
-0.4926769324113546,-0.5665634371554509,-0.45271020852904276,-0.6619784007573869,0,1,0,0
-0.7633943935948379,1.4199747047614433,2.283413071415573,-0.451452626580261,1,0,0,0
0.27255954451713343,-0.5665634371554509,0.8447340764490691,0.029697109904139544,0,0,0,1
-1.0353798522545905,-0.5665634371554509,-0.40962165293936365,-1.4010039990366063,0,0,1,0
0.16034176786730547,-0.12511051672947443,-0.6226706222438876,0.5494553793691204,0,1,0,0
0.42471924166944247,-0.45620020704895675,-0.2827497948141979,-0.16808056376053074,0,0,1,0
0.2719255457789987,-0.23547374683596853,-0.0625193995780609,0.08323913205645356,0,1,0,0
0.17936173001134414,-0.45620020704895675,-0.3976526097200086,0.014763620732405816,0,0,1,0
-0.7361324478550492,-0.5665634371554509,-0.596338727161306,-0.8929011357544421,0,0,1,0
-0.24922141696766,-0.45620020704895675,-1.2785741906645567,-0.5975094353086823,0,0,1,0
0.509675072579482,-0.45620020704895675,-0.6298520481755009,0.6157455020338901,0,1,0,0
0.8241384466942542,0.8681585542289726,0.27022000192001583,2.2613431624703177,1,0,0,0
-0.46351299045716193,-0.45620020704895675,-0.6609715605458245,-0.3975463729847338,0,0,1,0
0.20408768079859418,-0.676926667261945,-1.3623574932000435,0.13678115420876757,0,0,1,0
0.4278892353601156,-0.3458369769424627,-0.10082033787999779,0.46422522165727337,0,0,1,0
-0.453369010647008,-0.45620020704895675,0.0428081807522654,-0.34400435083241976,0,1,0,0
1.0694959583523524,3.406512846678337,2.1014836144813724,1.8228085048418412,1,0,0,0
-0.3227652705912761,-0.23547374683596853,-0.050550356358705445,-0.4059236961786334,0,0,0,1
0.9591801779169282,-0.45620020704895675,0.5838089342671241,1.13659646582851,0,1,0,0
-0.3646091873081611,-0.45620020704895675,-0.6681529864774376,-0.11053199573287352,0,0,1,0
-0.8052383103117229,1.4199747047614433,2.3145325837858963,0.011849769186701452,1,0,0,0
-1.448113030780229,-0.45620020704895675,-0.4718606776800112,-1.101969984158716,0,1,0,0
-0.9409140402725319,-0.45620020704895675,0.0763215017664603,-1.0436929532446328,0,1,0,0
-1.0677137878994563,-0.676926667261945,-0.7088477334232455,-0.9213111883250578,0,0,1,0
0.9059242839136203,-0.014747286622980312,-0.6059139617367902,0.8900117787732948,0,1,0,0
-0.19850151791689025,-0.676926667261945,-0.9123214681522852,-0.46638611575199485,0,0,1,0
-1.448113030780229,-0.676926667261945,-0.9290781286593827,-1.2243517490782911,0,0,1,0
-0.01717787881038857,-0.014747286622980312,-0.07927606008515833,-0.22271528024248388,0,1,0,0
-1.0017779191334557,-0.45620020704895675,-0.249236473800003,-1.0076340403665438,0,1,0,0
0.40950327195421166,-0.45620020704895675,-0.2923250293896819,-0.14404128850847123,0,0,0,1
-0.5345208491282396,-0.3458369769424627,-1.1301580547445513,-0.2933761802258098,0,0,1,0
-1.4081711102777479,-0.5665634371554509,0.4377866069909895,-1.2968338062776823,0,1,0,0
-0.22069147375160209,-0.3458369769424627,-0.23247981329290554,0.011485537743488504,0,0,1,0
-0.4108910951919885,-0.676926667261945,0.24388810683743437,-0.4332410544196099,0,1,0,0
-0.781780357000742,1.8614276251874196,1.2301372681123086,-0.5953240466494042,1,0,0,0
0.28397152180355656,-0.014747286622980312,-0.7902372273148615,-0.0773869344004885,0,1,0,0
-0.5281808617468933,0.20597917359000792,0.4521494588542159,-0.16225286066912228,0,0,0,1
-0.9333060554149165,-0.12511051672947443,-0.6370334741071139,-1.1318369625021838,0,1,0,0
0.4272552366219809,-0.676926667261945,-1.0176490484826115,-0.12910779933673752,0,0,1,0
-0.47048697657664273,1.9717908552939136,2.496462040720097,-0.4660218843087818,1,0,0,0
2.459221192343443,0.42670563380299614,0.5957779774864791,1.755425687847432,0,0,0,1
1.5874729274083383,0.6474320940159843,0.09786577956129976,2.1149221222986836,0,0,0,1
-0.026053861144273303,1.4199747047614433,2.149359787358794,0.24823597583195203,1,0,0,0
-0.453369010647008,-0.014747286622980312,-0.17263459719612917,-0.5789336317048183,0,1,0,0
-0.7519824163084148,-0.676926667261945,-0.9266843200155115,-0.8349883362835718,0,0,1,0
0.3270834359967108,-0.3458369769424627,-0.5724006407225954,0.561110785551937,0,0,1,0
-0.40074711538183455,-0.3458369769424627,-0.9147152767961563,-0.3225146956828516,0,0,1,0
-0.9852939519419553,-0.676926667261945,-0.3761083319251692,-1.0007136429454964,0,0,1,0
0.5115770687938854,-0.676926667261945,-1.2402732523626196,0.2249251634663187,0,0,1,0
1.9051062952137834,-0.5665634371554509,0.624503681212932,1.5926142327312118,0,0,0,1
-0.44132303462245037,-0.3458369769424627,-0.47904210361162425,-0.37095747763018333,0,0,1,0
0.06841195083778541,-0.676926667261945,0.6173222552813186,0.040624053200530065,0,0,0,1
-0.9865619494182247,-0.12511051672947443,-0.254024091087745,-1.1627966351752907,0,1,0,0
0.07665393443353542,3.406512846678337,2.16372263922202,0.22456093202310573,1,0,0,0
-0.8692721828633196,-0.12511051672947443,-0.3138693071845214,-0.7537647244470681,0,1,0,0
-1.2040235165984,3.296149616571843,2.410284929540739,-0.7519435672310032,1,0,0,0
0.2522715848968255,-0.5665634371554509,-0.6370334741071139,-0.35165321113989323,0,0,1,0
1.1791777400496417,-0.676926667261945,-1.1876094621974564,0.9468318839145262,0,0,1,0
-0.5389588402951819,3.5168760767848313,1.8525275155187828,-0.02857992100994384,1,0,0,0
1.3408474182739705,0.316342403696502,0.2917642797148553,1.3398376111413755,0,0,0,1
0.491289109173578,-0.45620020704895675,-0.36413928870581375,0.5399853618455817,0,1,0,0
0.1983816921553826,-0.676926667261945,-0.44074116530968754,-0.04897688182987283,0,0,1,0
0.4976290965549238,0.20597917359000792,0.3970918600451816,1.135868002942084,0,0,0,1
-1.018261886324956,3.0754231563588545,1.586814756049096,-0.8874376641062468,1,0,0,0
-1.4088051090158824,-0.45620020704895675,0.29894570564646833,-1.3503758284299963,0,1,0,0
0.659932773517387,-0.45620020704895675,-0.9937109620439011,0.16337004956331824,0,0,1,0
0.13941980950886285,-0.5665634371554509,-1.3623574932000435,-0.13238588232565482,0,0,1,0
-0.012739887643446201,-0.12511051672947443,-0.4718606776800112,-0.33599125908173333,0,1,0,0
-0.16997157470083232,-0.45620020704895675,-0.38568356650065316,-0.488968465231202,0,0,1,0
0.559760972892117,-0.12511051672947443,-0.3976526097200086,0.7647161623080158,0,1,0,0
-0.031125851049350166,-0.3458369769424627,-0.33301977633548985,0.04135251608695622,0,0,0,1
-0.35383120875987245,-0.676926667261945,-0.905140042220672,-0.9001857646187026,0,0,1,0
-1.0892697449960334,-0.45620020704895675,-0.23726743058064798,-1.1580616264135213,0,1,0,0
0.33595941833059556,0.316342403696502,-0.23966123922451898,0.17866777017826518,0,0,0,1
-0.0653617829086199,-0.45620020704895675,0.2558571500567894,-0.27589307095158494,0,1,0,0
-0.2517574119201984,-0.5665634371554509,-1.0463747522090643,-0.3418189621731418,0,0,1,0
0.8590083772916581,-0.5665634371554509,-0.2827497948141979,0.5381642046295166,0,0,1,0
-0.10466970467296625,2.6339702359328783,2.5515196395291313,-0.12765087356388546,1,0,0,0
0.522989046080309,-0.23547374683596853,0.3252776007290502,0.45293404691766964,0,1,0,0
-0.21244949015585207,3.406512846678337,1.699323762311035,0.38445853559362186,1,0,0,0
-0.19723352044062104,-0.45620020704895675,-0.4574978258167848,-0.3931755956661776,0,1,0,0
-0.5668547847731052,-0.3458369769424627,-0.35456405413032926,-0.5217492951203739,0,0,1,0
0.3055274789001337,0.09561594348351381,0.11462244006839721,-0.09122772924258338,0,0,0,1
0.509675072579482,-0.3458369769424627,-0.4957987641187217,0.7516038303523471,0,0,1,0
-0.3975771216911614,-0.45620020704895675,-0.5388873197084006,-0.7756186110398494,0,0,1,0
-0.6251826686814904,-0.3458369769424627,-0.5245244678451744,-1.11690347333045,0,0,1,0
-1.0087519052529363,-0.12511051672947443,-0.11997080703096626,-0.9063776991533239,0,0,0,1
-0.2955033248514874,-0.5665634371554509,-0.5197368505574324,-0.3374481848545854,0,0,1,0
0.2313496265383829,-0.3458369769424627,-0.467073060392269,0.4150539768235155,0,0,1,0
1.6889127255098773,-0.5665634371554509,0.05717103261549184,1.4818878739944537,0,0,0,1
0.8469624012671005,-0.676926667261945,0.08829054498581573,0.20379973975996354,0,1,0,0
0.17365574136813233,-0.23547374683596853,-0.48622352954323744,0.5683954144161973,0,1,0,0
-0.42166907374027696,-0.45620020704895675,-1.3623574932000435,-0.2933761802258098,0,0,1,0
0.21296366313247891,-0.676926667261945,-0.6705467951213088,-0.1054327555278912,0,0,1,0
1.9291982472628992,-0.45620020704895675,-0.5269182764890453,1.1792115446844333,0,0,1,0
-0.48380095007746987,2.41324377571989,1.979399373643949,-0.5122792775968353,1,0,0,0
0.380339330000019,-0.5665634371554509,-1.2354856350748775,0.22929594078487509,0,0,1,0
0.6428148075877521,-0.45620020704895675,-0.4024402270077506,0.9417326437095439,0,0,1,0
-0.6714645765653179,-0.23547374683596853,-0.5173430419135612,-0.7286327548653698,0,1,0,0
-0.6137706913950672,0.9785217843354668,2.3001697319226704,-0.16225286066912228,1,0,0,0
0.9458662044161011,3.406512846678337,2.084726953974275,2.2238273238193766,1,0,0,0
-1.3149732957719587,-0.3458369769424627,-0.8907771903574457,-1.0801160975659347,0,0,1,0
-0.9117500983183393,-0.45620020704895675,-0.3258383504038768,-1.2287225263968473,0,1,0,0
-0.5047229084359125,-0.3458369769424627,0.17446765616517357,-0.3949967528822426,0,1,0,0
-0.6106006977043942,3.0754231563588545,3.1236399054143127,-0.7253546718764526,1,0,0,0
-0.02034787250106172,-0.014747286622980312,0.6508355762955135,0.20343550831675059,0,0,0,1
-0.0653617829086199,0.7577953241224785,2.652059602571715,0.1389665428680458,1,0,0,0
-0.57573076710699,-0.014747286622980312,0.5335389527458317,-0.7941944146437135,0,0,0,1
-0.1008657122441586,-0.676926667261945,-0.30429407260903735,-0.5359543214056818,0,1,0,0
-1.1989515266933228,-0.676926667261945,-0.6130953876684034,-1.1274661851836276,0,0,1,0
2.026200054197496,1.9717908552939136,1.471911941143285,4.056275714624085,1,0,0,0
-0.8451802308142041,-0.676926667261945,0.6843488973097084,-0.8422729651478322,0,0,0,1
0.12610583600803574,-0.45620020704895675,-0.9865295361122879,0.32436034746347353,0,0,1,0
-0.7323284554262416,-0.5665634371554509,-0.8883833817135746,-0.7228050517739615,0,0,1,0
0.3207434486153645,-0.676926667261945,0.15292337837033412,0.3655185005465447,0,1,0,0
0.44500720128975035,-0.3458369769424627,-0.5317058937767876,0.15062194905086246,0,0,1,0
-0.6657585879221063,-0.014747286622980312,-0.5939449185174349,-0.6834680559069551,0,1,0,0
1.8778443494739947,-0.45620020704895675,0.22473763768646593,1.5722172719112826,0,1,0,0
-0.23907743715750604,-0.45620020704895675,-0.459891634460656,-0.750486641458151,0,0,1,0
-0.776708367095665,-0.676926667261945,-0.5364935110645296,-0.8502860568985188,0,0,1,0
-1.0119218989436094,3.185786386465349,2.0344569724529835,-0.7479370213556599,1,0,0,0
-0.07487176398063912,-0.676926667261945,-1.2259104004993933,-0.10470429264146505,0,1,0,0
-0.029223854834946456,1.9717908552939136,1.4144605336903797,0.21873322893169728,1,0,0,0
-0.6061627065374519,-0.5665634371554509,-0.816569122397443,-0.15606092613450112,0,0,1,0
3.573156975245972,-0.45620020704895675,-0.23487362193677655,3.065566189084669,0,1,0,0
-0.5535408112722783,-0.3458369769424627,-0.6178830049561455,-0.3454612766052718,0,0,1,0
0.1165958549360165,-0.45620020704895675,-0.5676130234348533,-0.08503579470796196,0,1,0,0
-0.5548088087485475,0.6474320940159843,0.41145471190840804,-0.802935969280826,0,0,0,1
0.8279424391230616,-0.676926667261945,-0.5029801900503349,0.6703802185158433,0,0,1,0
-0.4863369450300083,-0.23547374683596853,0.5407203786774448,-0.35711668278808845,0,0,0,1
1.696520710367493,-0.014747286622980312,2.371983991238802,2.424883080472965,1,0,0,0
1.2634995722215467,0.5370688639094903,2.520400127158807,1.8486689373099654,1,0,0,0
-0.2619013917303524,-0.45620020704895675,-0.6130953876684034,-0.2616880446662771,0,0,1,0
-0.9922679380614363,-0.3458369769424627,-0.816569122397443,-0.5924101951037,0,0,1,0
1.0631559709710061,-0.5665634371554509,-0.45031639988517175,0.4019416448678468,0,0,1,0
-0.3443212276878532,-0.3458369769424627,-0.30429407260903735,-0.419764491020728,0,0,1,0
-1.0258698711825711,-0.23547374683596853,-0.254024091087745,-0.855749528546714,0,0,0,1
-0.008301896476503833,-0.5665634371554509,0.12898529193162364,-0.5796620945912443,0,1,0,0
-0.30057531475656424,-0.23547374683596853,0.038020563464523385,-0.4572803296716693,0,1,0,0
1.3922013160628746,-0.45620020704895675,-0.9984985793316433,0.5461772963802031,0,0,1,0
0.7068486801393491,-0.676926667261945,-1.1038261596619696,0.7155449174742576,0,0,1,0
0.492557106649847,-0.676926667261945,-0.05773178229031888,0.2380374954219874,0,1,0,0
3.4710831784062983,-0.23547374683596853,0.8207959900103582,4.506465778435379,0,0,0,1
-1.0651777929469177,-0.014747286622980312,-0.3785021405690402,-0.9879655424330406,0,1,0,0
1.3034414927240277,-0.3458369769424627,-0.2779621775264559,1.2804678858976533,0,0,1,0
-0.0032299065714269707,-0.676926667261945,-0.44074116530968754,-0.07155923130908028,0,0,1,0
0.931284233439005,-0.3458369769424627,1.1272034964258535,0.9074948880475195,0,0,0,1
1.6400948226735117,-0.5665634371554509,-0.6729406037651797,1.4829805683240929,0,0,1,0
0.25861157227817183,-0.676926667261945,0.30612713157808175,-0.005633340087523433,0,0,0,1
-1.21226550019415,-0.5665634371554509,0.29894570564646833,-1.0830299491116389,0,1,0,0
-0.32593526428194924,1.7510643950809255,2.3145325837858963,0.026783258358435442,1,0,0,0
0.5496169930819628,3.8479657671043137,3.015918516440115,1.5696676518087915,1,0,0,0
-0.669562580350914,4.068692227317301,1.2157744162490822,-0.4802269105940896,1,0,0,0
-0.8027023153591845,0.7577953241224785,0.3276714093729212,-0.5151931291425397,0,0,0,1
-0.5307168566994319,3.627239306891325,1.340252465730377,0.05883562536118111,1,0,0,0
0.3194754511390953,-0.5665634371554509,-0.9865295361122879,0.5363430474134516,0,0,1,0
-0.9396460427962627,-0.676926667261945,-0.5388873197084006,-0.5344973956328296,0,0,1,0
-0.679706560161068,-0.5665634371554509,-1.3623574932000435,-0.9173046424497145,0,0,1,0
0.3752673400949421,-0.014747286622980312,0.018870094313554932,-0.20450370808183282,0,1,0,0
-0.27267937027864103,-0.5665634371554509,-0.6729406037651797,-0.04096379007918641,0,0,1,0
-0.436885043455508,-0.23547374683596853,-0.16066555397677415,-0.802935969280826,0,1,0,0
1.3503573993459896,-0.014747286622980312,-0.46467925174839797,1.610097342005437,0,1,0,0
-0.1623635898432168,-0.12511051672947443,0.32048998344130775,-0.35784514567451464,0,0,0,1
-0.8198202812888192,-0.12511051672947443,0.895004057970361,-0.4845976879126459,0,0,0,1
-0.41596308509706537,-0.45620020704895675,-0.7591177149445378,-0.20231831942255463,0,1,0,0
-0.00956989395277305,-0.45620020704895675,-0.23726743058064798,-0.31814391836429523,0,0,1,0
-1.0994137248061873,-0.45620020704895675,-0.7112415420671166,-1.257132578967463,0,0,1,0
0.41837925428809636,-0.5665634371554509,-1.034405708989709,0.31671148715600006,0,0,1,0
0.7689805564765418,0.20597917359000792,0.7178622183239028,0.9614011416430467,0,0,0,1
-0.9066781084132625,-0.3458369769424627,-1.0798880732232592,-0.7355531522864172,0,0,1,0
-0.7006285185195105,1.309611474654949,1.4503676633484457,-0.6933023048737067,1,0,0,0
0.6941687053766565,-0.5665634371554509,-0.8859895730697036,0.2726394825272245,0,0,1,0
0.7341106258791379,-0.45620020704895675,-1.2785741906645567,0.6375993886266712,0,0,1,0
0.6326708277775983,-0.12511051672947443,0.27979523649549987,0.25697753046906463,0,0,0,1
0.12673983474617045,0.5370688639094903,0.16968003887743155,0.7319353324188437,0,0,0,1
0.030372026549708032,-0.45620020704895675,-0.5819758752980797,0.03188249856341775,0,1,0,0
0.13117782591311283,-0.5665634371554509,-0.5364935110645296,-0.539232404394599,0,0,1,0
0.41647725807369246,-0.676926667261945,-0.3449888195548453,-0.2004971622064896,0,0,1,0
1.5874729274083383,-0.45620020704895675,-0.6561839432580823,1.1500730292273917,0,0,1,0
0.6383768164208097,-0.3458369769424627,-1.0439809435651932,0.9522953555627212,0,0,1,0
0.4291572328363848,-0.3458369769424627,-0.1367274675380637,0.6645525154244348,0,0,0,1
-0.1617295911050823,-0.3458369769424627,-0.5197368505574324,-0.1498689915998797,0,0,1,0
0.6973386990673299,0.7577953241224785,0.2917642797148553,0.10837110163815218,0,0,0,1
-0.24034543463377525,0.316342403696502,1.1750796693032743,0.6223016680117245,1,0,0,0
-0.20547550403637105,3.8479657671043137,1.93631081805427,-0.3043031235222006,1,0,0,0
-1.016359890110552,2.302880545613396,0.9165483357652005,-0.8149556069068556,1,0,0,0
0.32327944356790317,-0.676926667261945,-1.3623574932000435,-0.015831820497488058,0,0,1,0
1.2032696920987576,2.0821540854004077,2.0009436514387886,1.807146552783681,1,0,0,0
0.10898787007840098,-0.5665634371554509,-0.9171090854400272,-0.3385408791842245,0,0,1,0
-1.2883453487703045,0.09561594348351381,0.8710659715316506,-0.9570058697599338,0,0,0,1
-0.34178523273531475,2.192517315506902,1.8022575339974904,0.013670926402766712,1,0,0,0
-0.08755173874333151,-0.676926667261945,-0.1869974490593556,-0.2995681147604312,0,1,0,0
-0.7633943935948379,-0.45620020704895675,-1.03679951763358,-0.6197275533446766,0,0,1,0
-0.8451802308142041,0.6474320940159843,-0.44313497395355855,-0.8626699259677615,0,0,0,1
0.012620061881938564,-0.5665634371554509,-0.20614791821032408,0.4824367938179244,0,1,0,0
-0.828696263622704,-0.5665634371554509,1.5197881140207061,-0.7045934796133104,0,0,0,1
-0.7462764276652032,-0.45620020704895675,-1.163671375758746,-0.8040286636104651,0,0,1,0
1.3021734952477586,-0.45620020704895675,-0.8069938878219587,0.5272372613331261,0,0,1,0
-0.9757839708699362,-0.3458369769424627,-0.2899312207458109,-1.1708097269259772,0,1,0,0
-0.954228013773359,-0.3458369769424627,-1.2761803820206854,-0.9289600486325312,0,0,1,0
-1.2908813437228428,-0.014747286622980312,-0.5149492332696901,-1.0418717960285677,0,1,0,0
0.6345728239920023,0.5370688639094903,0.2893704710709843,1.5092052322354303,0,0,0,1
1.5190010636897988,0.20597917359000792,0.028445328889039372,2.140782554766808,0,0,0,1
-1.198317527955188,1.199248244548455,0.5502956132529292,-0.9817736078984193,1,0,0,0
2.014788076911073,3.9583289972108076,1.2636505891265035,3.5157562528959616,1,0,0,0
1.2584275823164695,-0.3458369769424627,-1.1062199683058405,0.8579594117705487,0,0,1,0
-0.3373472415683724,1.9717908552939136,3.406109325391098,-0.13675665964421096,1,0,0,0
0.218035653037556,-0.3458369769424627,-0.6609715605458245,0.19469395367963802,0,0,1,0
0.5825849274649633,-0.45620020704895675,-0.1032141465238688,0.4143255139370896,0,0,0,1
0.43739921643213486,-0.45620020704895675,-0.6753344124090508,0.5789581262693748,0,0,1,0
-0.5953847279891633,-0.5665634371554509,-0.33062596769161884,-0.679825741474825,0,0,1,0
-0.2619013917303524,4.068692227317301,2.9297414052607573,0.02714748980164839,1,0,0,0
0.4190132530262309,-0.5665634371554509,-0.7567239063006665,0.6412417030588015,0,0,1,0
-0.672732574041587,0.20597917359000792,-0.10800176381161081,-0.5301266183142734,0,0,0,1
-0.015275882595984632,-0.3458369769424627,-1.1756404189781011,-0.09450581223150042,0,0,1,0
-0.5903127380840864,0.42670563380299614,0.5598708478284132,-0.6372106626189015,0,0,0,1
-1.2807373639126889,-0.23547374683596853,-0.639427282750985,-1.3376277279175406,0,1,0,0
0.7721505501672152,-0.45620020704895675,-0.14151508482580571,0.29595029489285785,0,0,1,0
0.36892735271359584,-0.5665634371554509,-0.553250171571627,-0.04934111327308603,0,0,1,0
-0.7050665096864527,-0.3458369769424627,-0.8285381656167982,-0.6168137017989724,0,0,1,0
-0.2840913475650642,0.6474320940159843,0.4234237551277635,-0.5836686404665875,0,0,0,1
-1.1881735481450344,-0.5665634371554509,0.040414372108394395,-1.2840857057652266,0,1,0,0
-0.7266224667830299,0.7577953241224785,3.106883244907216,-0.5268485353253562,1,0,0,0
0.9249442460576588,-0.45620020704895675,-0.6753344124090508,0.2824737314939759,0,0,1,0
1.3002714990333548,2.6339702359328783,2.1804792997291176,3.0193087957966145,1,0,0,0
-1.366327193560863,-0.3458369769424627,0.2630385759884024,-1.2170671202140306,0,1,0,0
-1.0791257651858794,0.7577953241224785,1.2612567804826327,-1.2950126490616172,0,0,0,1
0.3682933539754611,-0.676926667261945,-1.0870694991548722,0.2850233515964671,0,0,1,0
2.7787565563632914,3.406512846678337,2.2092050034555704,2.2813758918470346,1,0,0,0
-0.38679914314287295,-0.23547374683596853,-0.6992724988477614,-0.6765476584859078,0,1,0,0
0.7062146814012142,-0.676926667261945,-0.8285381656167982,0.007478991868145296,0,0,1,0
-0.4736569702673159,-0.45620020704895675,0.48566277986841083,-0.31595852970501725,0,1,0,0
0.8748583457450237,3.8479657671043137,1.8597089414503962,1.4243393059667964,1,0,0,0
0.1489297905808823,2.523607005826384,2.5108248925833228,0.8805417612497561,1,0,0,0
1.6603827822938195,-0.014747286622980312,0.2654323846322738,1.9816134140827182,0,1,0,0
0.5052370814125395,-0.3458369769424627,-1.3240565548981065,0.07741142896504535,0,0,1,0
0.04115000509799648,1.7510643950809255,2.5706701086800994,0.6933267994382635,1,0,0,0
1.6692587646277044,-0.45620020704895675,-0.41680307887097684,0.6732940700615474,0,0,1,0
-0.5744627696307208,2.0821540854004077,1.718474231462004,-0.2500326384834604,1,0,0,0
1.7485086068945321,-0.23547374683596853,2.7262676705317173,3.1118235823727214,1,0,0,0
-0.7272564655211645,-0.12511051672947443,-0.9649852583174484,-0.7413808553778255,0,1,0,0
0.7011426914961373,-0.45620020704895675,-0.06491320822193189,0.7195514633496009,0,0,0,1
0.4995310927693278,-0.676926667261945,0.3133085575096948,0.2511498273776561,0,1,0,0
-0.9605680011547052,-0.3458369769424627,-0.5700068320787245,-1.2578610418538891,0,0,1,0
0.29474950035184505,0.5370688639094903,1.814226577216846,1.3922869389640502,1,0,0,0
1.177275743835238,0.42670563380299614,0.5359327613897028,1.0113008493632307,0,0,0,1
-0.8540562131480889,-0.12511051672947443,-0.026612269919994984,-0.629561802311428,0,0,0,1
-1.275665374007612,3.406512846678337,2.343258287512349,-0.9872370795466145,1,0,0,0
-0.9688099847504552,-0.3458369769424627,-0.8955648076451878,-0.8466437424663885,0,0,1,0
-0.6372286447060483,-0.45620020704895675,-0.02421846127612398,-0.6189990904582505,0,1,0,0
0.11722985367415123,-0.12511051672947443,0.13616671786323667,0.05919985680439432,0,1,0,0
-0.34178523273531475,-0.676926667261945,-0.7854496100271193,-0.45800879255809535,0,0,1,0
-1.1247736743315722,2.6339702359328783,2.7549933742581705,-0.8972719130729984,1,0,0,0
-0.40518510654877693,-0.12511051672947443,0.5407203786774448,-0.2744361451787329,0,0,0,1
0.7613725716189266,-0.676926667261945,-0.7279982025742139,0.1211192021506077,0,0,1,0
-0.8274282661464347,-0.3458369769424627,-0.8069938878219587,-0.4805911420373025,0,0,1,0
-0.5028209122215086,-0.676926667261945,-0.6968786902038903,-0.625919487879298,0,0,1,0
-0.6809745576373372,-0.3458369769424627,-0.3114754985406504,-0.7727047594941453,0,0,1,0
3.036160044045948,-0.5665634371554509,-0.12236461567483725,3.3289055225276822,0,0,1,0
0.022764041692092514,1.8614276251874196,1.2445001199755352,1.1508014921138177,1,0,0,0
1.3085134826291045,3.627239306891325,0.8136145640787451,1.1770261560251551,1,0,0,0
-0.36524318604629585,-0.676926667261945,-0.45031639988517175,-0.37496402350552654,0,1,0,0
2.6836567456430984,-0.5665634371554509,-0.8859895730697036,2.0978032444676717,0,0,1,0
-0.3817271532377959,-0.12511051672947443,0.061958649903233846,-0.043877641624890516,0,0,0,1
-0.3912371343098151,-0.45620020704895675,-0.3689269059935557,-0.5454243389292203,0,1,0,0
-1.1862715519306304,0.6474320940159843,0.40187947733292356,-1.0433287218014198,0,0,0,1
-1.178663567073015,-0.676926667261945,-0.5771882580103375,-1.010547891912248,0,0,1,0
-1.2484034282678231,0.20597917359000792,1.5509076263910304,-1.0739241630313134,0,0,0,1
-1.3263852730583818,0.42670563380299614,2.302563540566541,-1.2454771727846463,1,0,0,0
-0.21815547879906366,2.0821540854004077,2.16372263922202,-0.29701849465794006,1,0,0,0
-0.04887781571711964,-0.3458369769424627,0.10983482278065519,-0.31887238125072137,0,0,0,1
-0.47302297152918144,0.6474320940159843,0.6987117491729344,-0.1309289565528025,1,0,0,0
-0.33544524535396847,3.8479657671043137,1.718474231462004,-0.03185800399886089,1,0,0,0
-0.4736569702673159,-0.676926667261945,0.1792552734529156,-0.8309817904082286,0,1,0,0
0.13815181203259363,-0.45620020704895675,-0.8668391039187351,-0.0777511658437017,0,0,1,0
-0.9060441096751277,-0.3458369769424627,-0.6370334741071139,-0.5359543214056818,0,0,1,0
-0.03936783464510041,-0.45620020704895675,-0.3593516714180717,-0.15132591737273177,0,0,1,0
0.5794149337742899,-0.45620020704895675,-0.5221306592013033,0.7512395989091338,0,0,1,0
4.188769749974689,3.627239306891325,3.726879683669819,4.251503768186264,1,0,0,0
0.7207966523783107,0.20597917359000792,0.16728623023356057,0.34257191962412453,0,0,0,1
-0.6556146081119523,-0.12511051672947443,0.02365771160129694,-0.6878388332255114,0,1,0,0
-1.0207978812774943,1.199248244548455,2.2235678553187963,-0.6998584708515412,1,0,0,0
-0.8927301361743007,0.6474320940159843,0.6508355762955135,-1.0600833681892188,0,0,0,1
-0.436885043455508,-0.3458369769424627,-0.9458347891664799,-0.46201533843343856,0,0,1,0
-0.0032299065714269707,-0.5665634371554509,-0.773480566807764,-0.42850604565784056,0,0,1,0
0.30489348016199896,-0.5665634371554509,-0.17263459719612917,0.13204614544699847,0,0,1,0
0.4545171823617696,-0.45620020704895675,0.3252776007290502,0.9817981024629759,0,0,0,1
-0.7316944566881068,-0.676926667261945,-0.8692329125626064,-0.9027353847211936,0,0,1,0
2.2373216339963253,2.6339702359328783,3.1140646708388284,3.5092000869181272,1,0,0,0
-1.1190676856883603,-0.5665634371554509,-1.3623574932000435,-1.134750814047888,0,0,1,0
-0.3024773109709682,-0.676926667261945,-0.45271020852904276,0.10764263875172601,0,0,1,0
3.105899905240756,0.42670563380299614,2.173297873797504,3.780552512111828,1,0,0,0
-0.3265692630200837,-0.12511051672947443,0.8136145640787451,-0.15897477768020524,0,0,0,1
-0.5643187898205668,1.7510643950809255,1.6586290153652277,-0.6448595229263749,1,0,0,0
-0.13066365293648574,-0.5665634371554509,-0.15587793668903216,-0.5006238714140188,0,0,1,0
-0.3081832996141798,-0.014747286622980312,0.061958649903233846,-0.7260831347628787,0,1,0,0
-0.35319721002173793,3.8479657671043137,2.3456520961562197,-0.2718865250762417,1,0,0,0
-0.3310072541870261,0.6474320940159843,2.9081971274659177,-0.09122772924258338,1,0,0,0
-0.7912903380727613,-0.23547374683596853,0.0428081807522654,-0.9704824331588157,0,1,0,0
-0.8401082409091272,-0.45620020704895675,0.5455079959651872,-0.8470079739096016,0,0,0,1
-0.6055287077993172,0.7577953241224785,0.38512281682582655,-0.1436770570652583,0,0,0,1
0.6358408214682713,3.0754231563588545,2.4461920591988044,1.6705597615787982,1,0,0,0
1.8962303128798987,-0.5665634371554509,-0.39525880107613764,1.4458289611163644,0,1,0,0
-0.9218940781284932,0.42670563380299614,-0.26120551701935846,-0.8309817904082286,0,0,0,1
-0.711406497067799,-0.3458369769424627,-1.1828218449097143,-0.503901954402936,0,0,1,0
0.7144566649969645,-0.45620020704895675,-0.7303920112180852,0.47879447938579417,0,0,1,0
-0.7855843494295497,-0.5665634371554509,-0.7279982025742139,-0.6379391255053275,0,0,1,0
0.5217210486040396,-0.5665634371554509,0.21276859446711047,0.39574971033322537,0,0,0,1
0.04748999247934278,-0.676926667261945,-0.5987325358051769,-0.14039897407634125,0,0,1,0
2.7172586787642334,-0.5665634371554509,-0.9530162150980932,1.7415848930053375,0,0,1,0
-0.9681759860123206,-0.45620020704895675,-0.4263783134464611,-0.9336950573943005,0,1,0,0
0.6085788757284826,-0.676926667261945,-0.80938769646583,0.494456431443954,0,0,1,0
-1.4417730433988827,-0.12511051672947443,0.20558716853549747,-1.431235208823287,0,0,0,1
-0.06916577533742754,-0.014747286622980312,-0.4335597393780743,-0.04314917873846462,0,1,0,0
1.8575563898536869,0.6474320940159843,-0.7064539247793744,0.9668646132912423,0,0,0,1
-0.5478348226290667,-0.014747286622980312,0.46411850207357136,-0.28609155136154957,0,0,0,1
-0.6302546585865674,-0.676926667261945,-0.3473826281987163,-0.4740349760594682,0,0,1,0
-1.1640815960959185,-0.014747286622980312,0.25106953276904737,-0.7249904404332396,0,0,0,1
0.048757989955612,-0.3458369769424627,-0.8979586162890588,-0.262416507552703,0,0,1,0
-1.0138238951580134,-0.3458369769424627,-0.24444885651226098,-0.8287964017489505,0,1,0,0
-0.2162534825846597,3.5168760767848313,1.4120667250465089,0.3513134742612369,1,0,0,0
0.8418904113620232,-0.45620020704895675,-1.3623574932000435,0.10909956452457807,0,0,1,0
-0.4058191052869114,-0.45620020704895675,-0.44792259124130057,-0.39390405855260374,0,1,0,0
0.3847773211669614,0.5370688639094903,2.515612509871065,1.6406927832353309,1,0,0,0
2.9943161273290624,2.41324377571989,1.4360048114852193,2.637594243309368,1,0,0,0
3.7329246572558965,-0.676926667261945,0.16728623023356057,3.230563032860167,0,0,0,1
0.35624737795090344,0.20597917359000792,1.2061991816735982,1.3081494755818424,1,0,0,0
-0.1756775633440439,-0.014747286622980312,0.059564841259362844,-0.13821358541706302,0,0,0,1
-0.5433968314621244,0.20597917359000792,0.5862027429109952,-0.5068158059486402,0,0,0,1
-0.8895601424836276,-0.676926667261945,-1.1852156535535854,-0.8684976290591698,0,0,1,0
-0.5636847910824323,-0.23547374683596853,-0.2803559861703269,-0.3287066302174728,0,1,0,0
0.7746865451197537,-0.5665634371554509,-0.687303455628406,0.6816713932554468,0,0,1,0
-0.7354984491169145,-0.676926667261945,-0.6992724988477614,-0.6546937718931265,0,0,1,0
-0.22639746239481368,-0.3458369769424627,-0.6011263444490482,-0.42632065699856236,0,0,1,0
-0.5135988907697973,0.5370688639094903,0.13137910057549465,-0.18447097870511678,0,0,0,1
0.4285232340982503,-0.014747286622980312,0.404273285976795,0.31161224695101775,0,1,0,0
-0.3906031355716806,-0.12511051672947443,-0.05294416500257645,-0.5421462559403031,0,0,0,1
3.4032453134258933,-0.3458369769424627,-0.36413928870581375,1.121662976656776,0,0,1,0
-0.6156726876094711,3.627239306891325,1.2301372681123086,-0.1251012534613943,1,0,0,0
1.7928885185639554,-0.45620020704895675,-0.3713207146374267,1.1671919070584036,0,0,1,0
-0.7906563393346268,1.199248244548455,2.3265016270052516,-0.2988396518740051,1,0,0,0
-0.06916577533742754,1.6407011649744314,2.850745720013013,0.7563388391141161,1,0,0,0
-0.6625885942314331,-0.014747286622980312,-0.4574978258167848,-0.5385039415081728,0,1,0,0
2.007814090791592,-0.45620020704895675,-0.35217024548645826,1.6800297791023369,0,0,1,0
-0.40645310402504614,-0.12511051672947443,0.49523801444389487,-0.14440551995168444,0,0,0,1
-0.9345740528911858,-0.23547374683596853,0.13616671786323667,-0.7479370213556599,0,0,0,1
0.13815181203259363,0.5370688639094903,0.8040393295032611,0.1874093248153775,0,0,0,1
0.8184324580510424,-0.45620020704895675,0.4306051810593765,0.2511498273776561,0,1,0,0
0.7188946561639068,-0.5665634371554509,-0.5676130234348533,0.4922710427846761,0,0,1,0
0.13307982212751676,-0.5665634371554509,-0.9123214681522852,0.06612025422544163,0,1,0,0
-0.44322503083685405,-0.5665634371554509,-0.23008600464903453,-0.5825759461369484,0,0,1,0
-0.6480066232543369,-0.676926667261945,-0.8931709990013168,-0.5512520420206286,0,0,1,0
0.46909915333886615,-0.5665634371554509,-0.7064539247793744,0.06429909700937662,0,0,1,0
0.8469624012671005,-0.45620020704895675,0.9644245086426217,0.8317347478592112,0,0,0,1
-0.11925167565006257,-0.3458369769424627,-0.12236461567483725,-0.41175139927004156,0,1,0,0
-0.6784385626847986,-0.12511051672947443,0.08829054498581573,-0.4219498796800062,0,1,0,0
3.9053723140285133,-0.676926667261945,-1.2474546782942328,3.878530770336131,0,0,1,0
-0.6505426182068753,-0.5665634371554509,-0.684909646984535,-0.4740349760594682,0,1,0,0
-0.9878299468944939,-0.45620020704895675,-0.19178506634709763,-1.0997845954994379,0,1,0,0
-0.7805123595244727,0.6474320940159843,0.5431141873213162,-0.925317734200401,0,0,0,1
-1.0835637563528218,-0.12511051672947443,0.7537693479819688,-0.8980003759594244,0,0,0,1
-0.711406497067799,-0.45620020704895675,-0.7926310359587325,-0.9275031228596792,0,0,1,0
-0.8965341286031084,3.185786386465349,2.4222539727600934,-0.9835947651144844,1,0,0,0
0.2174016542994213,-0.5665634371554509,0.8926102493264899,0.2103559057377979,0,0,0,1
-0.10403570593483176,-0.12511051672947443,0.16489242158968956,-0.09523427511792658,0,0,0,1
-0.036197840954427254,-0.5665634371554509,0.3635785390309871,-0.07119499986586708,0,0,0,1
0.7734185476434842,-0.23547374683596853,0.02126390295742594,0.9253422287649579,0,1,0,0
0.36385536280851877,-0.3458369769424627,-1.029618091701967,-0.1269224106774593,0,0,1,0
0.5667349590115978,-0.3458369769424627,-0.44313497395355855,0.5738588860643926,0,0,1,0
-0.5357888466045089,-0.3458369769424627,0.20319335989162604,0.0045651403224411915,0,1,0,0
-0.3658771847844303,-0.45620020704895675,-0.32823215904774783,-0.8022075063944,0,0,1,0
-0.9681759860123206,0.20597917359000792,0.3659723476748581,-0.5774767059319661,0,0,0,1
-0.13953963527037047,-0.5665634371554509,-0.4144092702271059,-0.260595350336638,0,0,1,0
1.0105340757058328,-0.014747286622980312,0.05477722397162084,1.1067294874850424,0,0,0,1
0.6738807457563486,-0.45620020704895675,-0.6226706222438876,0.039167127427678014,0,0,1,0
-0.3785571595471227,2.8546966961458664,2.719086244600105,0.19214433357714686,1,0,0,0
0.24910159120615236,-0.676926667261945,-0.05773178229031888,0.599719318532517,0,1,0,0
0.7049466839249452,-0.676926667261945,-0.44313497395355855,0.24459366139982178,0,0,1,0
-1.1754935733823417,2.523607005826384,1.8501337068749122,-0.6954876935329849,1,0,0,0
0.557858976677713,1.6407011649744314,2.331289244292994,1.2819248116705049,1,0,0,0
-0.9954379317521094,-0.676926667261945,-1.2474546782942328,-1.1081619186933376,0,0,1,0
-0.48253295260120066,-0.5665634371554509,-0.5747944493664665,-0.3891690497908344,0,0,1,0
-0.4939449298876238,4.068692227317301,1.718474231462004,-0.3323489446496031,1,0,0,0
-1.0220658787537633,-0.3458369769424627,-0.1032141465238688,-1.273158762468836,0,1,0,0
-0.35383120875987245,-0.014747286622980312,2.4581611024181598,0.4904498855686108,1,0,0,0
-0.5731947721544515,-0.5665634371554509,-0.8117815051097009,-0.9132980965743713,0,0,1,0
-0.781780357000742,2.9650599262523607,1.9554612872052382,-0.43615490596531403,1,0,0,0
1.4511631987093943,-0.676926667261945,-1.0631314127161617,0.3400222995216334,0,0,1,0
1.1214838548793915,-0.23547374683596853,-0.22290457871742153,0.6773006159368906,0,1,0,0
-0.9428160364869358,-0.45620020704895675,-0.591551109873564,-1.0353156300507333,0,0,1,0
-0.43181305355043087,-0.12511051672947443,-0.6466087086825981,-0.5978736667518953,0,1,0,0
-0.029223854834946456,-0.3458369769424627,-0.8069938878219587,0.043902136189447376,0,0,1,0
-1.1393556453086684,-0.45620020704895675,-0.6274582395316296,-1.359481614510322,0,0,1,0
-0.3107192945667182,-0.5665634371554509,-0.5795820666542087,-0.11453854160821673,0,0,1,0
0.2522715848968255,-0.014747286622980312,-0.060125590934189885,0.1626415866768921,0,0,0,1
-0.30754930087604526,-0.676926667261945,0.6173222552813186,0.389193544355391,0,0,0,1
1.0561819848515255,-0.014747286622980312,0.1457419524387211,1.1803042390140723,0,1,0,0
-0.07804175767131227,-0.3458369769424627,-0.0673070168658029,-0.47476343894589423,0,1,0,0
-0.13636964157969733,-0.3458369769424627,-0.5843696839419508,0.20671359130566763,0,1,0,0
0.9445982069398322,-0.23547374683596853,0.14095433515097866,1.045902836468468,0,1,0,0
0.5540549842489052,-0.5665634371554509,-0.7088477334232455,0.5898850695657657,0,0,1,0
-0.5009189160071046,-0.676926667261945,0.3276714093729212,-0.7982009605190568,0,0,0,1
0.6827567280902334,-0.3458369769424627,-1.1923970794851986,0.613195881931399,0,0,1,0
-0.11671568069752414,-0.5665634371554509,-1.1756404189781011,-0.5097296574943443,0,0,1,0
1.187419723645392,-0.5665634371554509,-0.8261443569729272,1.2480512874516942,0,0,1,0
0.5527869867726362,-0.3458369769424627,0.05717103261549184,-0.1425843627356192,0,1,0,0
-0.5002849172689701,-0.676926667261945,-0.35456405413032926,-0.2922834858961707,0,0,0,1
0.11469385872161257,-0.5665634371554509,-0.4215906961587191,0.17138314131400467,0,0,1,0
-0.9250640718191664,-0.3458369769424627,-0.5125554246258192,-0.9402512233721348,0,0,1,0
-0.9504240213445513,2.6339702359328783,2.7310552878194603,-0.5064515745054271,1,0,0,0
0.346737396878884,2.302880545613396,1.6035714165561934,1.4461931925595775,1,0,0,0
-0.9948039330139747,-0.676926667261945,-0.1774222144838716,-0.6423099028238838,0,0,0,1
-0.2853593450413334,-0.3458369769424627,-0.9649852583174484,-0.32324315856927754,0,0,1,0
-0.5522728137960091,1.9717908552939136,2.2810192627717014,-0.3134089096025261,1,0,0,0
-0.9643719935835129,-0.3458369769424627,-0.5628254061471113,-0.7996578862919088,0,1,0,0
-0.8147482913837423,3.406512846678337,1.6969299536671647,-0.4110229363836157,1,0,0,0
-0.7798783607863381,-0.676926667261945,-0.7399672457935693,-0.8470079739096016,0,0,1,0
-0.8825861563641467,3.0754231563588545,0.890216440682619,-0.4973457884251015,1,0,0,0
-0.10847369710177412,-0.12511051672947443,0.8495216937368111,0.04572329340551238,0,0,0,1
1.5684529652642993,-0.45620020704895675,-0.9242905113716404,0.7570673020005421,0,0,1,0
0.7918045110493882,-0.45620020704895675,-0.9266843200155115,0.0759545031921933,0,0,1,0
0.23895761139599841,3.627239306891325,3.0757637325368914,0.7162733803606839,1,0,0,0
-0.0723357690281007,-0.5665634371554509,-0.1798160231277426,0.24422942995660882,0,1,0,0
-0.6201106787764135,-0.5665634371554509,-0.6896972642722772,-0.8746895635937911,0,0,1,0
2.837084440271677,-0.45620020704895675,0.01647628566968393,1.456391672969542,0,1,0,0
-1.0087519052529363,0.9785217843354668,0.7178622183239028,-0.8284321703057375,1,0,0,0
0.3822413262144229,-0.5665634371554509,0.3731537736064711,0.6226658994549374,0,1,0,0
-1.3092673071287468,-0.676926667261945,-0.6561839432580823,-1.329978867610067,0,0,1,0
-0.8014343178829153,-0.5665634371554509,-0.12236461567483725,-0.768333982175589,0,0,1,0
0.35180938678396106,-0.3458369769424627,-1.3240565548981065,0.24167980985411766,0,0,1,0
-0.0672637791230236,-0.3458369769424627,-1.3623574932000435,-0.34618973949169796,0,0,1,0
-0.8008003191447806,-0.5665634371554509,-1.0655252213600326,-0.6747265012698427,0,0,1,0
-0.7412044377601261,0.09561594348351381,0.8806412061071345,-0.6914811476576417,0,0,0,1
-0.8971681273412431,-0.676926667261945,-0.33062596769161884,-0.7635989734138199,0,1,0,0
-1.1957815330026498,-0.014747286622980312,-0.04097512178322143,-0.7045934796133104,0,1,0,0
0.1235698410554973,-0.5665634371554509,0.17686146480904458,0.10654994442208691,0,1,0,0
-0.6714645765653179,-0.3458369769424627,-0.462285443104527,-0.715156191466488,0,0,1,0
0.27509553946967186,-0.5665634371554509,0.27979523649549987,0.5731304231779667,0,1,0,0
0.37970533126188427,0.316342403696502,0.4760875452929264,-0.058446899353411554,0,0,0,1
0.8330144290281385,-0.23547374683596853,0.27261381056388684,0.6019047071917952,0,1,0,0
2.1929417223269017,3.185786386465349,2.3193202010736385,3.632310314724129,1,0,0,0
-0.40835510023945004,2.6339702359328783,2.0703641021110486,-0.30940236372718294,1,0,0,0
-0.2352734447286984,-0.3458369769424627,-0.33541358497936125,-0.6765476584859078,0,0,1,0
0.19013970855963258,3.0754231563588545,1.59638999062458,0.809516629823217,1,0,0,0
-0.08057775262385071,-0.45620020704895675,-0.7399672457935693,-0.12546548490460724,0,0,1,0
0.7575685791901187,-0.3458369769424627,0.7944640949277767,0.6325001484216889,0,1,0,0
0.4697331520770006,-0.3458369769424627,-0.9338657459471247,0.63504976852418,0,0,1,0
-1.1653495935721878,-0.45620020704895675,-0.9386533632348669,-0.9016426903915546,0,0,1,0
-0.6302546585865674,3.7376025369978194,1.7567751697639409,-0.4671145786384209,1,0,0,0
0.7835625274536384,-0.5665634371554509,-0.6968786902038903,0.9140510540253541,0,1,0,0
0.27572953820780655,-0.676926667261945,-0.13193985025032126,0.11674842483205154,0,1,0,0
0.9832721299660441,-0.676926667261945,-0.11997080703096626,0.5658457943137062,0,0,1,0
0.4272552366219809,-0.45620020704895675,-0.639427282750985,-0.15132591737273177,0,0,1,0
-1.1038517159731296,-0.3458369769424627,-0.5987325358051769,-1.1566047006406692,0,1,0,0
0.2186696517756905,4.068692227317301,1.9626427131368516,0.6645525154244348,1,0,0,0
-0.8724421765539928,-0.3458369769424627,-0.8620514866309931,-0.6528726146770614,0,0,1,0
-0.7583224036897609,-0.676926667261945,-0.5101616159819481,-0.9784955249095021,0,0,1,0
1.4556011898763366,-0.5665634371554509,-0.8524762520555089,1.434173554933548,0,0,1,0
2.282969543142018,-0.676926667261945,-0.6322458568193718,0.9668646132912423,0,0,1,0
0.051927983646285154,0.7577953241224785,3.267268424046576,0.7956758349811224,1,0,0,0
-1.0036799153478595,-0.5665634371554509,-0.6968786902038903,-0.9362446774967916,0,0,1,0
0.8907083141983893,-0.676926667261945,-0.4383473566658163,0.11456303617277333,0,0,1,0
0.30933147132894134,-0.3458369769424627,-1.1995785054168118,0.38409430415040896,0,0,1,0
0.07918992938607385,-0.676926667261945,-0.2181169614296795,0.35167770570445006,0,1,0,0
0.968056160250813,-0.3458369769424627,0.19601193396001304,1.2903021348644046,0,0,0,1
0.03798001140732355,-0.5665634371554509,-0.6896972642722772,-0.0016267942121802243,0,0,1,0
-1.362523201132055,-0.5665634371554509,-0.6274582395316296,-1.0932284295216035,0,0,1,0
-0.38236115197593057,-0.676926667261945,-0.13433365889419227,-0.3851625039154912,0,1,0,0
-0.5852407481790094,-0.3458369769424627,-0.3665330973496847,-0.7195269687850443,0,0,1,0
-0.9383780453199935,-0.3458369769424627,0.4760875452929264,-0.7825390084608969,0,1,0,0
-0.3646091873081611,0.316342403696502,0.27740142785162886,-0.12255163335890315,0,0,0,1
0.2376896139197292,-0.676926667261945,0.14095433515097866,0.7057106685075063,0,0,0,1
-1.004313914085994,0.316342403696502,1.4958500275819957,-0.7344604579567782,0,0,0,1
-0.2840913475650642,-0.23547374683596853,-0.2899312207458109,-0.23145683487959645,0,1,0,0
0.5483489956056938,-0.3458369769424627,-0.27317456023871345,0.21181283151064995,0,1,0,0
0.33342342337805714,-0.45620020704895675,-0.6513963259703404,0.14770809750515837,0,0,1,0
-0.4311790548122964,-0.676926667261945,-0.02182465263225298,-0.1815571271594124,0,0,0,1
1.7992285059453015,-0.014747286622980312,-0.09363891194838436,1.4574843672991813,0,1,0,0
-0.8527882156718195,-0.3458369769424627,-0.6729406037651797,-0.7526720301174292,0,0,1,0
-0.06092379174167752,1.9717908552939136,2.1661164478658907,0.8200793416763948,1,0,0,0
-1.1558396125001686,-0.45620020704895675,-0.09124510330451335,-1.014918669230804,0,1,0,0
-1.1843695557162266,-0.3458369769424627,-0.1869974490593556,-1.119817324876154,0,0,1,0
-1.2503054244822271,2.7443334660393726,2.4701301456375155,-0.871775712048087,1,0,0,0
-0.5693907797256438,-0.3458369769424627,0.3444280698800187,-0.6849249816798073,0,0,0,1
0.6745147444944831,-0.5665634371554509,-1.1469147152516486,0.29595029489285785,0,0,1,0
-0.38679914314287295,0.09561594348351381,2.9991618559330178,0.05045830216728174,1,0,0,0
-0.7291584617355684,-0.3458369769424627,-0.2899312207458109,-0.8047571264968911,0,0,1,0
-0.44766302200379643,-0.3458369769424627,0.00929485973807092,-0.6193633219014636,0,1,0,0
-0.5212068756274125,-0.45620020704895675,-0.007461800769026531,-0.7228050517739615,0,0,1,0
-0.9529600162970897,-0.3458369769424627,0.6412603417200291,-0.9431650749178391,0,0,0,1
-0.7925583355490305,-0.45620020704895675,-0.10800176381161081,-0.5457885703724333,0,1,0,0
-0.781780357000742,-0.3458369769424627,-0.47904210361162425,-0.6882030646687245,0,0,1,0
-0.2783853589218526,-0.3458369769424627,-0.3210507331161348,-0.13165741943922868,0,1,0,0
0.5267930385091164,0.7577953241224785,0.0428081807522654,1.0298766529670944,0,0,0,1
0.7277706384977916,-0.23547374683596853,0.7082869837484188,1.332917213720328,0,0,0,1
-0.6955565286144335,0.316342403696502,1.8261956204362013,-0.558172439441676,1,0,0,0
0.8520343911721774,-0.5665634371554509,-0.3449888195548453,1.0131220065792959,0,1,0,0
-1.1101917033544757,-0.676926667261945,-0.7926310359587325,-0.732639300740713,0,1,0,0
0.8678843596255429,-0.5665634371554509,0.21276859446711047,0.6325001484216889,0,1,0,0
-0.5776327633213939,-0.014747286622980312,0.011688668381941924,-0.609529072934712,0,0,0,1
-0.5681227822493745,-0.3458369769424627,-1.3623574932000435,-0.889987284208738,0,0,1,0
-0.3747531671183151,-0.3458369769424627,-0.21572315278580853,-0.5148288976993265,0,0,1,0
0.20852567196553656,-0.3458369769424627,-0.18460364041548463,0.5039264489674927,0,1,0,0
-0.41215909266825773,-0.5665634371554509,0.4521494588542159,0.012942463516340557,0,0,0,1
-0.5529068125341435,-0.676926667261945,-0.15827174533290317,-0.7126065713639969,0,1,0,0
-0.5116968945553932,-0.676926667261945,-0.3904711837883952,-0.6641637894166651,0,0,1,0
-0.3956751254767574,-0.014747286622980312,0.7777074344206792,-0.18665636736439473,0,0,0,1
0.5464469993912898,0.316342403696502,0.2558571500567894,1.3580491833020265,0,0,0,1
-0.12622566176954336,-0.676926667261945,-0.20375410956645307,-0.4955246312090364,0,1,0,0
-0.6163066863476059,-0.676926667261945,-0.5364935110645296,-0.4143010193725327,0,0,1,0
-0.47555896648171986,-0.676926667261945,-0.7519362890129246,-0.2995681147604312,0,0,1,0
-0.23337144851429448,-0.676926667261945,-1.12776424610068,-0.3753282549487395,0,0,1,0
0.13371382086565126,-0.676926667261945,-0.4910111468309797,0.11492726761598654,0,0,1,0
2.9169682812766387,-0.5665634371554509,-0.7591177149445378,2.99344836332849,0,0,1,0
-0.043171827073908056,-0.676926667261945,-0.9171090854400272,-0.018017209156766266,0,0,1,0
-0.5586128011773551,-0.45620020704895675,-0.596338727161306,-0.48241229925336765,0,0,1,0
0.36575735902292267,-0.3458369769424627,0.20558716853549747,-0.19175560756937704,0,1,0,0
-0.3227652705912761,-0.5665634371554509,-0.05294416500257645,-0.7246262089900266,0,1,0,0
-0.5598807986536244,-0.3458369769424627,-0.8405072088361536,-0.8783318780259214,0,1,0,0
-0.5567108049629514,-0.5665634371554509,-0.7064539247793744,-0.8604845373084833,0,0,1,0
1.662918777246358,-0.014747286622980312,1.1990177557419848,2.217635389284756,0,0,0,1
-0.8794161626734736,0.09561594348351381,0.6005655947742211,-0.7246262089900266,0,0,0,1
0.2731935432552679,-0.3458369769424627,-0.7471486717251824,-0.29082656012331864,0,0,1,0
-0.14904961634238992,-0.23547374683596853,-0.0984265292361268,-0.42959873998747966,0,1,0,0
0.13878581077072835,-0.3458369769424627,-0.7830558013832483,0.3050560809731834,0,0,1,0
-0.09832971729162017,-0.3458369769424627,-0.6992724988477614,-0.15351130603200996,0,0,1,0
0.42218324671690405,-0.12511051672947443,0.23910048954969193,0.10217916710353075,0,1,0,0
1.6331208365540308,-0.12511051672947443,0.2534633414129184,1.2156346890057355,0,0,0,1
-0.18962553558300552,-0.45620020704895675,-0.9290781286593827,-0.10397582975503916,0,0,1,0
-0.23210345103802524,-0.45620020704895675,-0.18460364041548463,0.03880289598446506,0,1,0,0
-0.5313508554375664,-0.5665634371554509,-1.0176490484826115,-0.573834391499836,0,0,1,0
1.0156060656109096,-0.45620020704895675,0.5933841688426081,0.7297499437595655,0,1,0,0
1.105633886426026,-0.5665634371554509,0.25106953276904737,1.4312597033878438,0,1,0,0
-0.06282578795608124,-0.12511051672947443,2.1158464663445993,0.21873322893169728,1,0,0,0
2.4021613059113265,-0.5665634371554509,-0.7950248446026035,1.348214934335275,0,0,1,0
0.5445450031768859,-0.45620020704895675,0.4760875452929264,0.7523322932387729,0,1,0,0
-0.930770060462378,0.6474320940159843,0.9955440210129453,-0.6219129420039547,0,0,0,1
-0.9998759229190517,-0.676926667261945,-0.23008600464903453,-0.7963798033029916,0,1,0,0
2.2252756579717667,-0.014747286622980312,-0.5317058937767876,1.5572837827395487,0,1,0,0
-1.3029273197474007,-0.3458369769424627,-0.6130953876684034,-1.0586264424163667,0,1,0,0
2.6855587418575024,1.4199747047614433,2.8244138249304305,2.638686937639007,1,0,0,0
0.03164002402597725,-0.014747286622980312,-0.10082033787999779,-0.04861265038665988,0,0,0,1
-0.9130180957946086,-0.676926667261945,0.43539279834711847,-0.7031365538404584,0,0,0,1
-0.44322503083685405,-0.23547374683596853,-0.6609715605458245,-0.34728243382133706,0,1,0,0
-1.3549152162744398,-0.45620020704895675,-0.7399672457935693,-1.2480267928871374,0,0,1,0
0.24529759877734472,-0.676926667261945,-0.9410471718787379,0.21472668305635406,0,0,1,0
0.5515189892963668,-0.3458369769424627,-0.27078075159484244,0.033703655779482755,0,1,0,0
0.23388562149092154,-0.12511051672947443,-0.014643226700639542,0.5010125974217884,0,0,0,1
3.1287238598136025,-0.5665634371554509,-0.9027462335768011,1.96012375893315,0,0,1,0
-1.118433686950226,-0.3458369769424627,-0.948228597810351,-1.0324017785050292,0,0,1,0
-0.2517574119201984,-0.45620020704895675,-0.9578038323858351,-0.3920829013365385,0,0,1,0
3.0875139418348523,-0.5665634371554509,-0.4287721220903321,3.3587725008711495,0,0,1,0
0.1559037767003631,0.6474320940159843,0.01647628566968393,0.5163103180367353,0,0,0,1
0.9465002031542361,-0.45620020704895675,-0.639427282750985,0.7610738478758853,0,0,1,0
0.09060190667249701,-0.45620020704895675,-0.5628254061471113,-0.04861265038665988,0,0,1,0
1.1493797993573147,-0.45620020704895675,-0.33062596769161884,1.0426247534795505,0,1,0,0
-0.8724421765539928,-0.5665634371554509,-0.9841357274684168,-0.6732695754969906,0,0,1,0
0.3999932908821922,-0.676926667261945,0.3444280698800187,-0.1913913761261641,0,1,0,0
0.8678843596255429,0.42670563380299614,-0.04815654771483444,1.610825804891863,0,0,0,1
0.5705389514404057,-0.45620020704895675,-0.45031639988517175,0.07923258618111036,0,0,1,0
0.0893339091962278,-0.676926667261945,-0.9530162150980932,0.2081705170785197,0,0,1,0
-0.08501574379079307,-0.676926667261945,-0.5173430419135612,-0.20231831942255463,0,0,1,0
-0.48189895386306614,-0.676926667261945,-1.070312838647775,-0.6379391255053275,0,0,1,0
-1.0176278875868212,3.7376025369978194,0.8136145640787451,-0.5541658935663328,1,0,0,0
-0.04887781571711964,-0.676926667261945,-0.9937109620439011,0.0956230011256964,0,0,1,0
-0.2422474308481792,-0.45620020704895675,-0.30908168989677937,-0.4849619193558588,0,1,0,0
0.3137694624958837,-0.45620020704895675,0.13856052650710768,0.5294226499924041,0,1,0,0
-0.5097948983409893,-0.5665634371554509,0.45933088478582895,-0.539960867281025,0,0,0,1
-0.7564204074753571,-0.5665634371554509,-1.2833618079522986,-0.9326023630646614,0,0,1,0
-0.2346394459905637,-0.3458369769424627,-0.4120154615832349,-0.5483381904749245,0,1,0,0
-0.9060441096751277,0.09561594348351381,0.45933088478582895,-0.7027723223972453,0,0,0,1
0.9116302725568316,0.09561594348351381,0.5024194403755079,0.5501838422555463,0,0,0,1
0.5299630321997898,-0.3458369769424627,-0.9434409805226089,0.36296888044405357,0,0,1,0
0.25290558363496,-0.676926667261945,-0.3713207146374267,0.08870260370464883,0,0,1,0
1.3427494144883745,-0.014747286622980312,0.6149284466374476,1.6039054074708154,0,0,0,1
0.06460795840897754,-0.676926667261945,-0.9889233447561591,-0.14039897407634125,0,0,1,0
0.559126974153982,-0.45620020704895675,-0.29950645532129533,-0.1498689915998797,0,0,1,0
0.7949745047400616,-0.3458369769424627,-0.7040601161355035,0.10654994442208691,0,0,1,0
-0.625816667419625,-0.45620020704895675,-0.09124510330451335,-0.49698155698188856,0,1,0,0
-0.7988983229303768,-0.5665634371554509,-0.6346396654632429,-0.733003532183926,0,1,0,0
0.7937065072637921,-0.5665634371554509,-0.4024402270077506,0.16737659543866146,0,1,0,0
-0.26760738037356396,-0.5665634371554509,-0.6490025173264691,0.0016512887767370873,0,0,1,0
-0.9529600162970897,3.406512846678337,1.998549842794917,-0.8484648996824536,1,0,0,0
-1.0068499090385326,-0.3458369769424627,-0.014643226700639542,-1.1107115387958286,0,1,0,0
0.3911173085483077,1.0888850144419608,0.5407203786774448,1.1697415271608946,1,0,0,0
1.3471874056553168,0.42670563380299614,0.33006521801679223,1.4247035374100092,0,0,0,1
-0.5827047532264709,0.09561594348351381,0.13856052650710768,-0.002719488541819328,0,0,0,1
-0.7101384995915297,-0.014747286622980312,0.7657383912013243,-0.6506872260177833,0,0,0,1
1.243211612601239,0.09561594348351381,0.11941005735613922,1.3850023100997897,0,0,0,1
-0.3519292125454687,-0.676926667261945,-0.8285381656167982,-0.30211773486292237,0,0,1,0
-0.4711209753147775,-0.014747286622980312,-0.07448844279741591,-0.39353982710939056,0,1,0,0
-0.19279552927367866,-0.3458369769424627,0.3348528353045342,0.15098618049407542,0,1,0,0
-0.24668542201512156,-0.676926667261945,-1.0439809435651932,-0.366222468868414,0,0,1,0
0.030372026549708032,-0.5665634371554509,-0.30429407260903735,0.11820535060490359,0,0,1,0
1.515831069999126,3.8479657671043137,2.271444028196217,2.4780608711820653,1,0,0,0
-1.0106539014673404,-0.45620020704895675,0.13377290921936566,-0.7992936548486957,0,1,0,0
0.949670196844909,-0.3458369769424627,-0.99131715340003,0.34147922529448543,0,0,1,0
0.6504227924453678,-0.5665634371554509,-1.0631314127161617,0.9468318839145262,0,0,1,0
0.24529759877734472,-0.676926667261945,-0.9578038323858351,0.5527334623580374,0,0,1,0
-0.635960647229779,-0.676926667261945,-0.9506224064542221,-0.5224777580068,0,0,1,0
0.08362792055301622,-0.5665634371554509,-0.27317456023871345,-0.10798237563038236,0,1,0,0
-0.004497904047696186,-0.5665634371554509,-0.5628254061471113,-0.41721487091823684,0,0,1,0
1.9862581336950151,-0.014747286622980312,-0.6418210913948561,1.0943456184157996,0,1,0,0
0.055731976075092796,-0.676926667261945,-1.0751004559355168,-0.7829032399041098,0,0,1,0
-1.448113030780229,-0.23547374683596853,2.0033374600826592,-1.1252807965243494,1,0,0,0
-0.1744095658677747,-0.5665634371554509,-0.33062596769161884,-0.4554591724556042,0,0,1,0
0.5540549842489052,-0.676926667261945,-1.0152552398387404,0.07413334597612804,0,0,1,0
-0.8464482282904733,-0.45620020704895675,-0.8261443569729272,-0.7013153966243932,0,1,0,0
-0.3031113097091029,-0.3458369769424627,-0.18460364041548463,-0.02639453235066563,0,0,1,0
-0.05775379805100437,-0.5665634371554509,-0.7902372273148615,-0.10579698697110415,0,1,0,0
-0.25492740561087157,3.627239306891325,2.3887406517458993,0.35386309436372804,1,0,0,0
0.23261762401465233,-0.3458369769424627,-1.3623574932000435,0.30469184952997014,0,0,1,0
-1.448113030780229,-0.676926667261945,0.09307816227355775,-1.2786222341170312,0,0,0,1
-0.42357106995468086,-0.014747286622980312,0.0428081807522654,-0.36185169154985786,0,1,0,0
-0.9738819746555322,-0.3458369769424627,-0.8907771903574457,-1.136936202707166,0,0,1,0
-0.6017247153705095,-0.3458369769424627,-0.9721666842490616,-0.6503229945745702,0,0,1,0
-0.7405704390219916,-0.014747286622980312,0.09307816227355775,-0.7628705105273936,0,0,0,1
0.22691163537144074,1.7510643950809255,1.4527614719923168,0.934812246288496,1,0,0,0
0.19964968963165183,-0.3458369769424627,-0.7591177149445378,0.6099177989424817,0,0,1,0
-1.448113030780229,1.309611474654949,3.475529776063358,-1.2491194872167766,1,0,0,0
-0.2752153652311795,-0.5665634371554509,-0.7758743754516351,-0.41357255648610686,0,0,1,0
-0.5224748731036817,0.20597917359000792,0.0787153104103313,-0.39390405855260374,0,0,0,1
-0.8711741790777235,-0.5665634371554509,-0.05294416500257645,-0.6656207151895172,0,1,0,0
1.1912237160741999,-0.5665634371554509,-0.4239845048025901,0.528329955662765,0,0,0,1
-0.32720326175821846,-0.12511051672947443,-0.4215906961587191,-0.4572803296716693,0,1,0,0
0.29538349908997974,-0.5665634371554509,-0.5843696839419508,0.025326332585583387,0,0,1,0
-0.6397646396585868,-0.45620020704895675,-1.1852156535535854,-0.8590276115356312,0,0,1,0
0.13878581077072835,-0.676926667261945,-1.0535561781406775,-0.46201533843343856,0,0,1,0
0.06587595588524675,-0.014747286622980312,-0.17263459719612917,-0.11599546738106878,0,1,0,0
-0.8312322585752424,-0.676926667261945,0.37794139089421314,-0.7067788682725885,0,1,0,0
0.9813701337516401,-0.23547374683596853,-0.3880773751445242,0.4500201953719655,0,1,0,0
-0.180749553249121,3.8479657671043137,1.2732258237019876,0.5199526324688656,1,0,0,0
0.48494912179223165,0.7577953241224785,0.4760875452929264,0.9267991545378097,0,0,0,1
-0.8027023153591845,-0.12511051672947443,-0.12715223296257927,-0.9438935378042651,0,1,0,0
1.0435020100888328,-0.45620020704895675,-0.5005863814064639,0.859416337543401,0,0,1,0
-0.9415480390106665,-0.45620020704895675,0.08350292769807331,-1.0666395341670531,0,1,0,0
2.2994535103335174,-0.12511051672947443,-0.3904711837883952,1.2688124797148361,0,1,0,0
-0.7830483544770112,-0.45620020704895675,-0.45271020852904276,-0.7104211827047188,0,0,1,0
-0.17884755703471705,2.8546966961458664,1.9099789229716886,0.040624053200530065,1,0,0,0
-0.5433968314621244,0.42670563380299614,-0.3785021405690402,-0.5341331641896166,0,0,0,1
-0.3772891620708535,-0.3458369769424627,-0.26838694295097143,-0.44234684049993545,0,1,0,0
-0.42357106995468086,-0.676926667261945,-0.9338657459471247,-0.3818844209265739,0,0,1,0
-0.8939981336505699,0.5370688639094903,0.5024194403755079,-0.819690615668625,0,0,0,1
-0.6961905273525681,-0.12511051672947443,0.16010480430194712,-0.6823753615773162,0,1,0,0
-0.5332528516519704,-0.12511051672947443,0.629291298500674,-0.28572731991833633,0,1,0,0
1.1588897804293339,3.5168760767848313,2.439010633267191,2.3950161021294964,1,0,0,0
-0.020981871239196214,-0.014747286622980312,0.8016455208593897,-0.009639885962866641,0,1,0,0
5.285587566947584,-0.45620020704895675,-0.7208167766426009,5.3838993251355465,0,1,0,0
-0.5947507292510286,-0.5665634371554509,-0.7040601161355035,-0.8291606331921635,0,0,1,0
2.1041818989880543,-0.676926667261945,0.014082477025812928,2.2974020753484075,0,1,0,0
-0.050779811931523575,2.302880545613396,1.8214080031484594,0.4773375536129421,1,0,0,0
-1.181833560763688,-0.5665634371554509,-1.0128614311948696,-1.1755447356877462,0,0,1,0
-0.590946736822221,0.09561594348351381,0.8399464591613266,-0.39390405855260374,0,0,0,1
-0.7836823532151458,0.09561594348351381,0.9021854839019744,-0.4937034739929714,0,0,0,1
-0.36968117721323795,-0.676926667261945,-0.9242905113716404,-0.6823753615773162,0,0,1,0
-1.1824675595018226,0.09561594348351381,0.6101408293497056,-0.9198542625522057,0,0,0,1
0.009450068191265412,-0.676926667261945,-0.8213567396851852,-0.14513398283811035,0,0,1,0
-1.0265038699207056,-0.45620020704895675,-0.5891573012296928,-0.9038280790508327,0,0,1,0
-0.6067967052755865,-0.3458369769424627,-1.1134013942374539,-0.7803536198016187,0,0,1,0
-1.262351400506785,-0.676926667261945,-0.6490025173264691,-1.1300158052861187,0,0,1,0
1.184249729954719,-0.3458369769424627,0.2271314463303369,0.7665373195240808,0,0,0,1
2.490287130512039,1.4199747047614433,1.795076108065878,3.1679152246275275,1,0,0,0
0.020228046739554084,0.42670563380299614,-0.5628254061471113,-0.2616880446662771,0,0,0,1
1.0593519785421983,-0.3458369769424627,-0.16066555397677415,0.5560115453469547,0,0,1,0
-0.5554428074866823,-0.3458369769424627,-0.4311659307342033,-0.3986390673143729,0,0,1,0
-0.007033899000234618,-0.3458369769424627,-0.6298520481755009,-0.3032104291925615,0,1,0,0
-1.0442558345884752,-0.676926667261945,1.158323008796177,-1.1311084996157577,0,0,0,1
-0.46351299045716193,-0.676926667261945,-0.905140042220672,-0.889987284208738,0,0,1,0
0.27446154073153733,-0.23547374683596853,-0.684909646984535,0.7122668344853407,0,0,0,1
-0.81855228381255,-0.676926667261945,0.2630385759884024,-0.9555489439870818,0,1,0,0
-0.7044325109483182,-0.45620020704895675,-0.8213567396851852,-0.6536010775634874,0,0,1,0
1.1981977021936807,-0.3458369769424627,-0.25641789973161644,0.3028706923139052,0,0,1,0
0.9078262801280238,2.0821540854004077,2.5706701086800994,1.107093718928255,1,0,0,0
-0.6980925235669719,0.5370688639094903,0.5957779774864791,-0.7570428074359853,0,0,0,1
2.390749328624903,-0.3458369769424627,-0.1774222144838716,1.1799400075708593,0,0,1,0
-0.23780943968123683,-0.5665634371554509,-0.7136353507109877,-0.6867461388958723,0,0,1,0
-0.155389603723736,-0.5665634371554509,-0.11039557245548182,-0.15606092613450112,0,1,0,0
2.2442956201158064,-0.3458369769424627,-0.8046000791780877,1.6680101414763073,0,0,1,0
-1.176761570858611,-0.45620020704895675,-1.0128614311948696,-1.431235208823287,0,0,1,0
-0.3861651444047382,-0.45620020704895675,-0.680122029696793,-0.503537722959723,0,0,1,0
1.3605013791561436,0.316342403696502,1.0338449593148822,1.5598334028420402,0,0,0,1
-0.05268180814592728,-0.676926667261945,-0.20614791821032408,0.05191522794013379,0,1,0,0
-0.2422474308481792,-0.45620020704895675,-0.6513963259703404,-0.36294438587949696,0,0,1,0
-0.17504356460590942,-0.5665634371554509,-0.6226706222438876,-0.3960894472118817,0,0,1,0
1.653408796174339,-0.12511051672947443,0.4234237551277635,1.4935432801772701,0,1,0,0
-0.426741063645354,-0.676926667261945,-0.9147152767961563,-0.6189990904582505,0,0,1,0
-0.033661846001888825,-0.5665634371554509,-0.3928649924322662,-0.4459891549320657,0,0,1,0
-0.42737506238348855,-0.676926667261945,0.4808751625806684,-0.36950055185733127,0,0,0,1
0.20281968332232497,-0.3458369769424627,-0.38089594921291114,-0.07155923130908028,0,0,1,0
0.43803321517026955,-0.45620020704895675,-0.505373998694206,0.10108647277389166,0,0,1,0
-0.7424724352363954,-0.45620020704895675,0.5742336996916396,-0.2733434508490938,0,1,0,0
-0.09896371602975466,3.8479657671043137,1.8788594106013643,0.880177529806543,1,0,0,0
-1.0531318169223598,-0.45620020704895675,-0.816569122397443,-0.9675685816131114,0,0,1,0
1.1455758069285067,-0.12511051672947443,0.5550832305406712,1.71900254352613,0,0,0,1
0.23642161644346,0.5370688639094903,0.7011055578168054,0.544720370607351,0,0,0,1
1.5836689349795303,-0.676926667261945,-0.7303920112180852,1.5846011409805254,0,0,1,0
0.3847773211669614,-0.3458369769424627,-0.7902372273148615,-0.06026805656947656,0,0,1,0
0.7937065072637921,-0.45620020704895675,-0.7088477334232455,0.17466122430292197,0,0,1,0
-0.6854125488042796,2.6339702359328783,2.235536898538152,-0.2999323462036442,1,0,0,0
-0.1420756302229089,-0.3458369769424627,-0.7471486717251824,-0.26533035909840735,0,0,1,0
0.6123828681572905,-0.676926667261945,0.09547197091742875,0.875806752487987,0,1,0,0
-0.9111160995802047,4.068692227317301,3.121246096770442,-0.6037013698433037,1,0,0,0
0.30933147132894134,0.20597917359000792,-0.35456405413032926,0.40849781084568115,0,0,0,1
-0.5218408743655473,-0.5665634371554509,-0.2133293441419371,-0.7235335146603875,0,0,1,0
-1.0537658156604943,-0.676926667261945,-0.5388873197084006,-0.8109490610315124,0,0,0,1
0.6878287179953102,-0.23547374683596853,-0.5245244678451744,-0.103247366868613,0,1,0,0
0.34737139561701874,-0.5665634371554509,-0.7591177149445378,0.05446484804262495,0,0,1,0
-0.4711209753147775,-0.23547374683596853,-0.19657268363484007,-0.20377524519540668,0,0,0,1
-0.7354984491169145,-0.676926667261945,-1.0870694991548722,-0.6707199553944995,0,0,1,0
-0.4470290232656619,0.20597917359000792,-0.4215906961587191,-0.22599336323140093,0,0,0,1
0.8932443091509277,0.316342403696502,2.211598812099441,1.1999727369475752,1,0,0,0
-0.8825861563641467,-0.5665634371554509,-0.9147152767961563,-0.8346241048403589,0,0,1,0
-0.9973399279665133,-0.45620020704895675,-0.7016663074916325,-0.769426676505228,0,0,1,0
0.6364748202064062,-0.676926667261945,-0.6681529864774376,0.24932867016159113,0,0,1,0
-1.1209696819027644,-0.45620020704895675,0.047595798040007825,-0.8797888037987733,0,0,0,1
-0.3164252832099298,-0.45620020704895675,-0.9242905113716404,-0.260595350336638,0,0,1,0
-0.48443494881560456,-0.676926667261945,-0.8883833817135746,-0.13712089108742392,0,0,1,0
-0.25936539677781395,0.5370688639094903,-0.033793695851608,-0.38625519824513027,0,0,0,1
-0.3379812403065069,-0.014747286622980312,-0.019430843988381973,0.10764263875172601,0,0,0,1
0.24149360634853684,-0.12511051672947443,-0.2899312207458109,0.024233638255944285,0,1,0,0
0.22627763663330602,0.316342403696502,1.464730515211672,0.829549359199933,1,0,0,0
1.284421530579989,-0.23547374683596853,-0.3449888195548453,0.35167770570445006,0,1,0,0
-1.032843857302052,-0.45620020704895675,-0.3689269059935557,-0.8229686986575422,0,0,1,0
-0.11734967943565887,1.5303379348679373,1.1846549038787588,0.5898850695657657,1,0,0,0
-0.8052383103117229,-0.014747286622980312,-0.3449888195548453,-0.7089642569318667,0,0,0,1
0.20408768079859418,-0.23547374683596853,-0.15109031940128972,0.2846591201532541,0,1,0,0
-0.14080763274663968,-0.45620020704895675,-0.8069938878219587,-0.4066521590650593,0,0,1,0
-0.8534222144099541,-0.3458369769424627,-0.7495424803690536,-0.8167767641229208,0,0,1,0
0.7575685791901187,0.316342403696502,0.6580170022271264,0.6703802185158433,0,0,0,1
-1.0886357462578988,2.41324377571989,0.859096928312295,-0.6485018373585052,1,0,0,0
0.2053556782748634,-0.45620020704895675,-0.7208167766426009,-0.4143010193725327,0,0,1,0
-1.2382594484576694,-0.014747286622980312,2.2403245158258938,-0.9686612759427505,1,0,0,0
-0.8382062446947233,-0.676926667261945,-1.1086137769497117,-1.0331302413914552,0,0,1,0
-0.3050133059235066,-0.45620020704895675,-0.6011263444490482,-0.6860176760094463,0,0,1,0
-0.957398007464032,-0.12511051672947443,-0.09363891194838436,-0.9041923104940458,0,1,0,0
-0.9009721197700508,-0.5665634371554509,-0.6466087086825981,-0.8531999084442229,0,0,0,1
0.8070204807646192,0.09561594348351381,0.38033519953808415,0.6394205458427364,0,0,0,1
-1.2401614446720732,-0.3458369769424627,-0.27317456023871345,-1.2829930114355874,0,0,1,0
-0.32720326175821846,0.42670563380299614,0.7322250701871293,-0.26533035909840735,0,0,0,1
-0.5769987645832593,-0.676926667261945,-0.8046000791780877,-0.5811190203640964,0,0,1,0
